=== iteration 24 start 2026-09-14T13:09:06-06:00 deselected=23 ===
============================= test session starts =============================
platform win32 -- Python 3.10.11, pytest-9.0.2, pluggy-1.6.0 -- I:\MyVoiceV2\python310\python.exe
cachedir: .pytest_cache
PyQt6 6.9.1 -- Qt runtime 6.9.2 -- Qt compiled 6.9.0
rootdir: I:\MyVoiceV2
configfile: pytest.ini
plugins: anyio-4.12.1, asyncio-1.3.0, cov-7.1.0, qt-4.5.0, timeout-2.4.0
asyncio: mode=strict, debug=False, asyncio_default_fixture_loop_scope=None, asyncio_default_test_loop_scope=function
timeout: 60.0s
timeout method: thread
timeout func_only: False
collecting ... collected 2970 items / 23 deselected / 2947 selected

tests/integration/test_clear_comms_d5_invariant.py::test_d5_invariant_holds_across_three_clear_comms_clicks[last_generation] PASSED [  0%]
tests/integration/test_clear_comms_d5_invariant.py::test_d5_invariant_holds_across_three_clear_comms_clicks[file] PASSED [  0%]
tests/integration/test_clear_comms_d5_invariant.py::test_d5_invariant_via_real_clear_comms_button_click PASSED [  0%]
tests/integration/test_clear_comms_dispatch.py::TestClearCommsLastGenerationDispatch::test_dispatches_saveable_audio_in_interrupt_mode PASSED [  0%]
tests/integration/test_clear_comms_dispatch.py::TestClearCommsLastGenerationDispatch::test_interrupt_mode_calls_stop_all_playback PASSED [  0%]
tests/integration/test_clear_comms_dispatch.py::TestClearCommsLastGenerationDispatch::test_queue_mode_skips_interrupt_helper PASSED [  0%]
tests/integration/test_clear_comms_dispatch.py::TestClearCommsLastGenerationDispatch::test_interrupt_mode_clear_comms_claims_freed_slot_not_pending PASSED [  0%]
tests/integration/test_clear_comms_dispatch.py::TestClearCommsLastGenerationDispatch::test_queue_mode_parks_behind_occupied_head PASSED [  0%]
tests/integration/test_clear_comms_dispatch.py::TestClearCommsFileSource::test_dispatches_loaded_file_audio PASSED [  0%]
tests/integration/test_clear_comms_dispatch.py::TestClearCommsFileSource::test_missing_file_surfaces_toast_and_does_not_dispatch PASSED [  0%]
tests/integration/test_clear_comms_dispatch.py::TestClearCommsFileSource::test_unconfigured_file_path_surfaces_toast PASSED [  0%]
tests/integration/test_clear_comms_dispatch.py::TestClearCommsFileSource::test_no_saveable_for_last_generation_surfaces_toast PASSED [  0%]
tests/integration/test_clear_comms_dispatch.py::TestClearCommsTestPlaybackShim::test_test_playback_uses_panel_file_path_not_persisted PASSED [  0%]
tests/integration/test_clear_comms_dispatch.py::TestClearCommsTestPlaybackShim::test_test_playback_never_calls_stop_all_playback PASSED [  0%]
tests/integration/test_clear_comms_dispatch.py::TestClearCommsTestPlaybackShim::test_test_playback_resolve_error_surfaces_toast PASSED [  0%]
tests/integration/test_clear_comms_dispatch.py::TestClearCommsDoesNotAdvanceSaveable::test_saveable_session_id_unchanged_after_clear_comms_interrupt PASSED [  0%]
tests/integration/test_clear_comms_dispatch.py::TestClearCommsDoesNotAdvanceSaveable::test_saveable_session_id_unchanged_after_clear_comms_queue PASSED [  0%]
tests/integration/test_clear_comms_dispatch.py::TestClearCommsDoesNotCancelGeneration::test_interrupt_helper_does_not_call_tts_cancel PASSED [  0%]
tests/integration/test_clear_comms_dispatch.py::TestClearCommsDoesNotCancelGeneration::test_interrupt_helper_safe_when_idle PASSED [  0%]
tests/integration/test_clear_comms_dispatch.py::TestResolveClearCommsWavBytes::test_no_settings_at_all_resolves_via_slot_short_circuit PASSED [  0%]
tests/integration/test_clear_comms_dispatch.py::TestResolveClearCommsWavBytes::test_unknown_source_kind_raises_resolve_error PASSED [  0%]
tests/integration/test_emotion_tts_integration.py::TestQwenTTSRequestInstruct::test_qwen_tts_request_accepts_instruct PASSED [  0%]
tests/integration/test_emotion_tts_integration.py::TestQwenTTSRequestInstruct::test_qwen_tts_request_instruct_defaults_to_none PASSED [  0%]
tests/integration/test_emotion_tts_integration.py::TestQwenTTSRequestInstruct::test_qwen_tts_request_with_all_emotion_instructs PASSED [  0%]
tests/integration/test_emotion_tts_integration.py::TestEmotionPresetInstruct::test_emotion_preset_instruct_values PASSED [  0%]
tests/integration/test_emotion_tts_integration.py::TestEmotionPresetInstruct::test_emotion_preset_instructs_match_qwen_service FAILED [  0%]
tests/integration/test_emotion_tts_integration.py::TestEmotionButtonGroupInstruct::test_get_current_instruct_neutral PASSED [  0%]
tests/integration/test_emotion_tts_integration.py::TestEmotionButtonGroupInstruct::test_get_current_instruct_happy PASSED [  0%]
tests/integration/test_emotion_tts_integration.py::TestEmotionButtonGroupInstruct::test_get_current_instruct_all_emotions PASSED [  0%]
tests/integration/test_emotion_tts_integration.py::TestMainWindowEmotionInstruct::test_main_window_get_emotion_instruct PASSED [  1%]
tests/integration/test_emotion_tts_integration.py::TestMainWindowEmotionInstruct::test_main_window_get_emotion_instruct_after_change PASSED [  1%]
tests/integration/test_emotion_tts_integration.py::TestVoiceCloneEmotionDisabled::test_emotion_disabled_for_cloned_voice PASSED [  1%]
tests/integration/test_emotion_tts_integration.py::TestVoiceCloneEmotionDisabled::test_emotion_instruct_still_returns_when_disabled PASSED [  1%]
tests/integration/test_emotion_tts_integration.py::TestQwenTTSServiceEmotionIntegration::test_qwen_service_emotion_presets_defined PASSED [  1%]
tests/integration/test_emotion_tts_integration.py::TestQwenTTSServiceEmotionIntegration::test_qwen_service_neutral_has_no_instruct PASSED [  1%]
tests/integration/test_emotion_tts_integration.py::TestQwenTTSServiceEmotionIntegration::test_qwen_service_emotions_have_instructs FAILED [  1%]
tests/integration/test_emotion_variants_workflow.py::TestEmotionVariantsVoiceCreation::test_create_voice_all_emotions PASSED [  1%]
tests/integration/test_emotion_variants_workflow.py::TestEmotionVariantsVoiceCreation::test_create_voice_partial_emotions PASSED [  1%]
tests/integration/test_emotion_variants_workflow.py::TestEmotionVariantsVoiceCreation::test_create_voice_neutral_only PASSED [  1%]
tests/integration/test_emotion_variants_workflow.py::TestBackwardCompatibility::test_legacy_single_embedding PASSED [  1%]
tests/integration/test_emotion_variants_workflow.py::TestBackwardCompatibility::test_legacy_metadata_no_emotions_field PASSED [  1%]
tests/integration/test_emotion_variants_workflow.py::TestBackwardCompatibility::test_create_profile_from_legacy_voice PASSED [  1%]
tests/integration/test_emotion_variants_workflow.py::TestEmotionVariantsProfileCreation::test_profile_with_all_emotions PASSED [  1%]
tests/integration/test_emotion_variants_workflow.py::TestEmotionVariantsProfileCreation::test_profile_with_partial_emotions PASSED [  1%]
tests/integration/test_emotion_variants_workflow.py::TestEmotionPathResolution::test_get_emotion_embedding_path_v2 PASSED [  1%]
tests/integration/test_emotion_variants_workflow.py::TestEmotionPathResolution::test_get_emotion_embedding_path_fallback PASSED [  1%]
tests/integration/test_emotion_variants_workflow.py::TestVoiceProfileServiceScanning::test_scan_detects_multi_emotion_voice PASSED [  1%]
tests/integration/test_emotion_variants_workflow.py::TestVoiceProfileServiceScanning::test_scan_detects_legacy_voice PASSED [  1%]
tests/integration/test_emotion_variants_workflow.py::TestMetadataVersioning::test_v2_metadata_full PASSED [  1%]
tests/integration/test_emotion_variants_workflow.py::TestMetadataVersioning::test_generate_v2_metadata FAILED [  1%]
tests/integration/test_emotion_variants_workflow.py::TestEmotionVariantsEdgeCases::test_empty_voice_directory PASSED [  1%]
tests/integration/test_emotion_variants_workflow.py::TestEmotionVariantsEdgeCases::test_corrupted_metadata PASSED [  1%]
tests/integration/test_emotion_variants_workflow.py::TestEmotionVariantsEdgeCases::test_mixed_valid_invalid_emotions PASSED [  1%]
tests/integration/test_emotion_variants_workflow.py::TestEmotionVariantsEdgeCases::test_duplicate_emotions_in_list PASSED [  1%]
tests/integration/test_optimized_voice_flow.py::TestOptimizedVoiceCreationFlow::test_create_and_register_optimized_voice PASSED [  1%]
tests/integration/test_optimized_voice_flow.py::TestOptimizedVoiceCreationFlow::test_optimized_voice_persists_in_cache PASSED [  1%]
tests/integration/test_optimized_voice_flow.py::TestOptimizedVoiceSelectionFlow::test_set_optimized_voice_active PASSED [  1%]
tests/integration/test_optimized_voice_flow.py::TestOptimizedVoiceSelectionFlow::test_active_optimized_voice_has_all_fields PASSED [  1%]
tests/integration/test_optimized_voice_flow.py::TestOptimizedVoiceTTSRouting::test_voice_type_routing_distinction PASSED [  2%]
tests/integration/test_optimized_voice_flow.py::TestOptimizedVoiceTTSRouting::test_tts_service_receives_checkpoint_path PASSED [  2%]
tests/integration/test_optimized_voice_flow.py::TestOptimizedVoiceEmotionSupport::test_optimized_voice_emotion_capable PASSED [  2%]
tests/integration/test_optimized_voice_flow.py::TestOptimizedVoiceEmotionSupport::test_emotion_preset_applied_to_optimized_voice PASSED [  2%]
tests/integration/test_optimized_voice_flow.py::TestOptimizedVoiceModelLoading::test_checkpoint_path_passed_to_model_registry PASSED [  2%]
tests/integration/test_optimized_voice_flow.py::TestOptimizedVoiceModelLoading::test_different_checkpoint_triggers_model_reload PASSED [  2%]
tests/integration/test_optimized_voice_flow.py::TestOptimizedVoiceValidProfiles::test_optimized_voice_in_valid_profiles PASSED [  2%]
tests/integration/test_playback_last_preservation.py::TestReplayDualStreamFanOut::test_replay_dispatches_to_both_monitor_and_virtual_devices PASSED [  2%]
tests/integration/test_playback_last_preservation.py::TestReplayDualStreamFanOut::test_replay_main_window_path_via_signal_emission PASSED [  2%]
tests/integration/test_playback_last_preservation.py::TestReplayDualStreamFanOut::test_replay_uses_current_app_settings_device_ids PASSED [  2%]
tests/integration/test_playback_last_preservation.py::TestReplayDualStreamFanOut::test_advanced_replay_tokens_dedup_short_circuits_dual_fire PASSED [  2%]
tests/integration/test_playback_last_preservation.py::TestReplayDualStreamFanOut::test_voice_design_replay_is_out_of_scope PASSED [  2%]
tests/integration/test_playback_last_preservation.py::TestReplayCacheReadNoRegen::test_replay_does_not_write_to_cache PASSED [  2%]
tests/integration/test_playback_last_preservation.py::TestReplayCacheReadNoRegen::test_replay_does_not_invoke_tts_generate PASSED [  2%]
tests/integration/test_playback_last_preservation.py::TestReplayCacheReadNoRegen::test_replay_audio_is_byte_for_byte_cache_content PASSED [  2%]
tests/integration/test_playback_last_preservation.py::TestReplayQueueInteraction::test_replay_enqueues_behind_in_progress_generation PASSED [  2%]
tests/integration/test_playback_last_preservation.py::TestReplayQueueInteraction::test_three_rapid_replays_mint_distinct_tokens PASSED [  2%]
tests/integration/test_playback_last_preservation.py::TestReplayQueueInteraction::test_cancel_then_immediate_replay_dispatches_cleanly PASSED [  2%]
tests/integration/test_playback_last_preservation.py::TestReplayQueueInteraction::test_deferred_replay_does_not_flip_status_text PASSED [  2%]
tests/integration/test_playback_last_preservation.py::TestReplayDepthSignalForwarding::test_replay_depth_changes_forward_to_registry_signal PASSED [  2%]
tests/integration/test_progressive_playback_dispatch_skip.py::TestProgressiveDispatchSkip::test_progressive_active_skips_play_dual_stream PASSED [  2%]
tests/integration/test_progressive_playback_dispatch_skip.py::TestProgressiveDispatchSkip::test_progressive_inactive_runs_existing_dispatch PASSED [  2%]
tests/integration/test_progressive_playback_dispatch_skip.py::TestProgressiveDispatchSkip::test_progressive_skip_does_not_block_subsequent_dispatch PASSED [  2%]
tests/integration/test_quick_speak_voice_emotion.py::TestVoiceTypeSupportsEmotion::test_bundled_supports_emotion PASSED [  2%]
tests/integration/test_quick_speak_voice_emotion.py::TestVoiceTypeSupportsEmotion::test_designed_supports_emotion PASSED [  2%]
tests/integration/test_quick_speak_voice_emotion.py::TestVoiceTypeSupportsEmotion::test_cloned_does_not_support_emotion PASSED [  2%]
tests/integration/test_quick_speak_voice_emotion.py::TestVoiceProfileEmotionCapability::test_bundled_profile_supports_emotion PASSED [  2%]
tests/integration/test_quick_speak_voice_emotion.py::TestVoiceProfileEmotionCapability::test_designed_profile_supports_emotion PASSED [  2%]
tests/integration/test_quick_speak_voice_emotion.py::TestVoiceProfileEmotionCapability::test_cloned_profile_no_emotion PASSED [  2%]
tests/integration/test_quick_speak_voice_emotion.py::TestEmotionButtonEnableDisable::test_emotion_enabled_for_bundled_voice PASSED [  2%]
tests/integration/test_quick_speak_voice_emotion.py::TestEmotionButtonEnableDisable::test_emotion_disabled_for_cloned_voice PASSED [  3%]
tests/integration/test_quick_speak_voice_emotion.py::TestQuickSpeakEmotionIntegration::test_quick_speak_uses_current_emotion PASSED [  3%]
tests/integration/test_quick_speak_voice_emotion.py::TestQuickSpeakEmotionIntegration::test_quick_speak_uses_neutral_when_not_set PASSED [  3%]
tests/integration/test_quick_speak_voice_emotion.py::TestTTSRequestEmotionHandling::test_tts_request_includes_emotion_for_bundled PASSED [  3%]
tests/integration/test_quick_speak_voice_emotion.py::TestTTSRequestEmotionHandling::test_tts_request_no_emotion_for_cloned PASSED [  3%]
tests/integration/test_quick_speak_voice_emotion.py::TestQuickSpeakMenuVoiceIntegration::test_menu_phrase_selection_triggers_generation PASSED [  3%]
tests/integration/test_quick_speak_voice_emotion.py::TestErrorHandlingParity::test_quick_speak_handles_missing_voice PASSED [  3%]
tests/integration/test_qwen_tts_metrics_migration.py::TestMigrationEquivalence::test_running_average_matches_reference PASSED [  3%]
tests/integration/test_qwen_tts_metrics_migration.py::TestMigrationEquivalence::test_metric_stream_emits_one_record_per_input PASSED [  3%]
tests/integration/test_qwen_tts_metrics_migration.py::TestMigrationEquivalence::test_aggregator_ignores_unrelated_metric_names PASSED [  3%]
tests/integration/test_qwen_tts_metrics_migration.py::TestMigrationEquivalence::test_aggregator_unsubscribe_drops_registration PASSED [  3%]
tests/integration/test_qwen_tts_metrics_migration.py::TestProductionAggregatorPathAvailable::test_production_aggregator_class_imported PASSED [  3%]
tests/integration/test_save_during_streaming.py::TestSaveFinalizedSession::test_save_finalized_session_writes_correct_wav PASSED [  3%]
tests/integration/test_save_during_streaming.py::TestSaveDuringStreaming::test_save_during_streaming_waits_for_finalize PASSED [  3%]
tests/integration/test_save_during_streaming.py::TestSaveDuringStreamingAbort::test_save_during_streaming_aborts_on_cancel PASSED [  3%]
tests/integration/test_session_lifecycle.py::TestStreamingHappyPath::test_streaming_three_chunks_lifecycle PASSED [  3%]
tests/integration/test_session_lifecycle.py::TestBatchHappyPath::test_batch_lifecycle PASSED [  3%]
tests/integration/test_session_lifecycle.py::TestCancellationChain::test_cancel_emits_cancelled_then_discarded PASSED [  3%]
tests/integration/test_session_lifecycle.py::TestCancellationChain::test_batch_cancel_propagates_through_task_cancel PASSED [  3%]
tests/integration/test_session_lifecycle.py::TestErrorChain::test_streaming_generation_exception_emits_error_then_discarded PASSED [  3%]
tests/integration/test_session_lifecycle.py::TestErrorChain::test_batch_generation_exception_emits_error_then_discarded PASSED [  3%]
tests/integration/test_session_lifecycle.py::TestErrorChain::test_streaming_model_load_failure_emits_error_then_discarded PASSED [  3%]
tests/integration/test_session_lifecycle.py::TestErrorChain::test_batch_model_load_failure_emits_error_then_discarded PASSED [  3%]
tests/integration/test_session_lifecycle.py::TestErrorChain::test_streaming_to_batch_fallback_creates_two_sessions PASSED [  3%]
tests/integration/test_session_lifecycle.py::TestErrorChain::test_batch_fallback_failure_both_sessions_end_error PASSED [  3%]
tests/integration/test_session_lifecycle.py::TestMemoryHygiene::test_all_chunks_cleared_before_save PASSED [  3%]
tests/integration/test_session_lifecycle.py::TestCallbackWireCompat::test_streaming_callbacks_fire_in_legacy_order PASSED [  3%]
tests/integration/test_session_lifecycle.py::TestCallbackWireCompat::test_batch_callbacks_fire_in_legacy_order PASSED [  3%]
tests/integration/test_session_lifecycle.py::TestAudioChunkPayloadStability::test_audio_chunk_field_set_unchanged FAILED [  3%]
tests/integration/test_session_lifecycle.py::TestErrorPathIdempotency::test_set_error_called_twice_on_same_session_is_idempotent PASSED [  4%]
tests/integration/test_session_lifecycle.py::TestMetricSessionIdWiring::test_first_chunk_latency_carries_session_id PASSED [  4%]
tests/integration/test_session_lifecycle.py::TestCacheWritePreservation::test_cache_file_written_after_streaming PASSED [  4%]
tests/integration/test_session_lifecycle.py::TestCacheWritePreservation::test_cache_file_written_after_batch PASSED [  4%]
tests/integration/test_session_lifecycle.py::TestStatusMetricsExposesRegistry::test_in_flight_count_with_no_registry PASSED [  4%]
tests/integration/test_session_lifecycle.py::TestStatusMetricsExposesRegistry::test_in_flight_count_with_registry PASSED [  4%]
tests/integration/test_session_lifecycle.py::TestFocalSessionLifecycle::test_current_session_changed_emits_through_lifecycle PASSED [  4%]
tests/integration/test_session_lifecycle.py::TestNetZeroInvariant::test_legacy_generation_state_enum_still_exists PASSED [  4%]
tests/integration/test_session_lifecycle.py::TestPlaybackQueueIntegration::test_three_sequential_finalizations_dispatch_in_order PASSED [  4%]
tests/integration/test_session_lifecycle.py::TestPlaybackQueueIntegration::test_in_flight_session_does_not_block_enqueue PASSED [  4%]
tests/integration/test_session_lifecycle.py::TestPlaybackQueueIntegration::test_playback_complete_advances_queue_once_despite_dual_fire PASSED [  4%]
tests/integration/test_session_lifecycle.py::TestPlaybackQueueIntegration::test_queue_depth_signal_forwards_to_registry PASSED [  4%]
tests/integration/test_session_lifecycle.py::TestPlaybackQueueIntegration::test_cancellation_during_dispatch_advances_queue PASSED [  4%]
tests/integration/test_session_lifecycle.py::TestPlaybackQueueIntegration::test_cancel_then_natural_complete_race_does_not_keyerror PASSED [  4%]
tests/integration/test_session_lifecycle.py::TestPlaybackQueueIntegration::test_streaming_exception_documented_but_not_exercised PASSED [  4%]
tests/integration/test_session_lifecycle.py::TestPlaybackQueueGatingHelpers::test_derive_queue_token_prefers_explicit_token PASSED [  4%]
tests/integration/test_session_lifecycle.py::TestPlaybackQueueGatingHelpers::test_derive_queue_token_uses_session_id_when_no_explicit_token PASSED [  4%]
tests/integration/test_session_lifecycle.py::TestPlaybackQueueGatingHelpers::test_derive_queue_token_mints_replay_uuid_for_replay_path PASSED [  4%]
tests/integration/test_session_lifecycle.py::TestPlaybackQueueGatingHelpers::test_claim_queue_slot_dispatches_when_queue_empty PASSED [  4%]
tests/integration/test_session_lifecycle.py::TestPlaybackQueueGatingHelpers::test_claim_queue_slot_defers_when_other_in_flight PASSED [  4%]
tests/integration/test_session_lifecycle.py::TestPlaybackQueueGatingHelpers::test_claim_queue_slot_passes_through_on_reentry PASSED [  4%]
tests/integration/test_session_lifecycle.py::TestPlaybackQueueGatingHelpers::test_claim_queue_slot_passes_through_when_queue_absent PASSED [  4%]
tests/integration/test_session_lifecycle.py::TestPlaybackQueueGatingHelpers::test_release_queue_slot_on_failure_advances_queue PASSED [  4%]
tests/integration/test_session_lifecycle.py::TestPlaybackQueueGatingHelpers::test_release_queue_slot_noop_when_token_mismatch PASSED [  4%]
tests/integration/test_session_lifecycle.py::TestPlaybackQueueGatingHelpers::test_release_queue_slot_noop_when_queue_absent PASSED [  4%]
tests/integration/test_session_lifecycle.py::TestPlayGeneratedAudioProduction::test_real_play_generated_audio_success_path_dispatches PASSED [  4%]
tests/integration/test_session_lifecycle.py::TestPlayGeneratedAudioProduction::test_real_play_generated_audio_failure_path_releases_queue PASSED [  4%]
tests/integration/test_session_lifecycle.py::TestPlayGeneratedAudioProduction::test_real_play_generated_audio_failure_then_success_unblocks PASSED [  4%]
tests/integration/test_session_lifecycle.py::TestPlayGeneratedAudioProduction::test_real_play_generated_audio_defers_when_queue_busy PASSED [  4%]
tests/integration/test_session_lifecycle.py::TestBoundedDedupSet::test_membership_after_add PASSED [  4%]
tests/integration/test_session_lifecycle.py::TestBoundedDedupSet::test_duplicate_add_is_noop PASSED [  5%]
tests/integration/test_session_lifecycle.py::TestBoundedDedupSet::test_evicts_oldest_when_at_capacity PASSED [  5%]
tests/integration/test_session_lifecycle.py::TestBoundedDedupSet::test_default_capacity_is_256 PASSED [  5%]
tests/integration/test_session_lifecycle.py::TestBoundedDedupSet::test_re_adding_evicted_key_treats_as_new PASSED [  5%]
tests/integration/test_streaming_tts_smoke.py::test_expected_chunk_count_helper_matches_both_shipped_geometries PASSED [  5%]
tests/integration/test_streaming_tts_smoke.py::TestCancelChainEndToEnd::test_cancel_chain_end_to_end_with_real_streamer_and_worker PASSED [  5%]
tests/integration/test_streaming_tts_smoke.py::TestCancelChainEndToEnd::test_cancel_chain_idempotent_when_called_twice PASSED [  5%]
tests/integration/test_streaming_tts_smoke.py::TestCancelChainLatency::test_cancel_chain_latency_under_100ms[0] PASSED [  5%]
tests/integration/test_streaming_tts_smoke.py::TestCancelChainLatency::test_cancel_chain_latency_under_100ms[1] PASSED [  5%]
tests/integration/test_streaming_tts_smoke.py::TestCancelChainLatency::test_cancel_chain_latency_under_100ms[2] PASSED [  5%]
tests/integration/test_streaming_tts_smoke.py::TestTrueStreamDispatchEndToEnd::test_true_stream_produces_correct_audio_for_representative_input PASSED [  5%]
tests/integration/test_streaming_tts_smoke.py::TestTrueStreamDispatchEndToEnd::test_true_stream_via_dispatch_emits_streaming_mode_metric PASSED [  5%]
tests/integration/test_streaming_tts_smoke.py::TestTrueStreamDispatchEndToEnd::test_cancel_mid_true_stream_propagates_through_chain PASSED [  5%]
tests/integration/test_streaming_tts_smoke.py::TestTrueStreamDispatchEndToEnd::test_concurrent_dispatches_serialized_via_semaphore PASSED [  5%]
tests/integration/test_streaming_tts_smoke.py::TestTrueStreamDispatchEndToEnd::test_cancel_before_first_chunk_returns_cleanly PASSED [  5%]
tests/integration/test_streaming_tts_smoke.py::TestTrueStreamDispatchEndToEnd::test_no_double_cancel_post_from_dispatch_path PASSED [  5%]
tests/integration/test_streaming_tts_smoke.py::TestSilentTalkerSurfacesAsFailure::test_zero_token_talker_raises_so_fallback_chain_fires PASSED [  5%]
tests/integration/test_streaming_tts_smoke.py::TestSilentTalkerSurfacesAsFailure::test_dispatch_fallback_chain_routes_to_sentence_stream_on_silent_talker PASSED [  5%]
tests/integration/test_streaming_tts_smoke.py::TestTrueStreamWireUpEndToEnd::test_real_wire_up_fires_streamer_for_custom_voice_request PASSED [  5%]
tests/integration/test_streaming_tts_smoke.py::TestTrueStreamWireUpEndToEnd::test_patch_is_restored_after_dispatch_completes PASSED [  5%]
tests/integration/test_streaming_tts_smoke.py::TestTrueStreamWireUpEndToEnd::test_real_wire_up_cooperative_cancel_does_not_raise PASSED [  5%]
tests/integration/test_streaming_tts_smoke.py::TestTtfaTalkerBoundaryInstrumentation::test_talker_boundaries_fire_once_each_in_order_on_threshold_path PASSED [  5%]
tests/integration/test_streaming_tts_smoke.py::TestTtfaTalkerBoundaryInstrumentation::test_residual_flush_path_emits_first_chunk_emit_boundary PASSED [  5%]
tests/services/api_server/test_audio_encode.py::test_pcm_is_raw_int16_passthrough PASSED [  5%]
tests/services/api_server/test_audio_encode.py::test_wav_round_trips_to_24k_mono PASSED [  5%]
tests/services/api_server/test_audio_encode.py::test_mp3_produces_valid_mpeg_payload PASSED [  5%]
tests/services/api_server/test_audio_encode.py::test_unsupported_format_raises PASSED [  5%]
tests/services/api_server/test_audio_encode.py::test_clipping_handles_out_of_range_floats PASSED [  5%]
tests/services/api_server/test_audio_encode.py::test_stream_encoder_pcm_passthrough_and_empty_flush PASSED [  5%]
tests/services/api_server/test_audio_encode.py::test_stream_encoder_mp3_frames_then_flush PASSED [  6%]
tests/services/api_server/test_audio_encode.py::test_stream_encoder_rejects_wav PASSED [  6%]
tests/services/api_server/test_origin_gating.py::test_api_session_publishes_and_suppresses_device PASSED [  6%]
tests/services/api_server/test_origin_gating.py::test_gui_session_reaches_device_and_is_not_published FAILED [  6%]
tests/services/api_server/test_routes_integration.py::test_buffered_mp3_default PASSED [  6%]
tests/services/api_server/test_routes_integration.py::test_buffered_formats[wav-audio/wav] PASSED [  6%]
tests/services/api_server/test_routes_integration.py::test_buffered_formats[pcm-audio/L16; rate=24000] PASSED [  6%]
tests/services/api_server/test_routes_integration.py::test_unknown_voice_400 PASSED [  6%]
tests/services/api_server/test_routes_integration.py::test_empty_input_422 PASSED [  6%]
tests/services/api_server/test_routes_integration.py::test_speed_two_accepted_noop PASSED [  6%]
tests/services/api_server/test_routes_integration.py::test_generation_failure_500 PASSED [  6%]
tests/services/api_server/test_routes_integration.py::test_voices_list PASSED [  6%]
tests/services/api_server/test_routes_integration.py::test_models_and_health PASSED [  6%]
tests/services/api_server/test_routes_integration.py::test_auth_required_when_key_set PASSED [  6%]
tests/services/api_server/test_routes_integration.py::test_host_guard_rejects_non_loopback PASSED [  6%]
tests/services/api_server/test_routes_integration.py::test_streaming_pcm_happy_path PASSED [  6%]
tests/services/api_server/test_routes_integration.py::test_streaming_wav_rejected_400 PASSED [  6%]
tests/services/api_server/test_routes_integration.py::test_streaming_zero_chunks_degrades_to_buffered PASSED [  6%]
tests/services/api_server/test_schemas.py::test_valid_request_defaults PASSED [  6%]
tests/services/api_server/test_schemas.py::test_empty_input_rejected PASSED [  6%]
tests/services/api_server/test_schemas.py::test_oversize_input_rejected PASSED [  6%]
tests/services/api_server/test_schemas.py::test_max_length_input_accepted PASSED [  6%]
tests/services/api_server/test_schemas.py::test_speed_out_of_range_rejected[0.24] PASSED [  6%]
tests/services/api_server/test_schemas.py::test_speed_out_of_range_rejected[4.01] PASSED [  6%]
tests/services/api_server/test_schemas.py::test_speed_out_of_range_rejected[0.0] PASSED [  6%]
tests/services/api_server/test_schemas.py::test_speed_out_of_range_rejected[-1.0] PASSED [  6%]
tests/services/api_server/test_schemas.py::test_speed_in_range_non_one_accepted PASSED [  6%]
tests/services/api_server/test_schemas.py::test_bad_response_format_rejected PASSED [  6%]
tests/services/api_server/test_schemas.py::test_resolve_voice_known PASSED [  6%]
tests/services/api_server/test_schemas.py::test_resolve_voice_unknown_returns_none PASSED [  6%]
tests/services/api_server/test_schemas.py::test_build_voices_response_lists_valid_profiles PASSED [  7%]
tests/services/api_server/test_schemas.py::test_build_models_response_advertises_model_id PASSED [  7%]
tests/services/api_server/test_security.py::test_host_guard_allows_loopback[127.0.0.1] PASSED [  7%]
tests/services/api_server/test_security.py::test_host_guard_allows_loopback[localhost] PASSED [  7%]
tests/services/api_server/test_security.py::test_host_guard_allows_loopback[127.0.0.1:7778] PASSED [  7%]
tests/services/api_server/test_security.py::test_host_guard_allows_loopback[localhost:7778] PASSED [  7%]
tests/services/api_server/test_security.py::test_host_guard_allows_ipv6_loopback[[::1]] PASSED [  7%]
tests/services/api_server/test_security.py::test_host_guard_allows_ipv6_loopback[[::1]:7778] PASSED [  7%]
tests/services/api_server/test_security.py::test_host_guard_rejects_non_loopback[evil.com] PASSED [  7%]
tests/services/api_server/test_security.py::test_host_guard_rejects_non_loopback[192.168.1.5] PASSED [  7%]
tests/services/api_server/test_security.py::test_host_guard_rejects_non_loopback[example.org:7778] PASSED [  7%]
tests/services/api_server/test_security.py::test_host_guard_rejects_non_loopback[] PASSED [  7%]
tests/services/api_server/test_security.py::test_auth_keyless_passes_without_header PASSED [  7%]
tests/services/api_server/test_security.py::test_auth_missing_header_rejected_when_key_set PASSED [  7%]
tests/services/api_server/test_security.py::test_auth_wrong_key_rejected PASSED [  7%]
tests/services/api_server/test_security.py::test_auth_correct_key_passes PASSED [  7%]
tests/services/api_server/test_security.py::test_auth_malformed_scheme_rejected PASSED [  7%]
tests/services/api_server/test_security.py::test_generate_api_key_is_high_entropy PASSED [  7%]
tests/services/api_server/test_server_lifecycle.py::test_stop_cancels_registered_stream_tasks PASSED [  7%]
tests/services/api_server/test_server_lifecycle.py::test_start_warns_when_keyless PASSED [  7%]
tests/services/api_server/test_session_id_threading.py::test_create_session_honors_supplied_id PASSED [  7%]
tests/services/api_server/test_session_id_threading.py::test_create_session_auto_generates_when_none PASSED [  7%]
tests/services/api_server/test_session_id_threading.py::test_request_dataclass_carries_session_id PASSED [  7%]
tests/services/api_server/test_stream_hub.py::test_publish_reaches_subscriber PASSED [  7%]
tests/services/api_server/test_stream_hub.py::test_publish_fans_out_to_all_subscribers_of_session PASSED [  7%]
tests/services/api_server/test_stream_hub.py::test_publish_to_unknown_session_is_noop PASSED [  7%]
tests/services/api_server/test_stream_hub.py::test_bounded_queue_drops_oldest_on_overflow PASSED [  7%]
tests/services/api_server/test_stream_hub.py::test_overflow_drops_non_final_but_keeps_final PASSED [  7%]
tests/services/api_server/test_stream_hub.py::test_incoming_dropped_to_preserve_oldest_final PASSED [  7%]
tests/services/api_server/test_stream_hub.py::test_unsubscribe_removes_queue_and_prunes_session PASSED [  8%]
tests/services/test_device_resilience_manager.py::TestDeviceResilienceManagerInit::test_init_with_default_config PASSED [  8%]
tests/services/test_device_resilience_manager.py::TestDeviceResilienceManagerInit::test_init_with_custom_config PASSED [  8%]
tests/services/test_device_resilience_manager.py::TestDeviceResilienceManagerInit::test_device_states_initialized PASSED [  8%]
tests/services/test_device_resilience_manager.py::TestDeviceResilienceManagerLifecycle::test_initialize_success PASSED [  8%]
tests/services/test_device_resilience_manager.py::TestDeviceResilienceManagerLifecycle::test_shutdown_success PASSED [  8%]
tests/services/test_device_resilience_manager.py::TestDeviceResilienceManagerLifecycle::test_health_check_uninitialized PASSED [  8%]
tests/services/test_device_resilience_manager.py::TestDeviceResilienceManagerLifecycle::test_health_check_initialized PASSED [  8%]
tests/services/test_device_resilience_manager.py::TestDeviceRegistration::test_register_monitor_device PASSED [  8%]
tests/services/test_device_resilience_manager.py::TestDeviceRegistration::test_register_device_with_fallback PASSED [  8%]
tests/services/test_device_resilience_manager.py::TestDeviceRegistration::test_unregister_device PASSED [  8%]
tests/services/test_device_resilience_manager.py::TestDeviceChangeHandling::test_device_removed_notification PASSED [  8%]
tests/services/test_device_resilience_manager.py::TestDeviceChangeHandling::test_device_reconnect_auto_recovery PASSED [  8%]
tests/services/test_device_resilience_manager.py::TestDeviceChangeHandling::test_virtual_mic_disconnect_independent PASSED [  8%]
tests/services/test_device_resilience_manager.py::TestDeviceChangeHandling::test_fallback_on_disconnect PASSED [  8%]
tests/services/test_device_resilience_manager.py::TestDeviceRefresh::test_refresh_devices_success PASSED [  8%]
tests/services/test_device_resilience_manager.py::TestDeviceRefresh::test_refresh_devices_not_initialized PASSED [  8%]
tests/services/test_device_resilience_manager.py::TestDeviceRefresh::test_enumerate_devices PASSED [  8%]
tests/services/test_device_resilience_manager.py::TestCallbackManagement::test_add_notification_callback PASSED [  8%]
tests/services/test_device_resilience_manager.py::TestCallbackManagement::test_remove_notification_callback PASSED [  8%]
tests/services/test_device_resilience_manager.py::TestCallbackManagement::test_add_recovery_callback PASSED [  8%]
tests/services/test_device_resilience_manager.py::TestHealthStatus::test_get_health_status PASSED [  8%]
tests/services/test_device_resilience_manager.py::TestEventMatching::test_event_matches_by_name PASSED [  8%]
tests/services/test_device_resilience_manager.py::TestEventMatching::test_event_matches_by_index PASSED [  8%]
tests/services/test_device_resilience_manager.py::TestEventMatching::test_event_no_match PASSED [  8%]
tests/services/test_model_loading_manager.py::TestModelLoadingManagerInit::test_manager_creation PASSED [  8%]
tests/services/test_model_loading_manager.py::TestModelLoadingManagerInit::test_set_tts_service PASSED [  8%]
tests/services/test_model_loading_manager.py::TestVoiceTypeRequiredModel::test_bundled_requires_custom_voice PASSED [  8%]
tests/services/test_model_loading_manager.py::TestVoiceTypeRequiredModel::test_designed_requires_voice_design PASSED [  8%]
tests/services/test_model_loading_manager.py::TestVoiceTypeRequiredModel::test_cloned_requires_base PASSED [  8%]
tests/services/test_model_loading_manager.py::TestModelSwitchDetection::test_no_switch_same_model_type PASSED [  9%]
tests/services/test_model_loading_manager.py::TestModelSwitchDetection::test_switch_needed_different_model_type PASSED [  9%]
tests/services/test_model_loading_manager.py::TestModelSwitchDetection::test_switch_needed_for_cloned PASSED [  9%]
tests/services/test_model_loading_manager.py::TestModelSwitchDetection::test_switch_needed_when_no_model_loaded PASSED [  9%]
tests/services/test_model_loading_manager.py::TestInstantSwitchDetection::test_instant_switch_same_model PASSED [  9%]
tests/services/test_model_loading_manager.py::TestInstantSwitchDetection::test_not_instant_switch_different_model PASSED [  9%]
tests/services/test_model_loading_manager.py::TestLoadingMessage::test_no_message_instant_switch PASSED [  9%]
tests/services/test_model_loading_manager.py::TestLoadingMessage::test_message_for_model_switch PASSED [  9%]
tests/services/test_model_loading_manager.py::TestModelLoadingStatus::test_status_creation PASSED [  9%]
tests/services/test_model_loading_manager.py::TestModelLoadingStatus::test_status_with_error PASSED [  9%]
tests/services/test_model_loading_manager.py::TestLoadingStatusRetrieval::test_get_loading_status PASSED [  9%]
tests/services/test_model_loading_manager.py::TestLoadingStatusRetrieval::test_is_loading_method PASSED [  9%]
tests/services/test_model_loading_manager.py::TestModelLoadingManagerSignals::test_loading_started_signal_exists PASSED [  9%]
tests/services/test_model_loading_manager.py::TestModelLoadingManagerSignals::test_loading_progress_signal_exists PASSED [  9%]
tests/services/test_model_loading_manager.py::TestModelLoadingManagerSignals::test_loading_complete_signal_exists PASSED [  9%]
tests/services/test_model_loading_manager.py::TestModelLoadingManagerSignals::test_model_ready_signal_exists PASSED [  9%]
tests/services/test_model_registry_optimization.py::TestModelRegistryOptimizationCodePresence::test_matmul_precision_code_exists PASSED [  9%]
tests/services/test_model_registry_optimization.py::TestModelRegistryOptimizationCodePresence::test_matmul_precision_only_for_cuda PASSED [  9%]
tests/services/test_model_registry_optimization.py::TestModelRegistryOptimizationCodePresence::test_flash_attention_detection_code_exists PASSED [  9%]
tests/services/test_model_registry_optimization.py::TestModelRegistryOptimizationCodePresence::test_matmul_precision_error_handling PASSED [  9%]
tests/services/test_model_registry_optimization.py::TestModelRegistryOptimizationDocumentation::test_github_issue_reference PASSED [  9%]
tests/services/test_model_registry_optimization.py::TestModelRegistryOptimizationDocumentation::test_ampere_gpu_comment PASSED [  9%]
tests/services/test_model_registry_optimization.py::TestModelRegistryDeviceHandling::test_auto_device_pattern PASSED [  9%]
tests/services/test_model_registry_optimization.py::TestModelRegistryDeviceHandling::test_device_stored_as_attribute PASSED [  9%]
tests/services/test_model_registry_optimization.py::TestModelRegistryLoadKwargs::test_device_map_in_load_kwargs PASSED [  9%]
tests/services/test_model_registry_optimization.py::TestModelRegistryLoadKwargs::test_dtype_in_load_kwargs PASSED [  9%]
tests/services/test_model_registry_optimization.py::TestModelRegistryLoadKwargs::test_attn_implementation_conditionally_added PASSED [  9%]
tests/services/test_optimized_voice.py::TestVoiceTypeOptimized::test_optimized_type_exists PASSED [  9%]
tests/services/test_optimized_voice.py::TestVoiceTypeOptimized::test_optimized_supports_emotion PASSED [  9%]
tests/services/test_optimized_voice.py::TestVoiceTypeOptimized::test_optimized_display_name PASSED [ 10%]
tests/services/test_optimized_voice.py::TestVoiceTypeOptimized::test_optimized_icon PASSED [ 10%]
tests/services/test_optimized_voice.py::TestVoiceTypeOptimized::test_optimized_sort_order FAILED [ 10%]
tests/services/test_optimized_voice.py::TestVoiceTypeOptimized::test_optimized_required_model PASSED [ 10%]
tests/services/test_optimized_voice.py::TestVoiceTypeOptimized::test_cloned_does_not_support_emotion PASSED [ 10%]
tests/services/test_optimized_voice.py::TestVoiceTypeOptimized::test_bundled_supports_emotion PASSED [ 10%]
tests/services/test_optimized_voice.py::TestCreateOptimizedProfile::test_create_optimized_profile_basic PASSED [ 10%]
tests/services/test_optimized_voice.py::TestCreateOptimizedProfile::test_create_optimized_profile_with_description PASSED [ 10%]
tests/services/test_optimized_voice.py::TestCreateOptimizedProfile::test_optimized_profile_virtual_path PASSED [ 10%]
tests/services/test_optimized_voice.py::TestCreateOptimizedProfile::test_optimized_profile_transcription_skipped PASSED [ 10%]
tests/services/test_optimized_voice.py::TestCreateOptimizedProfile::test_is_optimized_helper PASSED [ 10%]
tests/services/test_optimized_voice.py::TestCreateOptimizedProfile::test_non_optimized_is_optimized_returns_false PASSED [ 10%]
tests/services/test_optimized_voice.py::TestOptimizedProfileSerialization::test_to_dict_includes_optimized_fields PASSED [ 10%]
tests/services/test_optimized_voice.py::TestOptimizedProfileSerialization::test_from_dict_restores_optimized_profile PASSED [ 10%]
tests/services/test_optimized_voice.py::TestModelRegistryCheckpointLoading::test_ensure_model_loaded_with_checkpoint PASSED [ 10%]
tests/services/test_optimized_voice.py::TestModelRegistryCheckpointLoading::test_checkpoint_path_tracked FAILED [ 10%]
tests/services/test_optimized_voice.py::TestModelRegistryCheckpointLoading::test_same_checkpoint_no_reload PASSED [ 10%]
tests/services/test_optimized_voice.py::TestModelRegistryCheckpointLoading::test_different_checkpoint_triggers_reload PASSED [ 10%]
tests/services/test_optimized_voice.py::TestGenerateOptimizedVoice::test_generate_optimized_voice_validates_checkpoint PASSED [ 10%]
tests/services/test_optimized_voice.py::TestGenerateOptimizedVoice::test_generate_optimized_voice_uses_emotion_preset PASSED [ 10%]
tests/services/test_optimized_voice.py::TestGenerateOptimizedVoice::test_generate_optimized_voice_passes_checkpoint_path PASSED [ 10%]
tests/services/test_optimized_voice.py::TestGenerateOptimizedVoice::test_generate_optimized_voice_uses_custom_voice_model PASSED [ 10%]
tests/services/test_optimized_voice.py::TestVoiceProfileManagerOptimized::test_register_optimized_profile PASSED [ 10%]
tests/services/test_optimized_voice.py::TestVoiceProfileManagerOptimized::test_optimized_profile_saved_to_cache PASSED [ 10%]
tests/services/test_optimized_voice.py::TestVoiceProfileManagerOptimized::test_optimized_voice_loaded_from_cache PASSED [ 10%]
tests/services/test_optimized_voice.py::TestVoiceProfileManagerOptimized::test_set_optimized_active PASSED [ 10%]
tests/services/test_optimized_voice.py::TestAppVoiceRouting::test_optimized_voice_routes_to_generate_optimized PASSED [ 10%]
tests/services/test_optimized_voice.py::TestAppVoiceRouting::test_optimized_profile_has_required_fields_for_routing PASSED [ 10%]
tests/services/test_voice_profile_manager.py::TestVoiceProfileManagerInit::test_init_with_defaults FAILED [ 10%]
tests/services/test_voice_profile_manager.py::TestVoiceProfileManagerInit::test_init_with_custom_max_duration PASSED [ 10%]
tests/services/test_voice_profile_manager.py::TestRegisterProfile::test_register_valid_cloned_profile PASSED [ 11%]
tests/services/test_voice_profile_manager.py::TestRegisterProfile::test_register_valid_designed_profile PASSED [ 11%]
tests/services/test_voice_profile_manager.py::TestRegisterProfile::test_register_invalid_profile_rejected PASSED [ 11%]
tests/services/test_voice_profile_manager.py::TestRegisterProfile::test_register_profile_saves_to_cache PASSED [ 11%]
tests/services/test_voice_profile_manager.py::TestRegisterProfile::test_register_profile_preserves_voice_type PASSED [ 11%]
tests/services/test_voice_profile_manager.py::TestRegisterProfile::test_register_profile_logs_type_info PASSED [ 11%]
tests/services/test_voice_profile_manager.py::TestCacheVoiceTypePersistence::test_cache_saves_voice_type PASSED [ 11%]
tests/services/test_voice_profile_manager.py::TestCacheVoiceTypePersistence::test_cache_loads_voice_type PASSED [ 11%]
tests/services/test_voice_profile_manager.py::TestCacheVoiceTypePersistence::test_cache_defaults_to_cloned_without_voice_type PASSED [ 11%]
tests/services/test_voice_profile_manager.py::TestCacheVoiceTypePersistence::test_designed_voice_type_persisted PASSED [ 11%]
tests/services/test_voice_profile_manager.py::TestBundledVoiceReinitialization::test_bundled_voices_initialized_on_start PASSED [ 11%]
tests/services/test_voice_profile_manager.py::TestBundledVoiceReinitialization::test_bundled_voices_preserved_after_incremental_scan PASSED [ 11%]
tests/services/test_voice_profile_manager.py::TestBundledVoiceReinitialization::test_bundled_voices_reinitialized_after_full_rescan PASSED [ 11%]
tests/services/test_voice_profile_manager.py::TestBundledVoiceReinitialization::test_force_rescan_preserves_bundled_voices PASSED [ 11%]
tests/services/test_voice_profile_manager.py::TestBundledVoiceReinitialization::test_bundled_voices_not_duplicated PASSED [ 11%]
tests/services/test_voice_profile_manager.py::TestBundledVoiceReinitialization::test_bundled_voices_skipped_in_cache_load PASSED [ 11%]
tests/services/test_voice_profile_manager.py::TestGetBundledProfiles::test_returns_only_bundled PASSED [ 11%]
tests/services/test_voice_profile_manager.py::TestCacheEmotionCapable::test_emotion_capable_saved_to_cache PASSED [ 11%]
tests/services/test_voice_profile_manager.py::TestCacheEmotionCapable::test_cloned_voice_not_emotion_capable PASSED [ 11%]
tests/services/test_voice_profile_manager.py::TestActiveProfileWithVoiceType::test_set_bundled_active PASSED [ 11%]
tests/services/test_voice_profile_manager.py::TestActiveProfileWithVoiceType::test_set_cloned_active PASSED [ 11%]
tests/settings/test_configuration_data_persistence.py::TestVoiceSelectionFallback::test_restore_valid_voice_selection PASSED [ 11%]
tests/settings/test_configuration_data_persistence.py::TestVoiceSelectionFallback::test_fallback_to_bundled_when_voice_missing PASSED [ 11%]
tests/settings/test_configuration_data_persistence.py::TestVoiceSelectionFallback::test_fallback_to_bundled_when_voice_empty PASSED [ 11%]
tests/settings/test_configuration_data_persistence.py::TestVoiceSelectionFallback::test_fallback_to_first_available_when_default_missing PASSED [ 11%]
tests/settings/test_configuration_data_persistence.py::TestVoiceSelectionFallback::test_no_fallback_when_no_voices_available PASSED [ 11%]
tests/settings/test_configuration_data_persistence.py::TestVoiceSelectionFallback::test_fallback_on_error PASSED [ 11%]
tests/settings/test_configuration_data_persistence.py::TestVoiceDirectoryLoading::test_voice_files_directory_default PASSED [ 11%]
tests/settings/test_configuration_data_persistence.py::TestVoiceDirectoryLoading::test_voice_files_directory_custom PASSED [ 11%]
tests/settings/test_configuration_data_persistence.py::TestVoiceDirectoryLoading::test_get_voice_files_path PASSED [ 12%]
tests/settings/test_configuration_data_persistence.py::TestCorruptedVoiceHandling::test_skip_corrupted_voice_log_warning PASSED [ 12%]
tests/settings/test_configuration_data_persistence.py::TestQuickSpeakPersistence::test_quick_speak_service_creates_default_profile PASSED [ 12%]
tests/settings/test_configuration_data_persistence.py::TestQuickSpeakPersistence::test_quick_speak_service_loads_entries PASSED [ 12%]
tests/settings/test_configuration_data_persistence.py::TestQuickSpeakPersistence::test_quick_speak_service_saves_entries PASSED [ 12%]
tests/settings/test_configuration_data_persistence.py::TestSettingsDirectoryInitialization::test_config_directory_created_on_start PASSED [ 12%]
tests/settings/test_configuration_data_persistence.py::TestVoiceProfilePersistence::test_voice_selection_persisted_in_settings PASSED [ 12%]
tests/settings/test_configuration_data_persistence.py::TestVoiceProfilePersistence::test_voice_selection_serialized PASSED [ 12%]
tests/settings/test_configuration_data_persistence.py::TestVoiceProfilePersistence::test_voice_selection_deserialized PASSED [ 12%]
tests/settings/test_configuration_data_persistence.py::TestDefaultBundledVoice::test_select_default_bundled_voice PASSED [ 12%]
tests/settings/test_configuration_data_persistence.py::TestDefaultBundledVoice::test_no_selection_when_no_voice_profile_set PASSED [ 12%]
tests/settings/test_reset_to_defaults.py::TestAppSettingsResetToDefaults::test_reset_restores_always_on_top_true PASSED [ 12%]
tests/settings/test_reset_to_defaults.py::TestAppSettingsResetToDefaults::test_reset_restores_transparency_100_percent PASSED [ 12%]
tests/settings/test_reset_to_defaults.py::TestAppSettingsResetToDefaults::test_reset_clears_window_geometry PASSED [ 12%]
tests/settings/test_reset_to_defaults.py::TestAppSettingsResetToDefaults::test_reset_clears_monitor_device PASSED [ 12%]
tests/settings/test_reset_to_defaults.py::TestAppSettingsResetToDefaults::test_reset_clears_virtual_device PASSED [ 12%]
tests/settings/test_reset_to_defaults.py::TestAppSettingsResetToDefaults::test_reset_preserves_voice_files_directory PASSED [ 12%]
tests/settings/test_reset_to_defaults.py::TestAppSettingsResetToDefaults::test_reset_restores_theme_to_dark PASSED [ 12%]
tests/settings/test_reset_to_defaults.py::TestAppSettingsResetToDefaults::test_reset_restores_log_level_to_info PASSED [ 12%]
tests/settings/test_reset_to_defaults.py::TestAppSettingsResetToDefaults::test_reset_sets_selected_voice_profile_to_default PASSED [ 12%]
tests/settings/test_reset_to_defaults.py::TestSettingsDialogResetButton::test_reset_button_exists PASSED [ 12%]
tests/settings/test_reset_to_defaults.py::TestSettingsDialogResetButton::test_reset_button_triggers_confirmation PASSED [ 12%]
tests/settings/test_reset_to_defaults.py::TestResetVoiceToBundled::test_reset_sets_voice_to_sarira_f PASSED [ 12%]
tests/settings/test_reset_to_defaults.py::TestResetDialogInformativeText::test_reset_dialog_mentions_devices PASSED [ 12%]
tests/settings/test_reset_to_defaults.py::TestResetDoesNotDeleteVoices::test_voice_files_not_deleted PASSED [ 12%]
tests/settings/test_reset_to_defaults.py::TestResetWindowPosition::test_reset_clears_position_for_centering PASSED [ 12%]
tests/settings/test_reset_to_defaults.py::TestResetAllSettings::test_all_settings_reset_correctly PASSED [ 12%]
tests/settings/test_user_settings_persistence.py::TestAppSettingsWindowTransparency::test_default_transparency_is_fully_opaque PASSED [ 12%]
tests/settings/test_user_settings_persistence.py::TestAppSettingsWindowTransparency::test_transparency_can_be_set PASSED [ 12%]
tests/settings/test_user_settings_persistence.py::TestAppSettingsWindowTransparency::test_transparency_validation_rejects_negative PASSED [ 12%]
tests/settings/test_user_settings_persistence.py::TestAppSettingsWindowTransparency::test_transparency_validation_rejects_over_one PASSED [ 13%]
tests/settings/test_user_settings_persistence.py::TestAppSettingsWindowTransparency::test_transparency_zero_is_valid PASSED [ 13%]
tests/settings/test_user_settings_persistence.py::TestAppSettingsWindowTransparency::test_transparency_one_is_valid PASSED [ 13%]
tests/settings/test_user_settings_persistence.py::TestAppSettingsSerialization::test_to_dict_includes_window_transparency PASSED [ 13%]
tests/settings/test_user_settings_persistence.py::TestAppSettingsSerialization::test_from_dict_restores_window_transparency PASSED [ 13%]
tests/settings/test_user_settings_persistence.py::TestAppSettingsSerialization::test_from_dict_uses_default_for_missing_transparency PASSED [ 13%]
tests/settings/test_user_settings_persistence.py::TestAppSettingsSerialization::test_to_dict_includes_window_geometry PASSED [ 13%]
tests/settings/test_user_settings_persistence.py::TestAppSettingsSerialization::test_to_dict_includes_all_persisted_fields PASSED [ 13%]
tests/settings/test_user_settings_persistence.py::TestAppSettingsResetDefaults::test_reset_to_defaults_resets_transparency PASSED [ 13%]
tests/settings/test_user_settings_persistence.py::TestAppSettingsResetDefaults::test_reset_to_defaults_clears_window_geometry PASSED [ 13%]
tests/settings/test_user_settings_persistence.py::TestConfigurationManagerWindowSettings::test_update_window_geometry PASSED [ 13%]
tests/settings/test_user_settings_persistence.py::TestConfigurationManagerWindowSettings::test_update_window_transparency PASSED [ 13%]
tests/settings/test_user_settings_persistence.py::TestConfigurationManagerWindowSettings::test_update_window_transparency_rejects_invalid PASSED [ 13%]
tests/settings/test_user_settings_persistence.py::TestConfigurationManagerWindowSettings::test_update_always_on_top PASSED [ 13%]
tests/settings/test_user_settings_persistence.py::TestConfigurationManagerWindowSettings::test_get_window_geometry PASSED [ 13%]
tests/settings/test_user_settings_persistence.py::TestConfigurationManagerWindowSettings::test_get_window_geometry_returns_none_when_not_set PASSED [ 13%]
tests/settings/test_user_settings_persistence.py::TestConfigurationManagerWindowSettings::test_get_window_transparency PASSED [ 13%]
tests/settings/test_user_settings_persistence.py::TestConfigurationManagerWindowSettings::test_get_always_on_top PASSED [ 13%]
tests/settings/test_user_settings_persistence.py::TestSettingsPersistenceToFile::test_save_and_load_preserves_all_settings PASSED [ 13%]
tests/settings/test_user_settings_persistence.py::TestSettingsPersistenceToFile::test_load_settings_from_file PASSED [ 13%]
tests/settings/test_user_settings_persistence.py::TestCorruptedSettingsRecovery::test_load_corrupted_file_uses_defaults PASSED [ 13%]
tests/settings/test_user_settings_persistence.py::TestCorruptedSettingsRecovery::test_missing_file_creates_defaults PASSED [ 13%]
tests/settings/test_user_settings_persistence.py::TestEmotionNotPersisted::test_app_settings_has_no_emotion_field PASSED [ 13%]
tests/settings/test_user_settings_persistence.py::TestEmotionNotPersisted::test_custom_emotion_text_is_persisted PASSED [ 13%]
tests/settings/test_user_settings_persistence.py::TestAutoFixTransparency::test_auto_fix_invalid_transparency PASSED [ 13%]
tests/test_qwen_tts_internals.py::test_qwen3_tts_model_class_is_top_level_importable PASSED [ 13%]
tests/test_qwen_tts_internals.py::test_voice_clone_prompt_item_class_is_deep_path_importable PASSED [ 13%]
tests/test_qwen_tts_internals.py::test_qwen3_tts_model_method_surface_intact PASSED [ 13%]
tests/test_qwen_tts_internals.py::test_transformers_basestreamer_importable_from_deep_path PASSED [ 13%]
tests/test_qwen_tts_internals.py::test_qwen3_tts_tokenizer_v1_decode_method_pinned PASSED [ 14%]
tests/test_qwen_tts_internals.py::test_qwen3_tts_for_conditional_generation_class_is_deep_path_importable PASSED [ 14%]
tests/test_qwen_tts_internals.py::test_qwen3_tts_talker_for_conditional_generation_class_is_callable PASSED [ 14%]
tests/test_qwen_tts_internals.py::test_qwen3_tts_wrapper_constructs_talker_attribute_in_init PASSED [ 14%]
tests/test_qwen_tts_internals.py::test_qwen3_tts_wrapper_calls_self_talker_generate_in_generate PASSED [ 14%]
tests/test_qwen_tts_internals.py::test_qwen3_tts_tokenizer_v2_decoder_module_classes_are_importable PASSED [ 14%]
tests/test_qwen_tts_internals.py::test_qwen3_tts_v2_decoder_forward_traversal_is_what_the_wrapper_mirrors PASSED [ 14%]
tests/test_qwen_tts_internals.py::test_causal_conv_still_left_pads_with_zeros PASSED [ 14%]
tests/test_qwen_tts_internals.py::test_causal_trans_conv_still_discards_left_and_right_pad PASSED [ 14%]
tests/test_qwen_tts_internals.py::test_v2_decoder_submodule_attribute_names_are_stable PASSED [ 14%]
tests/test_qwen_tts_internals.py::test_v2_decoder_transformer_layers_are_all_sliding_attention PASSED [ 14%]
tests/test_qwen_tts_internals.py::test_v2_decoder_upsample_geometry_still_yields_1920_and_555 PASSED [ 14%]
tests/test_qwen_tts_internals.py::test_v2_model_decode_still_routes_to_chunked_decode_then_forward PASSED [ 14%]
tests/test_qwen_tts_internals.py::test_transformers_dynamic_cache_snapshot_contract_is_intact PASSED [ 14%]
tests/ui/dialogs/settings/test_clear_comms_settings_panel.py::TestPanelConstruction::test_panel_is_qwidget_subclass PASSED [ 14%]
tests/ui/dialogs/settings/test_clear_comms_settings_panel.py::TestPanelConstruction::test_panel_constructs_with_no_state PASSED [ 14%]
tests/ui/dialogs/settings/test_clear_comms_settings_panel.py::TestPanelConstruction::test_panel_test_playback_signal_is_pyqt_signal PASSED [ 14%]
tests/ui/dialogs/settings/test_clear_comms_settings_panel.py::TestPanelConstruction::test_panel_default_internal_state_matches_appsettings_defaults PASSED [ 14%]
tests/ui/dialogs/settings/test_clear_comms_settings_panel.py::TestPanelReexport::test_clear_comms_settings_panel_reexport PASSED [ 14%]
tests/ui/dialogs/settings/test_clear_comms_settings_panel.py::test_panel_load_state_save_state_round_trip[last_generation-None-False] PASSED [ 14%]
tests/ui/dialogs/settings/test_clear_comms_settings_panel.py::test_panel_load_state_save_state_round_trip[last_generation-None-True] PASSED [ 14%]
tests/ui/dialogs/settings/test_clear_comms_settings_panel.py::test_panel_load_state_save_state_round_trip[file-None-False] PASSED [ 14%]
tests/ui/dialogs/settings/test_clear_comms_settings_panel.py::test_panel_load_state_save_state_round_trip[file-None-True] PASSED [ 14%]
tests/ui/dialogs/settings/test_clear_comms_settings_panel.py::test_panel_load_state_save_state_round_trip[last_generation-C:/sounds/legacy.wav-False] PASSED [ 14%]
tests/ui/dialogs/settings/test_clear_comms_settings_panel.py::test_panel_load_state_save_state_round_trip[file-C:/sounds/legacy.wav-True] PASSED [ 14%]
tests/ui/dialogs/settings/test_clear_comms_settings_panel.py::TestSourceRadios::test_default_radio_is_last_generation PASSED [ 14%]
tests/ui/dialogs/settings/test_clear_comms_settings_panel.py::TestSourceRadios::test_radio_toggle_hides_picker_row PASSED [ 14%]
tests/ui/dialogs/settings/test_clear_comms_settings_panel.py::TestSourceRadios::test_radio_toggle_does_not_emit_signal PASSED [ 14%]
tests/ui/dialogs/settings/test_clear_comms_settings_panel.py::TestSourceRadios::test_load_state_file_source_with_path_shows_picker_and_path PASSED [ 14%]
tests/ui/dialogs/settings/test_clear_comms_settings_panel.py::TestSourceRadios::test_path_display_placeholder_when_no_file PASSED [ 14%]
tests/ui/dialogs/settings/test_clear_comms_settings_panel.py::TestFilePicker::test_browse_button_opens_file_dialog_with_wav_filter PASSED [ 15%]
tests/ui/dialogs/settings/test_clear_comms_settings_panel.py::TestFilePicker::test_browse_cancel_does_not_change_state PASSED [ 15%]
tests/ui/dialogs/settings/test_clear_comms_settings_panel.py::TestFilePicker::test_status_label_shows_ready_message_for_valid_wav[8000] PASSED [ 15%]
tests/ui/dialogs/settings/test_clear_comms_settings_panel.py::TestFilePicker::test_status_label_shows_ready_message_for_valid_wav[22050] PASSED [ 15%]
tests/ui/dialogs/settings/test_clear_comms_settings_panel.py::TestFilePicker::test_status_label_shows_ready_message_for_valid_wav[44100] PASSED [ 15%]
tests/ui/dialogs/settings/test_clear_comms_settings_panel.py::TestFilePicker::test_status_label_shows_ready_message_for_valid_wav[48000] PASSED [ 15%]
tests/ui/dialogs/settings/test_clear_comms_settings_panel.py::TestFilePicker::test_status_label_shows_loader_error_for_corrupt_file PASSED [ 15%]
tests/ui/dialogs/settings/test_clear_comms_settings_panel.py::TestFilePicker::test_status_label_shows_loader_error_for_missing_file PASSED [ 15%]
tests/ui/dialogs/settings/test_clear_comms_settings_panel.py::TestFilePicker::test_status_label_shows_loader_error_for_spoofed_mp3 PASSED [ 15%]
tests/ui/dialogs/settings/test_clear_comms_settings_panel.py::TestFilePicker::test_status_label_does_not_mention_stereo_downmix PASSED [ 15%]
tests/ui/dialogs/settings/test_clear_comms_settings_panel.py::TestFilePicker::test_status_label_clears_on_no_file PASSED [ 15%]
tests/ui/dialogs/settings/test_clear_comms_settings_panel.py::TestFilePicker::test_path_display_is_read_only PASSED [ 15%]
tests/ui/dialogs/settings/test_clear_comms_settings_panel.py::TestTestPlaybackButton::test_test_playback_button_emits_signal_with_panel_state PASSED [ 15%]
tests/ui/dialogs/settings/test_clear_comms_settings_panel.py::TestTestPlaybackButton::test_test_playback_button_uses_panel_state_not_persisted PASSED [ 15%]
tests/ui/dialogs/settings/test_clear_comms_settings_panel.py::TestTestPlaybackButton::test_test_playback_button_enabled_for_last_generation PASSED [ 15%]
tests/ui/dialogs/settings/test_clear_comms_settings_panel.py::TestTestPlaybackButton::test_test_playback_button_disabled_for_file_without_valid_path PASSED [ 15%]
tests/ui/dialogs/settings/test_clear_comms_settings_panel.py::TestTestPlaybackButton::test_test_playback_button_enabled_for_file_with_valid_path PASSED [ 15%]
tests/ui/dialogs/settings/test_clear_comms_settings_panel.py::TestTestPlaybackButton::test_test_playback_button_disabled_for_invalid_file PASSED [ 15%]
tests/ui/dialogs/settings/test_clear_comms_settings_panel.py::TestTestPlaybackButton::test_test_playback_button_disabled_for_unrecognized_source_kind PASSED [ 15%]
tests/ui/dialogs/settings/test_clear_comms_settings_panel.py::TestQueueModeCheckbox::test_queue_mode_default_unchecked PASSED [ 15%]
tests/ui/dialogs/settings/test_clear_comms_settings_panel.py::TestQueueModeCheckbox::test_queue_mode_load_state_round_trip PASSED [ 15%]
tests/ui/dialogs/settings/test_clear_comms_settings_panel.py::TestQueueModeCheckbox::test_queue_mode_toggle_does_not_emit_signal PASSED [ 15%]
tests/ui/dialogs/settings/test_clear_comms_settings_panel.py::TestAccessibility::test_each_interactive_widget_has_accessible_metadata PASSED [ 15%]
tests/ui/dialogs/settings/test_clear_comms_settings_panel.py::TestAccessibility::test_radios_have_accessible_descriptions PASSED [ 15%]
tests/ui/dialogs/settings/test_clear_comms_settings_panel.py::TestAccessibility::test_queue_checkbox_has_tooltip_explaining_default PASSED [ 15%]
tests/ui/dialogs/settings/test_clear_comms_settings_panel.py::TestProbeReload::test_load_state_with_stale_path_surfaces_error PASSED [ 15%]
tests/ui/test_accessibility.py::TestAccessibleNames::test_text_input_has_accessible_name PASSED [ 15%]
tests/ui/test_accessibility.py::TestAccessibleNames::test_generate_button_has_accessible_name PASSED [ 15%]
tests/ui/test_accessibility.py::TestAccessibleNames::test_quick_speak_button_has_accessible_name PASSED [ 15%]
tests/ui/test_accessibility.py::TestAccessibleNames::test_replay_button_has_accessible_name PASSED [ 16%]
tests/ui/test_accessibility.py::TestAccessibleNames::test_clear_button_has_accessible_name PASSED [ 16%]
tests/ui/test_accessibility.py::TestAccessibleNames::test_settings_button_has_accessible_name PASSED [ 16%]
tests/ui/test_accessibility.py::TestAccessibleNames::test_status_bar_has_accessible_name PASSED [ 16%]
tests/ui/test_accessibility.py::TestFocusPolicy::test_text_input_accepts_focus PASSED [ 16%]
tests/ui/test_accessibility.py::TestFocusPolicy::test_generate_button_accepts_focus PASSED [ 16%]
tests/ui/test_accessibility.py::TestFocusPolicy::test_quick_speak_button_accepts_focus PASSED [ 16%]
tests/ui/test_accessibility.py::TestFocusPolicy::test_replay_button_accepts_focus PASSED [ 16%]
tests/ui/test_accessibility.py::TestFocusPolicy::test_clear_button_accepts_focus PASSED [ 16%]
tests/ui/test_accessibility.py::TestFocusPolicy::test_settings_button_accepts_focus PASSED [ 16%]
tests/ui/test_accessibility.py::TestFocusPolicy::test_voice_label_no_focus PASSED [ 16%]
tests/ui/test_accessibility.py::TestTabOrder::test_text_input_can_receive_focus PASSED [ 16%]
tests/ui/test_accessibility.py::TestTabOrder::test_tab_from_text_to_quick_speak PASSED [ 16%]
tests/ui/test_accessibility.py::TestEmotionButtonAccessibility::test_emotion_buttons_have_accessible_names PASSED [ 16%]
tests/ui/test_accessibility.py::TestEmotionButtonAccessibility::test_get_emotion_buttons_returns_list PASSED [ 16%]
tests/ui/test_accessibility.py::TestEmotionButtonAccessibility::test_emotion_buttons_in_order PASSED [ 16%]
tests/ui/test_accessibility.py::TestLiveRegionAnnouncements::test_announce_status_updates_status_bar PASSED [ 16%]
tests/ui/test_accessibility.py::TestLiveRegionAnnouncements::test_announce_generation_complete PASSED [ 16%]
tests/ui/test_accessibility.py::TestLiveRegionAnnouncements::test_announce_error PASSED [ 16%]
tests/ui/test_accessibility.py::TestHighContrastMode::test_is_high_contrast_mode_returns_bool PASSED [ 16%]
tests/ui/test_accessibility.py::TestHighContrastMode::test_is_high_contrast_mode_handles_non_windows PASSED [ 16%]
tests/ui/test_accessibility.py::TestFocusIndicatorStyles::test_dark_theme_has_focus_styles PASSED [ 16%]
tests/ui/test_accessibility.py::TestFocusIndicatorStyles::test_light_theme_has_focus_styles PASSED [ 16%]
tests/ui/test_accessibility.py::TestKeyboardActivation::test_button_responds_to_space PASSED [ 16%]
tests/ui/test_accessibility.py::TestKeyboardActivation::test_button_responds_to_enter PASSED [ 16%]
tests/ui/test_clear_comms_button.py::TestClearCommsButtonConstruction::test_clear_comms_button_is_qpushbutton_subclass PASSED [ 16%]
tests/ui/test_clear_comms_button.py::TestClearCommsButtonConstruction::test_clear_comms_button_default_disabled PASSED [ 16%]
tests/ui/test_clear_comms_button.py::TestClearCommsButtonConstruction::test_clear_comms_button_default_tooltip PASSED [ 16%]
tests/ui/test_clear_comms_button.py::TestClearCommsButtonConstruction::test_clear_comms_button_default_object_name PASSED [ 16%]
tests/ui/test_clear_comms_button.py::TestClearCommsButtonConstruction::test_clear_comms_button_fixed_size_24x24 PASSED [ 17%]
tests/ui/test_clear_comms_button.py::TestClearCommsButtonConstruction::test_clear_comms_button_has_icon PASSED [ 17%]
tests/ui/test_clear_comms_button.py::TestClearCommsButtonConstruction::test_clear_comms_button_logger_attached PASSED [ 17%]
tests/ui/test_clear_comms_button.py::TestClearCommsButtonSetState::test_set_state_matrix[last_generation-False-False-False-False-Generate audio first to use Clear Comms] PASSED [ 17%]
tests/ui/test_clear_comms_button.py::TestClearCommsButtonSetState::test_set_state_matrix[last_generation-False-True-False-False-Generate audio first to use Clear Comms] PASSED [ 17%]
tests/ui/test_clear_comms_button.py::TestClearCommsButtonSetState::test_set_state_matrix[last_generation-True-False-False-True-Clear Comms (interrupt) \u2014 replay last generation] PASSED [ 17%]
tests/ui/test_clear_comms_button.py::TestClearCommsButtonSetState::test_set_state_matrix[last_generation-True-False-True-True-Clear Comms (queue) \u2014 replay last generation after current] PASSED [ 17%]
tests/ui/test_clear_comms_button.py::TestClearCommsButtonSetState::test_set_state_matrix[last_generation-True-True-False-True-Clear Comms (interrupt) \u2014 replay last generation] PASSED [ 17%]
tests/ui/test_clear_comms_button.py::TestClearCommsButtonSetState::test_set_state_matrix[last_generation-True-True-True-True-Clear Comms (queue) \u2014 replay last generation after current] PASSED [ 17%]
tests/ui/test_clear_comms_button.py::TestClearCommsButtonSetState::test_set_state_matrix[file-False-False-False-False-Pick a Clear Comms file in Settings] PASSED [ 17%]
tests/ui/test_clear_comms_button.py::TestClearCommsButtonSetState::test_set_state_matrix[file-True-False-False-False-Pick a Clear Comms file in Settings] PASSED [ 17%]
tests/ui/test_clear_comms_button.py::TestClearCommsButtonSetState::test_set_state_matrix[file-False-True-False-True-Clear Comms (interrupt) \u2014 play configured file] PASSED [ 17%]
tests/ui/test_clear_comms_button.py::TestClearCommsButtonSetState::test_set_state_matrix[file-False-True-True-True-Clear Comms (queue) \u2014 play configured file after current] PASSED [ 17%]
tests/ui/test_clear_comms_button.py::TestClearCommsButtonSetState::test_set_state_matrix[file-True-True-False-True-Clear Comms (interrupt) \u2014 play configured file] PASSED [ 17%]
tests/ui/test_clear_comms_button.py::TestClearCommsButtonSetState::test_set_state_matrix[file-True-True-True-True-Clear Comms (queue) \u2014 play configured file after current] PASSED [ 17%]
tests/ui/test_clear_comms_button.py::TestClearCommsButtonSetState::test_unrecognized_source_kind_falls_back_to_disabled PASSED [ 17%]
tests/ui/test_clear_comms_button.py::TestClearCommsButtonSetState::test_set_state_idempotent_repeated_call PASSED [ 17%]
tests/ui/test_clear_comms_button.py::TestClearCommsButtonSetState::test_set_state_pure_helper_matches_matrix PASSED [ 17%]
tests/ui/test_clear_comms_button.py::TestClearCommsButtonModuleBoundary::test_clear_comms_button_does_not_import_forbidden[myvoice.services] PASSED [ 17%]
tests/ui/test_clear_comms_button.py::TestClearCommsButtonModuleBoundary::test_clear_comms_button_does_not_import_forbidden[myvoice.models] PASSED [ 17%]
tests/ui/test_clear_comms_button.py::TestClearCommsButtonModuleBoundary::test_clear_comms_button_does_not_import_forbidden[clear_comms_settings_panel] PASSED [ 17%]
tests/ui/test_clear_comms_button.py::TestClearCommsButtonModuleBoundary::test_clear_comms_button_does_not_import_forbidden[qwen_tts_service] PASSED [ 17%]
tests/ui/test_clear_comms_button.py::TestClearCommsButtonModuleBoundary::test_clear_comms_button_does_not_import_forbidden[audio_coordinator] PASSED [ 17%]
tests/ui/test_clear_comms_button.py::TestClearCommsButtonModuleBoundary::test_clear_comms_button_does_not_import_forbidden[tts_streaming] PASSED [ 17%]
tests/ui/test_clear_comms_button.py::TestClearCommsButtonInComponentsExports::test_clear_comms_button_exported_from_components_package PASSED [ 17%]
tests/ui/test_clear_comms_button.py::TestClearCommsButtonInComponentsExports::test_clear_comms_button_in_components_all PASSED [ 17%]
tests/ui/test_clear_comms_button.py::TestClearCommsButtonMainWindowIntegration::test_main_window_has_clear_comms_button_attribute PASSED [ 17%]
tests/ui/test_clear_comms_button.py::TestClearCommsButtonMainWindowIntegration::test_clear_comms_button_in_action_buttons_layout PASSED [ 17%]
tests/ui/test_clear_comms_button.py::TestClearCommsButtonMainWindowIntegration::test_clear_comms_button_layout_order PASSED [ 17%]
tests/ui/test_clear_comms_button.py::TestClearCommsButtonMainWindowIntegration::test_main_window_declares_clear_comms_requested_signal PASSED [ 17%]
tests/ui/test_clear_comms_button.py::TestClearCommsButtonMainWindowIntegration::test_clear_comms_requested_is_bound_signal_on_instance PASSED [ 18%]
tests/ui/test_clear_comms_button.py::TestClearCommsButtonMainWindowIntegration::test_click_emits_clear_comms_requested PASSED [ 18%]
tests/ui/test_clear_comms_button.py::TestClearCommsButtonMainWindowIntegration::test_click_when_disabled_does_not_emit PASSED [ 18%]
tests/ui/test_clear_comms_button.py::TestClearCommsButtonMainWindowIntegration::test_set_clear_comms_config_snapshot_drives_button_state PASSED [ 18%]
tests/ui/test_clear_comms_button.py::TestClearCommsButtonMainWindowIntegration::test_saveable_session_changed_propagates_to_clear_comms_button PASSED [ 18%]
tests/ui/test_clear_comms_button.py::TestClearCommsButtonMainWindowIntegration::test_legacy_no_registry_button_disabled PASSED [ 18%]
tests/ui/test_clear_comms_button.py::TestClearCommsButtonAccessibility::test_clear_comms_accessible_name_set PASSED [ 18%]
tests/ui/test_clear_comms_button.py::TestClearCommsButtonAccessibility::test_clear_comms_accessible_description_set PASSED [ 18%]
tests/ui/test_clear_comms_button.py::TestClearCommsButtonAccessibility::test_clear_comms_focus_policy_strong PASSED [ 18%]
tests/ui/test_clear_comms_button.py::TestClearCommsButtonAccessibility::test_clear_comms_in_tab_order_save_to_clear_comms_to_clear PASSED [ 18%]
tests/ui/test_close_to_tray_toggle.py::TestTitleBarMinimizeHonoursSetting::test_minimizes_to_tray_when_setting_enabled PASSED [ 18%]
tests/ui/test_close_to_tray_toggle.py::TestTitleBarMinimizeHonoursSetting::test_minimizes_to_taskbar_when_setting_disabled PASSED [ 18%]
tests/ui/test_close_to_tray_toggle.py::TestTitleBarMinimizeHonoursSetting::test_falls_back_to_taskbar_when_settings_missing PASSED [ 18%]
tests/ui/test_close_to_tray_toggle.py::TestTitleBarMinimizeHonoursSetting::test_falls_back_to_taskbar_when_parent_has_no_tray_helper PASSED [ 18%]
tests/ui/test_close_to_tray_toggle.py::TestTitleBarMinimizeHonoursSetting::test_no_parent_window_is_a_no_op PASSED [ 18%]
tests/ui/test_close_to_tray_toggle.py::TestTitleBarMinimizeHonoursSetting::test_helper_reports_both_branches PASSED [ 18%]
tests/ui/test_close_to_tray_toggle.py::TestInterfaceTabCloseBehaviorControl::test_default_setting_value_is_unchanged PASSED [ 18%]
tests/ui/test_close_to_tray_toggle.py::TestCloseEventHonoursToggle::test_close_hides_to_tray_when_toggle_enabled PASSED [ 18%]
tests/ui/test_close_to_tray_toggle.py::TestCloseEventHonoursToggle::test_close_hides_to_tray_with_a_real_tray_icon PASSED [ 18%]
tests/ui/test_close_to_tray_toggle.py::TestCloseEventHonoursToggle::test_close_quits_when_toggle_disabled PASSED [ 18%]
tests/ui/test_close_to_tray_toggle.py::TestCloseEventHonoursToggle::test_confirm_dialog_can_still_cancel_the_close PASSED [ 18%]
tests/ui/test_close_to_tray_toggle.py::TestMeasurementModeUnaffected::test_env_var_forces_quit_regardless_of_toggle[True] PASSED [ 18%]
tests/ui/test_close_to_tray_toggle.py::TestMeasurementModeUnaffected::test_env_var_forces_quit_regardless_of_toggle[False] PASSED [ 18%]
tests/ui/test_close_to_tray_toggle.py::TestMeasurementModeUnaffected::test_without_env_var_the_toggle_still_governs PASSED [ 18%]
tests/ui/test_close_to_tray_toggle.py::TestLiveSettingsUpdate::test_window_and_title_bar_follow_a_live_settings_update PASSED [ 18%]
tests/ui/test_compact_always_on_top_window.py::TestWindowDimensions::test_window_default_size PASSED [ 18%]
tests/ui/test_compact_always_on_top_window.py::TestWindowDimensions::test_window_minimum_size PASSED [ 18%]
tests/ui/test_compact_always_on_top_window.py::TestWindowDimensions::test_window_maximum_size PASSED [ 18%]
tests/ui/test_compact_always_on_top_window.py::TestFramelessWindow::test_window_is_frameless PASSED [ 18%]
tests/ui/test_compact_always_on_top_window.py::TestFramelessWindow::test_window_has_custom_title_bar PASSED [ 19%]
tests/ui/test_compact_always_on_top_window.py::TestCustomTitleBar::test_title_bar_height PASSED [ 19%]
tests/ui/test_compact_always_on_top_window.py::TestCustomTitleBar::test_title_bar_has_title PASSED [ 19%]
tests/ui/test_compact_always_on_top_window.py::TestCustomTitleBar::test_title_bar_has_minimize_button PASSED [ 19%]
tests/ui/test_compact_always_on_top_window.py::TestCustomTitleBar::test_title_bar_has_maximize_button PASSED [ 19%]
tests/ui/test_compact_always_on_top_window.py::TestCustomTitleBar::test_title_bar_has_close_button PASSED [ 19%]
tests/ui/test_compact_always_on_top_window.py::TestCustomTitleBar::test_title_bar_button_sizes PASSED [ 19%]
tests/ui/test_compact_always_on_top_window.py::TestTitleBarDragging::test_title_bar_tracks_drag_state PASSED [ 19%]
tests/ui/test_compact_always_on_top_window.py::TestTitleBarDragging::test_title_bar_mouse_event_methods PASSED [ 19%]
tests/ui/test_compact_always_on_top_window.py::TestAlwaysOnTopDefault::test_always_on_top_default_value_is_true PASSED [ 19%]
tests/ui/test_compact_always_on_top_window.py::TestAlwaysOnTopDefault::test_window_always_on_top_flag_with_settings PASSED [ 19%]
tests/ui/test_compact_always_on_top_window.py::TestAlwaysOnTopToggle::test_set_always_on_top_true PASSED [ 19%]
tests/ui/test_compact_always_on_top_window.py::TestAlwaysOnTopToggle::test_set_always_on_top_false PASSED [ 19%]
tests/ui/test_compact_always_on_top_window.py::TestAlwaysOnTopToggle::test_toggle_always_on_top_preserves_frameless PASSED [ 19%]
tests/ui/test_compact_always_on_top_window.py::TestSettingsInterfaceTab::test_interface_tab_has_always_on_top_checkbox PASSED [ 19%]
tests/ui/test_compact_always_on_top_window.py::TestSettingsInterfaceTab::test_always_on_top_checkbox_label PASSED [ 19%]
tests/ui/test_compact_always_on_top_window.py::TestSettingsInterfaceTab::test_always_on_top_checkbox_loads_current_value PASSED [ 19%]
tests/ui/test_compact_always_on_top_window.py::TestSettingsInterfaceTab::test_always_on_top_checkbox_loads_false_value PASSED [ 19%]
tests/ui/test_compact_always_on_top_window.py::TestSettingsInterfaceTab::test_interface_tab_in_appearance_group PASSED [ 19%]
tests/ui/test_compact_always_on_top_window.py::TestSettingsPersistence::test_app_settings_has_always_on_top_field PASSED [ 19%]
tests/ui/test_compact_always_on_top_window.py::TestSettingsPersistence::test_app_settings_to_dict_includes_always_on_top PASSED [ 19%]
tests/ui/test_compact_always_on_top_window.py::TestSettingsPersistence::test_app_settings_from_dict_loads_always_on_top PASSED [ 19%]
tests/ui/test_compact_always_on_top_window.py::TestSettingsPersistence::test_settings_dialog_saves_always_on_top_to_settings PASSED [ 19%]
tests/ui/test_compact_always_on_top_window.py::TestWindowTitle::test_window_title_is_myvoice PASSED [ 19%]
tests/ui/test_compact_always_on_top_window.py::TestTitleBarMaximizeRestore::test_maximize_button_toggles_state PASSED [ 19%]
tests/ui/test_compact_always_on_top_window.py::TestSettingsChangedSignal::test_main_window_has_settings_changed_handler PASSED [ 19%]
tests/ui/test_compact_always_on_top_window.py::TestSettingsChangedSignal::test_settings_changed_applies_always_on_top PASSED [ 19%]
tests/ui/test_compact_always_on_top_window.py::TestWindowIcon::test_title_bar_has_icon PASSED [ 19%]
tests/ui/test_custom_emotion.py::TestAppSettingsCustomEmotion::test_custom_emotion_text_default_none PASSED [ 19%]
tests/ui/test_custom_emotion.py::TestAppSettingsCustomEmotion::test_custom_emotion_presets_has_defaults PASSED [ 19%]
tests/ui/test_custom_emotion.py::TestAppSettingsCustomEmotion::test_custom_emotion_text_serialization PASSED [ 20%]
tests/ui/test_custom_emotion.py::TestAppSettingsCustomEmotion::test_custom_emotion_text_deserialization PASSED [ 20%]
tests/ui/test_custom_emotion.py::TestAppSettingsCustomEmotion::test_custom_emotion_presets_serialization PASSED [ 20%]
tests/ui/test_custom_emotion.py::TestAppSettingsCustomEmotion::test_reset_to_defaults_clears_custom_emotion PASSED [ 20%]
tests/ui/test_custom_emotion.py::TestEmotionButtonGroupCustomEmotion::test_initial_custom_emotion_state PASSED [ 20%]
tests/ui/test_custom_emotion.py::TestEmotionButtonGroupCustomEmotion::test_set_custom_emotion PASSED [ 20%]
tests/ui/test_custom_emotion.py::TestEmotionButtonGroupCustomEmotion::test_get_current_instruct_with_custom_emotion PASSED [ 20%]
tests/ui/test_custom_emotion.py::TestEmotionButtonGroupCustomEmotion::test_get_current_instruct_without_custom_emotion PASSED [ 20%]
tests/ui/test_custom_emotion.py::TestEmotionButtonGroupCustomEmotion::test_selecting_preset_clears_custom_emotion PASSED [ 20%]
tests/ui/test_custom_emotion.py::TestEmotionButtonGroupCustomEmotion::test_custom_emotion_cleared_signal PASSED [ 20%]
tests/ui/test_custom_emotion.py::TestEmotionButtonGroupCustomEmotion::test_clear_custom_emotion PASSED [ 20%]
tests/ui/test_custom_emotion.py::TestEmotionButtonGroupCustomEmotion::test_custom_button_text_changes_when_active PASSED [ 20%]
tests/ui/test_custom_emotion.py::TestEmotionButtonGroupCustomEmotion::test_empty_custom_emotion_not_set PASSED [ 20%]
tests/ui/test_custom_emotion.py::TestEmotionButtonGroupCustomEmotion::test_preset_buttons_unchecked_when_custom_active PASSED [ 20%]
tests/ui/test_custom_emotion.py::TestCustomEmotionIntegration::test_custom_emotion_to_preset_to_custom_flow PASSED [ 20%]
tests/ui/test_custom_emotion.py::TestCustomEmotionIntegration::test_custom_emotion_preserved_during_disable PASSED [ 20%]
tests/ui/test_custom_emotion.py::TestCustomEmotionIntegration::test_custom_emotion_with_keyboard_shortcuts PASSED [ 20%]
tests/ui/test_emotion_button_group.py::TestEmotionPreset::test_preset_count PASSED [ 20%]
tests/ui/test_emotion_button_group.py::TestEmotionPreset::test_preset_order PASSED [ 20%]
tests/ui/test_emotion_button_group.py::TestEmotionPreset::test_preset_emojis PASSED [ 20%]
tests/ui/test_emotion_button_group.py::TestEmotionPreset::test_preset_shortcuts PASSED [ 20%]
tests/ui/test_emotion_button_group.py::TestEmotionPreset::test_preset_instruct_strings PASSED [ 20%]
tests/ui/test_emotion_button_group.py::TestEmotionPreset::test_from_id PASSED [ 20%]
tests/ui/test_emotion_button_group.py::TestEmotionPreset::test_from_index PASSED [ 20%]
tests/ui/test_emotion_button_group.py::TestEmotionButton::test_button_creation PASSED [ 20%]
tests/ui/test_emotion_button_group.py::TestEmotionButton::test_button_size PASSED [ 20%]
tests/ui/test_emotion_button_group.py::TestEmotionButton::test_button_tooltip PASSED [ 20%]
tests/ui/test_emotion_button_group.py::TestEmotionButtonGroup::test_initial_state_neutral PASSED [ 20%]
tests/ui/test_emotion_button_group.py::TestEmotionButtonGroup::test_five_buttons_present PASSED [ 20%]
tests/ui/test_emotion_button_group.py::TestEmotionButtonGroup::test_custom_button_present PASSED [ 21%]
tests/ui/test_emotion_button_group.py::TestEmotionButtonGroup::test_radio_behavior PASSED [ 21%]
tests/ui/test_emotion_button_group.py::TestEmotionButtonGroup::test_set_preset PASSED [ 21%]
tests/ui/test_emotion_button_group.py::TestEmotionButtonGroup::test_set_preset_by_id PASSED [ 21%]
tests/ui/test_emotion_button_group.py::TestEmotionButtonGroup::test_set_preset_by_index PASSED [ 21%]
tests/ui/test_emotion_button_group.py::TestEmotionButtonGroup::test_get_current_instruct PASSED [ 21%]
tests/ui/test_emotion_button_group.py::TestEmotionButtonGroup::test_emotion_changed_signal PASSED [ 21%]
tests/ui/test_emotion_button_group.py::TestEmotionButtonGroup::test_custom_emotion_requested_signal PASSED [ 21%]
tests/ui/test_emotion_button_group.py::TestEmotionButtonGroup::test_enable_disable PASSED [ 21%]
tests/ui/test_emotion_button_group.py::TestEmotionButtonGroup::test_reset_to_default PASSED [ 21%]
tests/ui/test_emotion_button_group.py::TestEmotionButtonGroup::test_no_signal_on_same_selection PASSED [ 21%]
tests/ui/test_emotion_button_group.py::TestEmotionButtonGroupAccessibility::test_buttons_have_accessible_names PASSED [ 21%]
tests/ui/test_emotion_button_group.py::TestEmotionButtonGroupAccessibility::test_buttons_have_accessible_descriptions PASSED [ 21%]
tests/ui/test_emotion_button_group_variants.py::TestUpdateAvailableEmotions::test_all_emotions_available PASSED [ 21%]
tests/ui/test_emotion_button_group_variants.py::TestUpdateAvailableEmotions::test_partial_emotions_available PASSED [ 21%]
tests/ui/test_emotion_button_group_variants.py::TestUpdateAvailableEmotions::test_only_neutral_available PASSED [ 21%]
tests/ui/test_emotion_button_group_variants.py::TestUpdateAvailableEmotions::test_unavailable_emotion_tooltip PASSED [ 21%]
tests/ui/test_emotion_button_group_variants.py::TestUpdateAvailableEmotions::test_available_emotion_tooltip_normal PASSED [ 21%]
tests/ui/test_emotion_button_group_variants.py::TestUpdateAvailableEmotions::test_auto_select_first_available PASSED [ 21%]
tests/ui/test_emotion_button_group_variants.py::TestUpdateAvailableEmotions::test_keeps_current_if_available PASSED [ 21%]
tests/ui/test_emotion_button_group_variants.py::TestUpdateAvailableEmotions::test_custom_button_enabled PASSED [ 21%]
tests/ui/test_emotion_button_group_variants.py::TestUpdateAvailableEmotions::test_empty_available_emotions PASSED [ 21%]
tests/ui/test_emotion_button_group_variants.py::TestUpdateAvailableEmotions::test_voice_name_in_tooltip_without_name PASSED [ 21%]
tests/ui/test_emotion_button_group_variants.py::TestUpdateAvailableEmotions::test_signal_emitted_on_auto_select PASSED [ 21%]
tests/ui/test_emotion_button_group_variants.py::TestEmotionVariantsIntegration::test_switch_between_voice_types PASSED [ 21%]
tests/ui/test_emotion_button_group_variants.py::TestEmotionVariantsIntegration::test_re_enable_all_emotions PASSED [ 21%]
tests/ui/test_emotion_button_group_variants.py::TestEmotionVariantsIntegration::test_selection_preserved_across_updates PASSED [ 21%]
tests/ui/test_emotion_button_group_variants.py::TestEmotionVariantsIntegration::test_get_current_instruct_after_update PASSED [ 21%]
tests/ui/test_emotion_keyboard_shortcuts.py::TestEmotionKeyboardShortcutsBasic::test_f1_selects_neutral PASSED [ 21%]
tests/ui/test_emotion_keyboard_shortcuts.py::TestEmotionKeyboardShortcutsBasic::test_f2_selects_happy PASSED [ 21%]
tests/ui/test_emotion_keyboard_shortcuts.py::TestEmotionKeyboardShortcutsBasic::test_f3_selects_sad PASSED [ 22%]
tests/ui/test_emotion_keyboard_shortcuts.py::TestEmotionKeyboardShortcutsBasic::test_f4_selects_angry PASSED [ 22%]
tests/ui/test_emotion_keyboard_shortcuts.py::TestEmotionKeyboardShortcutsBasic::test_f5_selects_flirtatious PASSED [ 22%]
tests/ui/test_emotion_keyboard_shortcuts.py::TestEmotionKeyboardShortcutsButtonState::test_f1_updates_button_checked_state PASSED [ 22%]
tests/ui/test_emotion_keyboard_shortcuts.py::TestEmotionKeyboardShortcutsButtonState::test_shortcut_updates_correct_button PASSED [ 22%]
tests/ui/test_emotion_keyboard_shortcuts.py::TestEmotionKeyboardShortcutsDisabled::test_f1_f5_no_effect_when_emotion_disabled PASSED [ 22%]
tests/ui/test_emotion_keyboard_shortcuts.py::TestEmotionKeyboardShortcutsDisabled::test_shortcuts_work_after_reenabling_emotion PASSED [ 22%]
tests/ui/test_emotion_keyboard_shortcuts.py::TestEmotionKeyboardShortcutsSignals::test_shortcut_emits_emotion_changed_signal PASSED [ 22%]
tests/ui/test_emotion_keyboard_shortcuts.py::TestEmotionKeyboardShortcutsSignals::test_no_signal_when_disabled PASSED [ 22%]
tests/ui/test_emotion_keyboard_shortcuts.py::TestEmotionKeyboardShortcutsWindowScope::test_shortcut_works_with_text_input_focus PASSED [ 22%]
tests/ui/test_emotion_keyboard_shortcuts.py::TestEmotionKeyboardShortcutsInstruct::test_shortcut_updates_instruct_string PASSED [ 22%]
tests/ui/test_emotion_keyboard_shortcuts.py::TestEmotionKeyboardShortcutsInstruct::test_all_shortcuts_set_correct_instruct PASSED [ 22%]
tests/ui/test_emotion_keyboard_shortcuts.py::TestEmotionKeyboardShortcutsOtherKeys::test_esc_still_clears_text PASSED [ 22%]
tests/ui/test_emotion_keyboard_shortcuts.py::TestEmotionKeyboardShortcutsOtherKeys::test_other_function_keys_not_consumed PASSED [ 22%]
tests/ui/test_emotion_keyboard_shortcuts.py::TestEmotionKeyboardShortcutsOtherKeys::test_regular_keys_not_affected PASSED [ 22%]
tests/ui/test_emotion_keyboard_shortcuts.py::TestEmotionKeyboardShortcutsKeyMapping::test_correct_key_to_index_mapping PASSED [ 22%]
tests/ui/test_emotion_state_management.py::TestVoiceProfileEmotionCapable::test_voice_profile_has_emotion_capable_attribute PASSED [ 22%]
tests/ui/test_emotion_state_management.py::TestVoiceProfileEmotionCapable::test_cloned_voice_emotion_capable_false_by_default PASSED [ 22%]
tests/ui/test_emotion_state_management.py::TestVoiceProfileEmotionCapable::test_voice_profile_emotion_capable_serialization PASSED [ 22%]
tests/ui/test_emotion_state_management.py::TestVoiceProfileEmotionCapable::test_voice_profile_emotion_capable_deserialization PASSED [ 22%]
tests/ui/test_emotion_state_management.py::TestVoiceProfileEmotionCapable::test_voice_profile_emotion_capable_default_on_old_data PASSED [ 22%]
tests/ui/test_emotion_state_management.py::TestUIStateEmotionFields::test_ui_state_has_current_emotion PASSED [ 22%]
tests/ui/test_emotion_state_management.py::TestUIStateEmotionFields::test_ui_state_has_emotion_enabled PASSED [ 22%]
tests/ui/test_emotion_state_management.py::TestUIStateEmotionFields::test_ui_state_emotion_serialization PASSED [ 22%]
tests/ui/test_emotion_state_management.py::TestQwenModelTypeSupportsEmotion::test_custom_voice_supports_emotion PASSED [ 22%]
tests/ui/test_emotion_state_management.py::TestQwenModelTypeSupportsEmotion::test_voice_design_supports_emotion PASSED [ 22%]
tests/ui/test_emotion_state_management.py::TestQwenModelTypeSupportsEmotion::test_base_model_no_emotion_support PASSED [ 22%]
tests/ui/test_emotion_state_management.py::TestEmotionButtonGroupEnableDisable::test_emotion_group_disabled_for_cloned_voice PASSED [ 22%]
tests/ui/test_emotion_state_management.py::TestEmotionButtonGroupEnableDisable::test_emotion_group_tooltip_when_disabled PASSED [ 22%]
tests/ui/test_emotion_state_management.py::TestEmotionButtonGroupEnableDisable::test_emotion_group_re_enabled_for_custom_voice PASSED [ 23%]
tests/ui/test_emotion_state_management.py::TestEmotionButtonGroupEnableDisable::test_emotion_selection_persists_while_disabled PASSED [ 23%]
tests/ui/test_emotion_state_management.py::TestMainWindowEmotionIntegration::test_main_window_set_emotion_enabled PASSED [ 23%]
tests/ui/test_emotion_state_management.py::TestMainWindowEmotionIntegration::test_main_window_emotion_disabled_affects_buttons PASSED [ 23%]
tests/ui/test_emotion_state_management.py::TestEmotionStateManagementIntegration::test_cloned_voice_disables_emotion_flow PASSED [ 23%]
tests/ui/test_emotion_state_management.py::TestEmotionStateManagementIntegration::test_emotion_preset_values_complete PASSED [ 23%]
tests/ui/test_error_handling.py::TestErrorCode::test_error_codes_are_strings PASSED [ 23%]
tests/ui/test_error_handling.py::TestErrorCode::test_tts_error_codes_exist PASSED [ 23%]
tests/ui/test_error_handling.py::TestErrorCode::test_audio_error_codes_exist PASSED [ 23%]
tests/ui/test_error_handling.py::TestErrorCode::test_voice_error_codes_exist PASSED [ 23%]
tests/ui/test_error_handling.py::TestErrorMessageTemplates::test_templates_have_what_and_action PASSED [ 23%]
tests/ui/test_error_handling.py::TestErrorMessageTemplates::test_templates_have_severity PASSED [ 23%]
tests/ui/test_error_handling.py::TestErrorMessageFormatter::test_format_error_returns_string PASSED [ 23%]
tests/ui/test_error_handling.py::TestErrorMessageFormatter::test_format_error_has_what_and_action_pattern PASSED [ 23%]
tests/ui/test_error_handling.py::TestErrorMessageFormatter::test_format_error_substitutes_variables PASSED [ 23%]
tests/ui/test_error_handling.py::TestErrorMessageFormatter::test_format_error_handles_unknown_code PASSED [ 23%]
tests/ui/test_error_handling.py::TestErrorMessageFormatter::test_get_severity_returns_severity PASSED [ 23%]
tests/ui/test_error_handling.py::TestErrorMessageFormatter::test_create_error_returns_myvoice_error PASSED [ 23%]
tests/ui/test_error_handling.py::TestErrorMessageFormatter::test_create_error_includes_technical_details PASSED [ 23%]
tests/ui/test_error_handling.py::TestGlobalExceptionHandler::test_install_sets_excepthook PASSED [ 23%]
tests/ui/test_error_handling.py::TestGlobalExceptionHandler::test_uninstall_restores_original PASSED [ 23%]
tests/ui/test_error_handling.py::TestGlobalExceptionHandler::test_set_error_callback PASSED [ 23%]
tests/ui/test_error_handling.py::TestGlobalExceptionHandler::test_set_critical_callback PASSED [ 23%]
tests/ui/test_error_handling.py::TestGlobalExceptionHandler::test_handles_keyboard_interrupt_passthrough PASSED [ 23%]
tests/ui/test_error_handling.py::TestCriticalErrorDialog::test_dialog_creates_successfully PASSED [ 23%]
tests/ui/test_error_handling.py::TestCriticalErrorDialog::test_dialog_is_modal PASSED [ 23%]
tests/ui/test_error_handling.py::TestCriticalErrorDialog::test_dialog_has_title PASSED [ 23%]
tests/ui/test_error_handling.py::TestCriticalErrorDialog::test_dialog_with_details_has_copy_button PASSED [ 23%]
tests/ui/test_error_handling.py::TestCriticalErrorDialog::test_dialog_without_details_no_copy_button PASSED [ 23%]
tests/ui/test_error_handling.py::TestCriticalErrorDialog::test_dialog_allow_continue_has_continue_button PASSED [ 23%]
tests/ui/test_error_handling.py::TestCriticalErrorDialog::test_dialog_disallow_continue_no_continue_button PASSED [ 24%]
tests/ui/test_error_handling.py::TestCriticalErrorDialog::test_dialog_has_exit_button PASSED [ 24%]
tests/ui/test_error_handling.py::TestErrorNotificationWidget::test_notification_creates_successfully PASSED [ 24%]
tests/ui/test_error_handling.py::TestErrorNotificationWidget::test_notification_has_dismiss_button PASSED [ 24%]
tests/ui/test_error_handling.py::TestConvenienceFunctions::test_get_error_formatter_returns_singleton PASSED [ 24%]
tests/ui/test_error_handling.py::TestConvenienceFunctions::test_get_exception_handler_returns_singleton PASSED [ 24%]
tests/ui/test_error_handling.py::TestConvenienceFunctions::test_format_error_function PASSED [ 24%]
tests/ui/test_error_handling.py::TestConvenienceFunctions::test_create_error_function PASSED [ 24%]
tests/ui/test_generate_gate_during_priming.py::test_priming_disables_generate_and_releasing_re_enables_it PASSED [ 24%]
tests/ui/test_generate_gate_during_priming.py::test_set_engine_priming_is_idempotent PASSED [ 24%]
tests/ui/test_generate_gate_during_priming.py::test_priming_does_not_disturb_the_generation_visuals PASSED [ 24%]
tests/ui/test_generate_gate_during_priming.py::test_generation_ending_during_priming_leaves_generate_disabled PASSED [ 24%]
tests/ui/test_generate_gate_during_priming.py::test_priming_ending_during_a_generation_leaves_generate_disabled PASSED [ 24%]
tests/ui/test_generate_gate_during_priming.py::test_the_normal_generation_path_is_unchanged PASSED [ 24%]
tests/ui/test_generate_gate_during_priming.py::test_no_producer_assigns_the_button_state_directly PASSED [ 24%]
tests/ui/test_generate_gate_during_priming.py::test_app_wires_the_service_declaration_to_the_window PASSED [ 24%]
tests/ui/test_generate_gate_during_priming.py::test_the_orchestrator_handler_survives_no_window_and_a_raising_window PASSED [ 24%]
tests/ui/test_generate_gate_during_priming.py::test_end_to_end_service_declaration_reaches_the_button PASSED [ 24%]
tests/ui/test_generate_gate_during_priming.py::test_the_task_boundary_release_is_a_second_guarantee PASSED [ 24%]
tests/ui/test_generate_gate_during_priming.py::test_the_task_boundary_release_survives_cancellation PASSED [ 24%]
tests/ui/test_model_loading_indicator.py::TestModelLoadingIndicatorInit::test_indicator_creation PASSED [ 24%]
tests/ui/test_model_loading_indicator.py::TestModelLoadingIndicatorInit::test_initially_hidden PASSED [ 24%]
tests/ui/test_model_loading_indicator.py::TestModelLoadingIndicatorInit::test_has_message_label PASSED [ 24%]
tests/ui/test_model_loading_indicator.py::TestModelLoadingIndicatorInit::test_has_progress_bar PASSED [ 24%]
tests/ui/test_model_loading_indicator.py::TestModelLoadingIndicatorInit::test_has_icon_label PASSED [ 24%]
tests/ui/test_model_loading_indicator.py::TestModelLoadingIndicatorLoadingState::test_on_loading_started_shows_indicator PASSED [ 24%]
tests/ui/test_model_loading_indicator.py::TestModelLoadingIndicatorLoadingState::test_on_loading_started_sets_message PASSED [ 24%]
tests/ui/test_model_loading_indicator.py::TestModelLoadingIndicatorLoadingState::test_on_loading_progress_updates PASSED [ 24%]
tests/ui/test_model_loading_indicator.py::TestModelLoadingIndicatorComplete::test_on_loading_complete_success PASSED [ 24%]
tests/ui/test_model_loading_indicator.py::TestModelLoadingIndicatorComplete::test_on_loading_complete_failure PASSED [ 25%]
tests/ui/test_model_loading_indicator.py::TestModelLoadingIndicatorManualControl::test_show_loading PASSED [ 25%]
tests/ui/test_model_loading_indicator.py::TestModelLoadingIndicatorManualControl::test_show_ready PASSED [ 25%]
tests/ui/test_model_loading_indicator.py::TestModelLoadingIndicatorManualControl::test_show_error PASSED [ 25%]
tests/ui/test_model_loading_indicator.py::TestModelLoadingIndicatorManualControl::test_hide_indicator PASSED [ 25%]
tests/ui/test_model_loading_indicator.py::TestModelLoadingOverlayInit::test_overlay_creation PASSED [ 25%]
tests/ui/test_model_loading_indicator.py::TestModelLoadingOverlayInit::test_initially_hidden PASSED [ 25%]
tests/ui/test_model_loading_indicator.py::TestModelLoadingOverlayInit::test_has_message_label PASSED [ 25%]
tests/ui/test_model_loading_indicator.py::TestModelLoadingOverlayInit::test_has_progress_bar PASSED [ 25%]
tests/ui/test_model_loading_indicator.py::TestModelLoadingOverlayControl::test_on_loading_started_shows PASSED [ 25%]
tests/ui/test_model_loading_indicator.py::TestModelLoadingOverlayControl::test_on_loading_complete_hides PASSED [ 25%]
tests/ui/test_model_loading_indicator.py::TestModelLoadingOverlayControl::test_show_loading PASSED [ 25%]
tests/ui/test_model_loading_indicator.py::TestModelLoadingOverlayControl::test_hide_overlay PASSED [ 25%]
tests/ui/test_model_switching_indicator.py::TestModelCallbackConnectionCode::test_callback_connection_code_exists PASSED [ 25%]
tests/ui/test_model_switching_indicator.py::TestModelCallbackConnectionCode::test_on_model_loading_handler_exists PASSED [ 25%]
tests/ui/test_model_switching_indicator.py::TestModelCallbackConnectionCode::test_on_model_ready_handler_exists PASSED [ 25%]
tests/ui/test_model_switching_indicator.py::TestModelLoadingHandlerBehavior::test_loading_updates_status_bar PASSED [ 25%]
tests/ui/test_model_switching_indicator.py::TestModelLoadingHandlerBehavior::test_loading_shows_emoji_indicator PASSED [ 25%]
tests/ui/test_model_switching_indicator.py::TestModelLoadingHandlerBehavior::test_loading_sets_tts_indicator_loading PASSED [ 25%]
tests/ui/test_model_switching_indicator.py::TestModelReadyHandlerBehavior::test_ready_updates_status_bar PASSED [ 25%]
tests/ui/test_model_switching_indicator.py::TestModelReadyHandlerBehavior::test_ready_shows_checkmark PASSED [ 25%]
tests/ui/test_model_switching_indicator.py::TestModelReadyHandlerBehavior::test_ready_clears_loading_state PASSED [ 25%]
tests/ui/test_model_switching_indicator.py::TestModelReadyHandlerBehavior::test_ready_updates_tooltip_with_model_name PASSED [ 25%]
tests/ui/test_model_switching_indicator.py::TestCallbackConnectionInSetTtsService::test_callbacks_connected_when_service_provided PASSED [ 25%]
tests/ui/test_model_switching_indicator.py::TestCallbackConnectionInSetTtsService::test_callbacks_reference_handler_methods PASSED [ 25%]
tests/ui/test_model_switching_indicator.py::TestLoggingInHandlers::test_loading_handler_logs PASSED [ 25%]
tests/ui/test_model_switching_indicator.py::TestLoggingInHandlers::test_ready_handler_logs PASSED [ 25%]
tests/ui/test_model_switching_indicator.py::TestStatusBarMessageTimeout::test_ready_message_has_timeout PASSED [ 25%]
tests/ui/test_playback_last.py::TestReplayButtonPresence::test_replay_button_exists PASSED [ 25%]
tests/ui/test_playback_last.py::TestReplayButtonPresence::test_replay_button_initial_state_disabled PASSED [ 25%]
tests/ui/test_playback_last.py::TestReplayButtonPresence::test_replay_button_has_correct_tooltip_disabled PASSED [ 26%]
tests/ui/test_playback_last.py::TestReplayButtonPresence::test_replay_button_object_name PASSED [ 26%]
tests/ui/test_playback_last.py::TestReplayButtonPresence::test_replay_button_size PASSED [ 26%]
tests/ui/test_playback_last.py::TestReplayButtonEnableDisable::test_set_replay_enabled_true PASSED [ 26%]
tests/ui/test_playback_last.py::TestReplayButtonEnableDisable::test_set_replay_enabled_false PASSED [ 26%]
tests/ui/test_playback_last.py::TestReplaySignal::test_replay_signal_exists PASSED [ 26%]
tests/ui/test_playback_last.py::TestReplaySignal::test_replay_button_click_emits_signal PASSED [ 26%]
tests/ui/test_playback_last.py::TestReplaySignal::test_replay_button_click_disabled_no_signal PASSED [ 26%]
tests/ui/test_playback_last.py::TestReplayKeyboardShortcut::test_ctrl_r_triggers_replay_when_enabled PASSED [ 26%]
tests/ui/test_playback_last.py::TestReplayKeyboardShortcut::test_ctrl_r_no_effect_when_disabled PASSED [ 26%]
tests/ui/test_playback_last.py::TestReplayKeyboardShortcut::test_plain_r_key_not_consumed PASSED [ 26%]
tests/ui/test_playback_last.py::TestReplayButtonLayout::test_replay_button_position_after_generate PASSED [ 26%]
tests/ui/test_playback_last.py::TestSessionOnlyCache::test_fresh_start_replay_disabled PASSED [ 26%]
tests/ui/test_playback_last.py::TestSessionOnlyCache::test_replay_enabled_after_generation PASSED [ 26%]
tests/ui/test_quick_speak_dialog.py::TestQuickSpeakDialogInit::test_dialog_creation PASSED [ 26%]
tests/ui/test_quick_speak_dialog.py::TestQuickSpeakDialogInit::test_dialog_title PASSED [ 26%]
tests/ui/test_quick_speak_dialog.py::TestQuickSpeakDialogInit::test_dialog_is_modal PASSED [ 26%]
tests/ui/test_quick_speak_dialog.py::TestQuickSpeakDialogInit::test_has_search_edit PASSED [ 26%]
tests/ui/test_quick_speak_dialog.py::TestQuickSpeakDialogInit::test_has_entries_list PASSED [ 26%]
tests/ui/test_quick_speak_dialog.py::TestQuickSpeakDialogInit::test_has_select_button PASSED [ 26%]
tests/ui/test_quick_speak_dialog.py::TestQuickSpeakDialogInit::test_has_cancel_button PASSED [ 26%]
tests/ui/test_quick_speak_dialog.py::TestQuickSpeakDialogInit::test_has_configure_button PASSED [ 26%]
tests/ui/test_quick_speak_dialog.py::TestQuickSpeakDialogSignals::test_entry_selected_signal_exists PASSED [ 26%]
tests/ui/test_quick_speak_dialog.py::TestQuickSpeakDialogSignals::test_open_settings_requested_signal_exists PASSED [ 26%]
tests/ui/test_quick_speak_dialog.py::TestQuickSpeakDialogEmptyState::test_empty_state_shows_configure_button PASSED [ 26%]
tests/ui/test_quick_speak_dialog.py::TestQuickSpeakDialogEmptyState::test_empty_state_hides_search PASSED [ 26%]
tests/ui/test_quick_speak_dialog.py::TestQuickSpeakDialogEmptyState::test_empty_state_shows_message PASSED [ 26%]
tests/ui/test_quick_speak_dialog.py::TestQuickSpeakDialogEmptyState::test_empty_state_shows_hint PASSED [ 26%]
tests/ui/test_quick_speak_dialog.py::TestQuickSpeakDialogEmptyState::test_empty_state_items_not_selectable PASSED [ 26%]
tests/ui/test_quick_speak_dialog.py::TestQuickSpeakDialogEmptyState::test_configure_button_emits_signal PASSED [ 27%]
tests/ui/test_quick_speak_dialog.py::TestQuickSpeakDialogWithEntries::test_entries_displayed PASSED [ 27%]
tests/ui/test_quick_speak_dialog.py::TestQuickSpeakDialogWithEntries::test_configure_button_hidden_with_entries PASSED [ 27%]
tests/ui/test_quick_speak_dialog.py::TestQuickSpeakDialogWithEntries::test_search_visible_with_entries PASSED [ 27%]
tests/ui/test_quick_speak_dialog.py::TestQuickSpeakDialogWithEntries::test_select_button_disabled_initially PASSED [ 27%]
tests/ui/test_quick_speak_dialog.py::TestQuickSpeakDialogWithEntries::test_select_button_enabled_on_selection PASSED [ 27%]
tests/ui/test_quick_speak_dialog.py::TestQuickSpeakDialogSelection::test_entry_selected_signal_on_select_click PASSED [ 27%]
tests/ui/test_quick_speak_dialog.py::TestQuickSpeakDialogSelection::test_entry_selected_signal_on_double_click PASSED [ 27%]
tests/ui/test_quick_speak_dialog.py::TestQuickSpeakDialogSearch::test_search_filters_entries PASSED [ 27%]
tests/ui/test_quick_speak_dialog.py::TestQuickSpeakDialogSearch::test_search_by_label PASSED [ 27%]
tests/ui/test_quick_speak_dialog.py::TestQuickSpeakDialogSearch::test_clear_search_shows_all PASSED [ 27%]
tests/ui/test_quick_speak_dialog.py::TestQuickSpeakDialogSearch::test_no_results_message PASSED [ 27%]
tests/ui/test_quick_speak_dialog.py::TestQuickSpeakDialogRefresh::test_refresh_entries_reloads PASSED [ 27%]
tests/ui/test_quick_speak_dialog.py::TestQuickSpeakDialogEntryDisplay::test_entry_tooltip_shows_full_text PASSED [ 27%]
tests/ui/test_quick_speak_dialog.py::TestQuickSpeakDialogEntryDisplay::test_entry_stores_data PASSED [ 27%]
tests/ui/test_quick_speak_menu.py::TestQuickSpeakMenuInit::test_menu_creation PASSED [ 27%]
tests/ui/test_quick_speak_menu.py::TestQuickSpeakMenuInit::test_menu_title PASSED [ 27%]
tests/ui/test_quick_speak_menu.py::TestQuickSpeakMenuSignals::test_phrase_selected_signal_exists PASSED [ 27%]
tests/ui/test_quick_speak_menu.py::TestQuickSpeakMenuSignals::test_open_settings_requested_signal_exists PASSED [ 27%]
tests/ui/test_quick_speak_menu.py::TestQuickSpeakMenuEmptyState::test_empty_menu_has_configure_option PASSED [ 27%]
tests/ui/test_quick_speak_menu.py::TestQuickSpeakMenuEmptyState::test_empty_state_message_disabled PASSED [ 27%]
tests/ui/test_quick_speak_menu.py::TestQuickSpeakMenuWithEntries::test_entries_displayed PASSED [ 27%]
tests/ui/test_quick_speak_menu.py::TestQuickSpeakMenuWithEntries::test_configure_option_present PASSED [ 27%]
tests/ui/test_quick_speak_menu.py::TestQuickSpeakMenuWithEntries::test_entry_count PASSED [ 27%]
tests/ui/test_quick_speak_menu.py::TestQuickSpeakMenuTruncation::test_long_text_truncated PASSED [ 27%]
tests/ui/test_quick_speak_menu.py::TestQuickSpeakMenuTruncation::test_short_text_not_truncated PASSED [ 27%]
tests/ui/test_quick_speak_menu.py::TestQuickSpeakMenuTruncation::test_tooltip_contains_full_text PASSED [ 27%]
tests/ui/test_quick_speak_menu.py::TestQuickSpeakMenuSelection::test_phrase_selected_signal_emitted PASSED [ 27%]
tests/ui/test_quick_speak_menu.py::TestQuickSpeakMenuSelection::test_configure_emits_settings_signal PASSED [ 27%]
tests/ui/test_quick_speak_menu.py::TestQuickSpeakMenuRefresh::test_refresh_clears_and_repopulates PASSED [ 27%]
tests/ui/test_quick_speak_menu.py::TestQuickSpeakMenuRefresh::test_refresh_reloads_from_service PASSED [ 28%]
tests/ui/test_quick_speak_menu.py::TestQuickSpeakMenuTruncateMethod::test_truncate_short_text PASSED [ 28%]
tests/ui/test_quick_speak_menu.py::TestQuickSpeakMenuTruncateMethod::test_truncate_exact_length PASSED [ 28%]
tests/ui/test_quick_speak_menu.py::TestQuickSpeakMenuTruncateMethod::test_truncate_long_text PASSED [ 28%]
tests/ui/test_quick_speak_menu.py::TestQuickSpeakMenuErrorHandling::test_service_exception_shows_error_state PASSED [ 28%]
tests/ui/test_save_button.py::TestSaveButtonConstruction::test_save_button_is_qpushbutton_subclass PASSED [ 28%]
tests/ui/test_save_button.py::TestSaveButtonConstruction::test_save_button_default_disabled PASSED [ 28%]
tests/ui/test_save_button.py::TestSaveButtonConstruction::test_save_button_default_tooltip PASSED [ 28%]
tests/ui/test_save_button.py::TestSaveButtonConstruction::test_save_button_default_object_name PASSED [ 28%]
tests/ui/test_save_button.py::TestSaveButtonConstruction::test_save_button_fixed_size_24x24 PASSED [ 28%]
tests/ui/test_save_button.py::TestSaveButtonConstruction::test_save_button_has_icon PASSED [ 28%]
tests/ui/test_save_button.py::TestSaveButtonConstruction::test_save_button_construction_no_qapplication_exec PASSED [ 28%]
tests/ui/test_save_button.py::TestSaveButtonConstruction::test_save_button_logger_attached PASSED [ 28%]
tests/ui/test_save_button.py::TestSaveButtonSetSaveable::test_set_saveable_none_disables_button PASSED [ 28%]
tests/ui/test_save_button.py::TestSaveButtonSetSaveable::test_set_saveable_finalized_audio_enables_button PASSED [ 28%]
tests/ui/test_save_button.py::TestSaveButtonSetSaveable::test_set_saveable_streaming_audio_enables_with_suffix PASSED [ 28%]
tests/ui/test_save_button.py::TestSaveButtonSetSaveable::test_set_saveable_streaming_to_finalized_drops_suffix PASSED [ 28%]
tests/ui/test_save_button.py::TestSaveButtonSetSaveable::test_set_saveable_finalized_to_none_reverts_tooltip PASSED [ 28%]
tests/ui/test_save_button.py::TestSaveButtonSetSaveable::test_set_saveable_idempotent_repeated_none PASSED [ 28%]
tests/ui/test_save_button.py::TestSaveButtonSetSaveable::test_set_saveable_idempotent_repeated_same_audio PASSED [ 28%]
tests/ui/test_save_button.py::TestSaveButtonSetSaveable::test_set_saveable_finalized_to_streaming_adds_suffix PASSED [ 28%]
tests/ui/test_save_button.py::TestSaveButtonModuleBoundary::test_save_button_does_not_import_forbidden[qwen_tts_service] PASSED [ 28%]
tests/ui/test_save_button.py::TestSaveButtonModuleBoundary::test_save_button_does_not_import_forbidden[audio_coordinator] PASSED [ 28%]
tests/ui/test_save_button.py::TestSaveButtonModuleBoundary::test_save_button_does_not_import_forbidden[tts_streaming] PASSED [ 28%]
tests/ui/test_save_button.py::TestSaveButtonImportPath::test_save_button_imports_saveable_audio_from_package PASSED [ 28%]
tests/ui/test_save_button.py::TestSaveButtonInComponentsExports::test_save_button_exported_from_components_package PASSED [ 28%]
tests/ui/test_save_button.py::TestSaveButtonInComponentsExports::test_save_button_in_components_all PASSED [ 28%]
tests/ui/test_save_button.py::TestSaveButtonMainWindowIntegration::test_main_window_has_save_button_attribute PASSED [ 28%]
tests/ui/test_save_button.py::TestSaveButtonMainWindowIntegration::test_save_button_in_action_buttons_layout PASSED [ 28%]
tests/ui/test_save_button.py::TestSaveButtonMainWindowIntegration::test_save_button_layout_order PASSED [ 29%]
tests/ui/test_save_button.py::TestSaveButtonMainWindowIntegration::test_main_window_declares_save_requested_signal PASSED [ 29%]
tests/ui/test_save_button.py::TestSaveButtonMainWindowIntegration::test_save_requested_is_bound_signal_on_instance PASSED [ 29%]
tests/ui/test_save_button.py::TestSaveButtonMainWindowIntegration::test_seed_disabled_when_no_saveable_at_construction PASSED [ 29%]
tests/ui/test_save_button.py::TestSaveButtonMainWindowIntegration::test_seed_enabled_when_saveable_present_at_construction PASSED [ 29%]
tests/ui/test_save_button.py::TestSaveButtonMainWindowIntegration::test_button_enables_on_finalize_signal PASSED [ 29%]
tests/ui/test_save_button.py::TestSaveButtonMainWindowIntegration::test_two_finalizes_keep_button_enabled PASSED [ 29%]
tests/ui/test_save_button.py::TestSaveButtonMainWindowIntegration::test_button_disables_on_cancel_to_none PASSED [ 29%]
tests/ui/test_save_button.py::TestSaveButtonMainWindowIntegration::test_cancel_of_current_with_previous_keeps_button_enabled PASSED [ 29%]
tests/ui/test_save_button.py::TestSaveButtonMainWindowIntegration::test_button_streaming_tooltip_during_streaming_saveable PASSED [ 29%]
tests/ui/test_save_button.py::TestSaveButtonMainWindowIntegration::test_click_emits_save_requested PASSED [ 29%]
tests/ui/test_save_button.py::TestSaveButtonMainWindowIntegration::test_click_when_disabled_does_not_emit PASSED [ 29%]
tests/ui/test_save_button.py::TestSaveButtonMainWindowIntegration::test_legacy_path_no_session_registry_button_disabled PASSED [ 29%]
tests/ui/test_save_button.py::TestSaveButtonMainWindowIntegration::test_slot_is_no_op_when_registry_is_none PASSED [ 29%]
tests/ui/test_save_button.py::TestSaveButtonAccessibility::test_save_button_accessible_name_set PASSED [ 29%]
tests/ui/test_save_button.py::TestSaveButtonAccessibility::test_save_button_accessible_description_set PASSED [ 29%]
tests/ui/test_save_button.py::TestSaveButtonAccessibility::test_save_button_focus_policy_strong PASSED [ 29%]
tests/ui/test_save_button.py::TestSaveButtonAccessibility::test_save_button_in_tab_order_after_replay_before_clear PASSED [ 29%]
tests/ui/test_save_button.py::TestSaveButtonNetZero::test_documented_sweep_is_recorded_in_dev_agent_record PASSED [ 29%]
tests/ui/test_save_dialog.py::TestSaveAudioDialogConstruction::test_dialog_is_qobject_subclass PASSED [ 29%]
tests/ui/test_save_dialog.py::TestSaveAudioDialogConstruction::test_dialog_is_re_exported_from_package PASSED [ 29%]
tests/ui/test_save_dialog.py::TestSaveAudioDialogConstruction::test_dialog_construction_no_io PASSED [ 29%]
tests/ui/test_save_dialog.py::TestSaveAudioDialogConstruction::test_dialog_construction_no_signal_connections PASSED [ 29%]
tests/ui/test_save_dialog.py::TestSaveAudioDialogConstruction::test_dialog_logger_attached PASSED [ 29%]
tests/ui/test_save_dialog.py::TestSaveAudioDialogConstruction::test_dialog_run_is_callable PASSED [ 29%]
tests/ui/test_save_dialog.py::TestSaveAudioDialogBranchA::test_run_with_no_saveable_audio_shows_toast PASSED [ 29%]
tests/ui/test_save_dialog.py::TestSaveAudioDialogBranchA::test_run_with_no_saveable_audio_does_not_write PASSED [ 29%]
tests/ui/test_save_dialog.py::TestSaveAudioDialogBranchB::test_run_with_finalized_audio_opens_dialog PASSED [ 29%]
tests/ui/test_save_dialog.py::TestSaveAudioDialogBranchB::test_run_with_user_cancels_dialog_writes_nothing PASSED [ 29%]
tests/ui/test_save_dialog.py::TestSaveAudioDialogBranchB::test_run_with_finalized_audio_writes_wav PASSED [ 29%]
tests/ui/test_save_dialog.py::TestSaveAudioDialogBranchB::test_wav_int16_conversion_matches_d16 PASSED [ 30%]
tests/ui/test_save_dialog.py::TestSaveAudioDialogBranchB::test_default_filename_format PASSED [ 30%]
tests/ui/test_save_dialog.py::TestSaveAudioDialogBranchB::test_default_filename_sanitizes_voice PASSED [ 30%]
tests/ui/test_save_dialog.py::TestSaveAudioDialogBranchB::test_default_filename_empty_voice_uses_fallback PASSED [ 30%]
tests/ui/test_save_dialog.py::TestSaveAudioDialogBranchB::test_extension_appended_when_user_omits PASSED [ 30%]
tests/ui/test_save_dialog.py::TestSaveAudioDialogBranchB::test_success_toast_shown_after_write PASSED [ 30%]
tests/ui/test_save_dialog.py::TestSaveAudioDialogBranchB::test_filter_string_is_wav_only PASSED [ 30%]
tests/ui/test_save_dialog.py::TestSaveAudioDialogBranchB::test_branch_b_does_not_subscribe PASSED [ 30%]
tests/ui/test_save_dialog.py::TestSaveAudioDialogBranchC::test_run_with_streaming_audio_opens_dialog_and_subscribes PASSED [ 30%]
tests/ui/test_save_dialog.py::TestSaveAudioDialogBranchC::test_streaming_wait_shows_finalizing_toast PASSED [ 30%]
tests/ui/test_save_dialog.py::TestSaveAudioDialogBranchC::test_streaming_wait_no_write_until_finalize PASSED [ 30%]
tests/ui/test_save_dialog.py::TestSaveAudioDialogBranchC::test_streaming_wait_completes_on_target_finalize PASSED [ 30%]
tests/ui/test_save_dialog.py::TestSaveAudioDialogBranchC::test_streaming_wait_disconnects_on_complete PASSED [ 30%]
tests/ui/test_save_dialog.py::TestSaveAudioDialogStreamingAbort::test_streaming_wait_aborts_on_none_emit PASSED [ 30%]
tests/ui/test_save_dialog.py::TestSaveAudioDialogStreamingAbort::test_streaming_wait_aborts_on_different_id PASSED [ 30%]
tests/ui/test_save_dialog.py::TestSaveAudioDialogStreamingAbort::test_streaming_wait_cancel_with_revert_shows_neutral_toast PASSED [ 30%]
tests/ui/test_save_dialog.py::TestSaveAudioDialogStreamingAbort::test_streaming_wait_race_path_shows_neutral_toast PASSED [ 30%]
tests/ui/test_save_dialog.py::TestSaveAudioDialogStreamingAbort::test_streaming_wait_aborts_on_supersession_with_revert PASSED [ 30%]
tests/ui/test_save_dialog.py::TestSaveAudioDialogStreamingAbort::test_streaming_wait_disconnects_on_abort PASSED [ 30%]
tests/ui/test_save_dialog.py::TestSaveAudioDialogFilenameSanitization::test_voice_segment_sanitized[clean-clean] PASSED [ 30%]
tests/ui/test_save_dialog.py::TestSaveAudioDialogFilenameSanitization::test_voice_segment_sanitized[with space-with_space] PASSED [ 30%]
tests/ui/test_save_dialog.py::TestSaveAudioDialogFilenameSanitization::test_voice_segment_sanitized[emoji\U0001f3a4voice-emoji_voice] PASSED [ 30%]
tests/ui/test_save_dialog.py::TestSaveAudioDialogFilenameSanitization::test_voice_segment_sanitized[../etc/passwd-___etc_passwd] PASSED [ 30%]
tests/ui/test_save_dialog.py::TestSaveAudioDialogFilenameSanitization::test_voice_segment_sanitized[Bad<>:/\\|?*-Bad________] PASSED [ 30%]
tests/ui/test_save_dialog.py::TestSaveAudioDialogFilenameSanitization::test_voice_segment_sanitized[-voice] PASSED [ 30%]
tests/ui/test_save_dialog.py::TestSaveAudioDialogFilenameSanitization::test_voice_segment_sanitized[___-___] PASSED [ 30%]
tests/ui/test_save_dialog.py::TestSaveAudioDialogFilenameSanitization::test_voice_segment_sanitized[a-b_c-a-b_c] PASSED [ 30%]
tests/ui/test_save_dialog.py::TestSaveAudioDialogFilenameSanitization::test_unicode_only_voice_uses_underscores PASSED [ 30%]
tests/ui/test_save_dialog.py::TestSaveAudioDialogModuleBoundary::test_save_dialog_does_not_import_forbidden_module[qwen_tts_service] PASSED [ 30%]
tests/ui/test_save_dialog.py::TestSaveAudioDialogModuleBoundary::test_save_dialog_does_not_import_forbidden_module[audio_coordinator] PASSED [ 31%]
tests/ui/test_save_dialog.py::TestSaveAudioDialogModuleBoundary::test_save_dialog_does_not_import_forbidden_module[tts_streaming] PASSED [ 31%]
tests/ui/test_save_dialog.py::TestSaveAudioDialogWriteErrors::test_oserror_on_write_shows_error_toast PASSED [ 31%]
tests/ui/test_save_dialog.py::TestSaveAudioDialogWriteErrors::test_runtimeerror_on_write_shows_error_toast PASSED [ 31%]
tests/ui/test_save_dialog.py::TestSaveAudioDialogWriteErrors::test_empty_audio_buffer_shows_error_toast_no_write PASSED [ 31%]
tests/ui/test_save_dialog.py::TestSaveAudioDialogWriteErrors::test_complete_streaming_save_invariant_violation_no_crash PASSED [ 31%]
tests/ui/test_save_dialog.py::TestAppPySaveRequestedWiring::test_app_imports_save_dialog PASSED [ 31%]
tests/ui/test_save_dialog.py::TestAppPySaveRequestedWiring::test_on_save_requested_constructs_dialog_and_calls_run PASSED [ 31%]
tests/ui/test_save_dialog.py::TestAppPySaveRequestedWiring::test_on_save_requested_with_no_registry_logs_and_ignores PASSED [ 31%]
tests/ui/test_save_dialog.py::TestSaveDialogNetZero::test_save_dialog_net_zero_sentinel PASSED [ 31%]
tests/ui/test_settings_dialog_streaming_tab.py::TestStreamingPanelBindsToStagingCopy::test_load_current_settings_hydrates_dropdown +++++++++++++++++++++++++++++++++++ Timeout +++++++++++++++++++++++++++++++++++
~~~~~~~~~~~~~~~~~~~~~~~~~ Stack of MainThread (23924) ~~~~~~~~~~~~~~~~~~~~~~~~~
  File "I:\MyVoiceV2\_bmad-output\implementation-artifacts\tooling-3\run_pytest.py", line 17, in <module>
    sys.exit(pytest.main(sys.argv[1:], plugins=[durations_jsonl]))
  File "I:\MyVoiceV2\python310\Lib\site-packages\_pytest\config\__init__.py", line 199, in main
    ret: ExitCode | int = config.hook.pytest_cmdline_main(config=config)
  File "I:\MyVoiceV2\python310\Lib\site-packages\pluggy\_hooks.py", line 512, in __call__
    return self._hookexec(self.name, self._hookimpls.copy(), kwargs, firstresult)
  File "I:\MyVoiceV2\python310\Lib\site-packages\pluggy\_manager.py", line 120, in _hookexec
    return self._inner_hookexec(hook_name, methods, kwargs, firstresult)
  File "I:\MyVoiceV2\python310\Lib\site-packages\pluggy\_callers.py", line 121, in _multicall
    res = hook_impl.function(*args)
  File "I:\MyVoiceV2\python310\Lib\site-packages\_pytest\main.py", line 365, in pytest_cmdline_main
    return wrap_session(config, _main)
  File "I:\MyVoiceV2\python310\Lib\site-packages\_pytest\main.py", line 318, in wrap_session
    session.exitstatus = doit(config, session) or 0
  File "I:\MyVoiceV2\python310\Lib\site-packages\_pytest\main.py", line 372, in _main
    config.hook.pytest_runtestloop(session=session)
  File "I:\MyVoiceV2\python310\Lib\site-packages\pluggy\_hooks.py", line 512, in __call__
    return self._hookexec(self.name, self._hookimpls.copy(), kwargs, firstresult)
  File "I:\MyVoiceV2\python310\Lib\site-packages\pluggy\_manager.py", line 120, in _hookexec
    return self._inner_hookexec(hook_name, methods, kwargs, firstresult)
  File "I:\MyVoiceV2\python310\Lib\site-packages\pluggy\_callers.py", line 121, in _multicall
    res = hook_impl.function(*args)
  File "I:\MyVoiceV2\python310\Lib\site-packages\_pytest\main.py", line 396, in pytest_runtestloop
    item.config.hook.pytest_runtest_protocol(item=item, nextitem=nextitem)
  File "I:\MyVoiceV2\python310\Lib\site-packages\pluggy\_hooks.py", line 512, in __call__
    return self._hookexec(self.name, self._hookimpls.copy(), kwargs, firstresult)
  File "I:\MyVoiceV2\python310\Lib\site-packages\pluggy\_manager.py", line 120, in _hookexec
    return self._inner_hookexec(hook_name, methods, kwargs, firstresult)
  File "I:\MyVoiceV2\python310\Lib\site-packages\pluggy\_callers.py", line 121, in _multicall
    res = hook_impl.function(*args)
  File "I:\MyVoiceV2\python310\Lib\site-packages\_pytest\runner.py", line 118, in pytest_runtest_protocol
    runtestprotocol(item, nextitem=nextitem)
  File "I:\MyVoiceV2\python310\Lib\site-packages\_pytest\runner.py", line 131, in runtestprotocol
    rep = call_and_report(item, "setup", log)
  File "I:\MyVoiceV2\python310\Lib\site-packages\_pytest\runner.py", line 244, in call_and_report
    call = CallInfo.from_call(
  File "I:\MyVoiceV2\python310\Lib\site-packages\_pytest\runner.py", line 353, in from_call
    result: TResult | None = func()
  File "I:\MyVoiceV2\python310\Lib\site-packages\_pytest\runner.py", line 245, in <lambda>
    lambda: runtest_hook(item=item, **kwds),
  File "I:\MyVoiceV2\python310\Lib\site-packages\pluggy\_hooks.py", line 512, in __call__
    return self._hookexec(self.name, self._hookimpls.copy(), kwargs, firstresult)
  File "I:\MyVoiceV2\python310\Lib\site-packages\pluggy\_manager.py", line 120, in _hookexec
    return self._inner_hookexec(hook_name, methods, kwargs, firstresult)
  File "I:\MyVoiceV2\python310\Lib\site-packages\pluggy\_callers.py", line 121, in _multicall
    res = hook_impl.function(*args)
  File "I:\MyVoiceV2\python310\Lib\site-packages\_pytest\runner.py", line 165, in pytest_runtest_setup
    item.session._setupstate.setup(item)
  File "I:\MyVoiceV2\python310\Lib\site-packages\_pytest\runner.py", line 523, in setup
    col.setup()
  File "I:\MyVoiceV2\python310\Lib\site-packages\_pytest\python.py", line 1723, in setup
    self._request._fillfixtures()
  File "I:\MyVoiceV2\python310\Lib\site-packages\_pytest\fixtures.py", line 707, in _fillfixtures
    item.funcargs[argname] = self.getfixturevalue(argname)
  File "I:\MyVoiceV2\python310\Lib\site-packages\_pytest\fixtures.py", line 539, in getfixturevalue
    fixturedef = self._get_active_fixturedef(argname)
  File "I:\MyVoiceV2\python310\Lib\site-packages\_pytest\fixtures.py", line 627, in _get_active_fixturedef
    fixturedef.execute(request=subrequest)
  File "I:\MyVoiceV2\python310\Lib\site-packages\_pytest\fixtures.py", line 1110, in execute
    result: FixtureValue = ihook.pytest_fixture_setup(
  File "I:\MyVoiceV2\python310\Lib\site-packages\pluggy\_hooks.py", line 512, in __call__
    return self._hookexec(self.name, self._hookimpls.copy(), kwargs, firstresult)
  File "I:\MyVoiceV2\python310\Lib\site-packages\pluggy\_manager.py", line 120, in _hookexec
    return self._inner_hookexec(hook_name, methods, kwargs, firstresult)
  File "I:\MyVoiceV2\python310\Lib\site-packages\pluggy\_callers.py", line 121, in _multicall
    res = hook_impl.function(*args)
  File "I:\MyVoiceV2\python310\Lib\site-packages\_pytest\fixtures.py", line 1202, in pytest_fixture_setup
    result = call_fixture_func(fixturefunc, request, kwargs)
  File "I:\MyVoiceV2\python310\Lib\site-packages\_pytest\fixtures.py", line 915, in call_fixture_func
    fixture_result = fixturefunc(**kwargs)
  File "I:\MyVoiceV2\tests\ui\test_settings_dialog_streaming_tab.py", line 53, in dialog
    dlg = SettingsDialog(
  File "I:\MyVoiceV2\src\myvoice\ui\components\settings_dialog.py", line 131, in __init__
    self._create_ui()
  File "I:\MyVoiceV2\src\myvoice\ui\components\settings_dialog.py", line 171, in _create_ui
    self._create_quick_speak_tab()
  File "I:\MyVoiceV2\src\myvoice\ui\components\settings_dialog.py", line 752, in _create_quick_speak_tab
    self.quick_speak_widget = QuickSpeakSettingsWidget(self.quick_speak_service)
  File "I:\MyVoiceV2\src\myvoice\ui\components\quick_speak_settings_widget.py", line 49, in __init__
    self._load_entries()
  File "I:\MyVoiceV2\src\myvoice\ui\components\quick_speak_settings_widget.py", line 152, in _load_entries
    QMessageBox.warning(
+++++++++++++++++++++++++++++++++++ Timeout +++++++++++++++++++++++++++++++++++
=== iteration 24 end 2026-09-14T13:10:23-06:00 rc=1 wall=77s ===
