=== iteration 28 start 2026-09-14T13:17:31-06:00 deselected=27 ===
============================= test session starts =============================
platform win32 -- Python 3.10.11, pytest-9.0.2, pluggy-1.6.0 -- I:\MyVoiceV2\python310\python.exe
cachedir: .pytest_cache
PyQt6 6.9.1 -- Qt runtime 6.9.2 -- Qt compiled 6.9.0
rootdir: I:\MyVoiceV2
configfile: pytest.ini
plugins: anyio-4.12.1, asyncio-1.3.0, cov-7.1.0, qt-4.5.0, timeout-2.4.0
asyncio: mode=strict, debug=False, asyncio_default_fixture_loop_scope=None, asyncio_default_test_loop_scope=function
timeout: 60.0s
timeout method: thread
timeout func_only: False
collecting ... collected 2970 items / 27 deselected / 2943 selected

tests/integration/test_clear_comms_d5_invariant.py::test_d5_invariant_holds_across_three_clear_comms_clicks[last_generation] PASSED [  0%]
tests/integration/test_clear_comms_d5_invariant.py::test_d5_invariant_holds_across_three_clear_comms_clicks[file] PASSED [  0%]
tests/integration/test_clear_comms_d5_invariant.py::test_d5_invariant_via_real_clear_comms_button_click PASSED [  0%]
tests/integration/test_clear_comms_dispatch.py::TestClearCommsLastGenerationDispatch::test_dispatches_saveable_audio_in_interrupt_mode PASSED [  0%]
tests/integration/test_clear_comms_dispatch.py::TestClearCommsLastGenerationDispatch::test_interrupt_mode_calls_stop_all_playback PASSED [  0%]
tests/integration/test_clear_comms_dispatch.py::TestClearCommsLastGenerationDispatch::test_queue_mode_skips_interrupt_helper PASSED [  0%]
tests/integration/test_clear_comms_dispatch.py::TestClearCommsLastGenerationDispatch::test_interrupt_mode_clear_comms_claims_freed_slot_not_pending PASSED [  0%]
tests/integration/test_clear_comms_dispatch.py::TestClearCommsLastGenerationDispatch::test_queue_mode_parks_behind_occupied_head PASSED [  0%]
tests/integration/test_clear_comms_dispatch.py::TestClearCommsFileSource::test_dispatches_loaded_file_audio PASSED [  0%]
tests/integration/test_clear_comms_dispatch.py::TestClearCommsFileSource::test_missing_file_surfaces_toast_and_does_not_dispatch PASSED [  0%]
tests/integration/test_clear_comms_dispatch.py::TestClearCommsFileSource::test_unconfigured_file_path_surfaces_toast PASSED [  0%]
tests/integration/test_clear_comms_dispatch.py::TestClearCommsFileSource::test_no_saveable_for_last_generation_surfaces_toast PASSED [  0%]
tests/integration/test_clear_comms_dispatch.py::TestClearCommsTestPlaybackShim::test_test_playback_uses_panel_file_path_not_persisted PASSED [  0%]
tests/integration/test_clear_comms_dispatch.py::TestClearCommsTestPlaybackShim::test_test_playback_never_calls_stop_all_playback PASSED [  0%]
tests/integration/test_clear_comms_dispatch.py::TestClearCommsTestPlaybackShim::test_test_playback_resolve_error_surfaces_toast PASSED [  0%]
tests/integration/test_clear_comms_dispatch.py::TestClearCommsDoesNotAdvanceSaveable::test_saveable_session_id_unchanged_after_clear_comms_interrupt PASSED [  0%]
tests/integration/test_clear_comms_dispatch.py::TestClearCommsDoesNotAdvanceSaveable::test_saveable_session_id_unchanged_after_clear_comms_queue PASSED [  0%]
tests/integration/test_clear_comms_dispatch.py::TestClearCommsDoesNotCancelGeneration::test_interrupt_helper_does_not_call_tts_cancel PASSED [  0%]
tests/integration/test_clear_comms_dispatch.py::TestClearCommsDoesNotCancelGeneration::test_interrupt_helper_safe_when_idle PASSED [  0%]
tests/integration/test_clear_comms_dispatch.py::TestResolveClearCommsWavBytes::test_no_settings_at_all_resolves_via_slot_short_circuit PASSED [  0%]
tests/integration/test_clear_comms_dispatch.py::TestResolveClearCommsWavBytes::test_unknown_source_kind_raises_resolve_error PASSED [  0%]
tests/integration/test_emotion_tts_integration.py::TestQwenTTSRequestInstruct::test_qwen_tts_request_accepts_instruct PASSED [  0%]
tests/integration/test_emotion_tts_integration.py::TestQwenTTSRequestInstruct::test_qwen_tts_request_instruct_defaults_to_none PASSED [  0%]
tests/integration/test_emotion_tts_integration.py::TestQwenTTSRequestInstruct::test_qwen_tts_request_with_all_emotion_instructs PASSED [  0%]
tests/integration/test_emotion_tts_integration.py::TestEmotionPresetInstruct::test_emotion_preset_instruct_values PASSED [  0%]
tests/integration/test_emotion_tts_integration.py::TestEmotionPresetInstruct::test_emotion_preset_instructs_match_qwen_service FAILED [  0%]
tests/integration/test_emotion_tts_integration.py::TestEmotionButtonGroupInstruct::test_get_current_instruct_neutral PASSED [  0%]
tests/integration/test_emotion_tts_integration.py::TestEmotionButtonGroupInstruct::test_get_current_instruct_happy PASSED [  0%]
tests/integration/test_emotion_tts_integration.py::TestEmotionButtonGroupInstruct::test_get_current_instruct_all_emotions PASSED [  0%]
tests/integration/test_emotion_tts_integration.py::TestMainWindowEmotionInstruct::test_main_window_get_emotion_instruct PASSED [  1%]
tests/integration/test_emotion_tts_integration.py::TestMainWindowEmotionInstruct::test_main_window_get_emotion_instruct_after_change PASSED [  1%]
tests/integration/test_emotion_tts_integration.py::TestVoiceCloneEmotionDisabled::test_emotion_disabled_for_cloned_voice PASSED [  1%]
tests/integration/test_emotion_tts_integration.py::TestVoiceCloneEmotionDisabled::test_emotion_instruct_still_returns_when_disabled PASSED [  1%]
tests/integration/test_emotion_tts_integration.py::TestQwenTTSServiceEmotionIntegration::test_qwen_service_emotion_presets_defined PASSED [  1%]
tests/integration/test_emotion_tts_integration.py::TestQwenTTSServiceEmotionIntegration::test_qwen_service_neutral_has_no_instruct PASSED [  1%]
tests/integration/test_emotion_tts_integration.py::TestQwenTTSServiceEmotionIntegration::test_qwen_service_emotions_have_instructs FAILED [  1%]
tests/integration/test_emotion_variants_workflow.py::TestEmotionVariantsVoiceCreation::test_create_voice_all_emotions PASSED [  1%]
tests/integration/test_emotion_variants_workflow.py::TestEmotionVariantsVoiceCreation::test_create_voice_partial_emotions PASSED [  1%]
tests/integration/test_emotion_variants_workflow.py::TestEmotionVariantsVoiceCreation::test_create_voice_neutral_only PASSED [  1%]
tests/integration/test_emotion_variants_workflow.py::TestBackwardCompatibility::test_legacy_single_embedding PASSED [  1%]
tests/integration/test_emotion_variants_workflow.py::TestBackwardCompatibility::test_legacy_metadata_no_emotions_field PASSED [  1%]
tests/integration/test_emotion_variants_workflow.py::TestBackwardCompatibility::test_create_profile_from_legacy_voice PASSED [  1%]
tests/integration/test_emotion_variants_workflow.py::TestEmotionVariantsProfileCreation::test_profile_with_all_emotions PASSED [  1%]
tests/integration/test_emotion_variants_workflow.py::TestEmotionVariantsProfileCreation::test_profile_with_partial_emotions PASSED [  1%]
tests/integration/test_emotion_variants_workflow.py::TestEmotionPathResolution::test_get_emotion_embedding_path_v2 PASSED [  1%]
tests/integration/test_emotion_variants_workflow.py::TestEmotionPathResolution::test_get_emotion_embedding_path_fallback PASSED [  1%]
tests/integration/test_emotion_variants_workflow.py::TestVoiceProfileServiceScanning::test_scan_detects_multi_emotion_voice PASSED [  1%]
tests/integration/test_emotion_variants_workflow.py::TestVoiceProfileServiceScanning::test_scan_detects_legacy_voice PASSED [  1%]
tests/integration/test_emotion_variants_workflow.py::TestMetadataVersioning::test_v2_metadata_full PASSED [  1%]
tests/integration/test_emotion_variants_workflow.py::TestMetadataVersioning::test_generate_v2_metadata FAILED [  1%]
tests/integration/test_emotion_variants_workflow.py::TestEmotionVariantsEdgeCases::test_empty_voice_directory PASSED [  1%]
tests/integration/test_emotion_variants_workflow.py::TestEmotionVariantsEdgeCases::test_corrupted_metadata PASSED [  1%]
tests/integration/test_emotion_variants_workflow.py::TestEmotionVariantsEdgeCases::test_mixed_valid_invalid_emotions PASSED [  1%]
tests/integration/test_emotion_variants_workflow.py::TestEmotionVariantsEdgeCases::test_duplicate_emotions_in_list PASSED [  1%]
tests/integration/test_optimized_voice_flow.py::TestOptimizedVoiceCreationFlow::test_create_and_register_optimized_voice PASSED [  1%]
tests/integration/test_optimized_voice_flow.py::TestOptimizedVoiceCreationFlow::test_optimized_voice_persists_in_cache PASSED [  1%]
tests/integration/test_optimized_voice_flow.py::TestOptimizedVoiceSelectionFlow::test_set_optimized_voice_active PASSED [  1%]
tests/integration/test_optimized_voice_flow.py::TestOptimizedVoiceSelectionFlow::test_active_optimized_voice_has_all_fields PASSED [  1%]
tests/integration/test_optimized_voice_flow.py::TestOptimizedVoiceTTSRouting::test_voice_type_routing_distinction PASSED [  2%]
tests/integration/test_optimized_voice_flow.py::TestOptimizedVoiceTTSRouting::test_tts_service_receives_checkpoint_path PASSED [  2%]
tests/integration/test_optimized_voice_flow.py::TestOptimizedVoiceEmotionSupport::test_optimized_voice_emotion_capable PASSED [  2%]
tests/integration/test_optimized_voice_flow.py::TestOptimizedVoiceEmotionSupport::test_emotion_preset_applied_to_optimized_voice PASSED [  2%]
tests/integration/test_optimized_voice_flow.py::TestOptimizedVoiceModelLoading::test_checkpoint_path_passed_to_model_registry PASSED [  2%]
tests/integration/test_optimized_voice_flow.py::TestOptimizedVoiceModelLoading::test_different_checkpoint_triggers_model_reload PASSED [  2%]
tests/integration/test_optimized_voice_flow.py::TestOptimizedVoiceValidProfiles::test_optimized_voice_in_valid_profiles PASSED [  2%]
tests/integration/test_playback_last_preservation.py::TestReplayDualStreamFanOut::test_replay_dispatches_to_both_monitor_and_virtual_devices PASSED [  2%]
tests/integration/test_playback_last_preservation.py::TestReplayDualStreamFanOut::test_replay_main_window_path_via_signal_emission PASSED [  2%]
tests/integration/test_playback_last_preservation.py::TestReplayDualStreamFanOut::test_replay_uses_current_app_settings_device_ids PASSED [  2%]
tests/integration/test_playback_last_preservation.py::TestReplayDualStreamFanOut::test_advanced_replay_tokens_dedup_short_circuits_dual_fire PASSED [  2%]
tests/integration/test_playback_last_preservation.py::TestReplayDualStreamFanOut::test_voice_design_replay_is_out_of_scope PASSED [  2%]
tests/integration/test_playback_last_preservation.py::TestReplayCacheReadNoRegen::test_replay_does_not_write_to_cache PASSED [  2%]
tests/integration/test_playback_last_preservation.py::TestReplayCacheReadNoRegen::test_replay_does_not_invoke_tts_generate PASSED [  2%]
tests/integration/test_playback_last_preservation.py::TestReplayCacheReadNoRegen::test_replay_audio_is_byte_for_byte_cache_content PASSED [  2%]
tests/integration/test_playback_last_preservation.py::TestReplayQueueInteraction::test_replay_enqueues_behind_in_progress_generation PASSED [  2%]
tests/integration/test_playback_last_preservation.py::TestReplayQueueInteraction::test_three_rapid_replays_mint_distinct_tokens PASSED [  2%]
tests/integration/test_playback_last_preservation.py::TestReplayQueueInteraction::test_cancel_then_immediate_replay_dispatches_cleanly PASSED [  2%]
tests/integration/test_playback_last_preservation.py::TestReplayQueueInteraction::test_deferred_replay_does_not_flip_status_text PASSED [  2%]
tests/integration/test_playback_last_preservation.py::TestReplayDepthSignalForwarding::test_replay_depth_changes_forward_to_registry_signal PASSED [  2%]
tests/integration/test_progressive_playback_dispatch_skip.py::TestProgressiveDispatchSkip::test_progressive_active_skips_play_dual_stream PASSED [  2%]
tests/integration/test_progressive_playback_dispatch_skip.py::TestProgressiveDispatchSkip::test_progressive_inactive_runs_existing_dispatch PASSED [  2%]
tests/integration/test_progressive_playback_dispatch_skip.py::TestProgressiveDispatchSkip::test_progressive_skip_does_not_block_subsequent_dispatch PASSED [  2%]
tests/integration/test_quick_speak_voice_emotion.py::TestVoiceTypeSupportsEmotion::test_bundled_supports_emotion PASSED [  2%]
tests/integration/test_quick_speak_voice_emotion.py::TestVoiceTypeSupportsEmotion::test_designed_supports_emotion PASSED [  2%]
tests/integration/test_quick_speak_voice_emotion.py::TestVoiceTypeSupportsEmotion::test_cloned_does_not_support_emotion PASSED [  2%]
tests/integration/test_quick_speak_voice_emotion.py::TestVoiceProfileEmotionCapability::test_bundled_profile_supports_emotion PASSED [  2%]
tests/integration/test_quick_speak_voice_emotion.py::TestVoiceProfileEmotionCapability::test_designed_profile_supports_emotion PASSED [  2%]
tests/integration/test_quick_speak_voice_emotion.py::TestVoiceProfileEmotionCapability::test_cloned_profile_no_emotion PASSED [  2%]
tests/integration/test_quick_speak_voice_emotion.py::TestEmotionButtonEnableDisable::test_emotion_enabled_for_bundled_voice PASSED [  2%]
tests/integration/test_quick_speak_voice_emotion.py::TestEmotionButtonEnableDisable::test_emotion_disabled_for_cloned_voice PASSED [  3%]
tests/integration/test_quick_speak_voice_emotion.py::TestQuickSpeakEmotionIntegration::test_quick_speak_uses_current_emotion PASSED [  3%]
tests/integration/test_quick_speak_voice_emotion.py::TestQuickSpeakEmotionIntegration::test_quick_speak_uses_neutral_when_not_set PASSED [  3%]
tests/integration/test_quick_speak_voice_emotion.py::TestTTSRequestEmotionHandling::test_tts_request_includes_emotion_for_bundled PASSED [  3%]
tests/integration/test_quick_speak_voice_emotion.py::TestTTSRequestEmotionHandling::test_tts_request_no_emotion_for_cloned PASSED [  3%]
tests/integration/test_quick_speak_voice_emotion.py::TestQuickSpeakMenuVoiceIntegration::test_menu_phrase_selection_triggers_generation PASSED [  3%]
tests/integration/test_quick_speak_voice_emotion.py::TestErrorHandlingParity::test_quick_speak_handles_missing_voice PASSED [  3%]
tests/integration/test_qwen_tts_metrics_migration.py::TestMigrationEquivalence::test_running_average_matches_reference PASSED [  3%]
tests/integration/test_qwen_tts_metrics_migration.py::TestMigrationEquivalence::test_metric_stream_emits_one_record_per_input PASSED [  3%]
tests/integration/test_qwen_tts_metrics_migration.py::TestMigrationEquivalence::test_aggregator_ignores_unrelated_metric_names PASSED [  3%]
tests/integration/test_qwen_tts_metrics_migration.py::TestMigrationEquivalence::test_aggregator_unsubscribe_drops_registration PASSED [  3%]
tests/integration/test_qwen_tts_metrics_migration.py::TestProductionAggregatorPathAvailable::test_production_aggregator_class_imported PASSED [  3%]
tests/integration/test_save_during_streaming.py::TestSaveFinalizedSession::test_save_finalized_session_writes_correct_wav PASSED [  3%]
tests/integration/test_save_during_streaming.py::TestSaveDuringStreaming::test_save_during_streaming_waits_for_finalize PASSED [  3%]
tests/integration/test_save_during_streaming.py::TestSaveDuringStreamingAbort::test_save_during_streaming_aborts_on_cancel PASSED [  3%]
tests/integration/test_session_lifecycle.py::TestStreamingHappyPath::test_streaming_three_chunks_lifecycle PASSED [  3%]
tests/integration/test_session_lifecycle.py::TestBatchHappyPath::test_batch_lifecycle PASSED [  3%]
tests/integration/test_session_lifecycle.py::TestCancellationChain::test_cancel_emits_cancelled_then_discarded PASSED [  3%]
tests/integration/test_session_lifecycle.py::TestCancellationChain::test_batch_cancel_propagates_through_task_cancel PASSED [  3%]
tests/integration/test_session_lifecycle.py::TestErrorChain::test_streaming_generation_exception_emits_error_then_discarded PASSED [  3%]
tests/integration/test_session_lifecycle.py::TestErrorChain::test_batch_generation_exception_emits_error_then_discarded PASSED [  3%]
tests/integration/test_session_lifecycle.py::TestErrorChain::test_streaming_model_load_failure_emits_error_then_discarded PASSED [  3%]
tests/integration/test_session_lifecycle.py::TestErrorChain::test_batch_model_load_failure_emits_error_then_discarded PASSED [  3%]
tests/integration/test_session_lifecycle.py::TestErrorChain::test_streaming_to_batch_fallback_creates_two_sessions PASSED [  3%]
tests/integration/test_session_lifecycle.py::TestErrorChain::test_batch_fallback_failure_both_sessions_end_error PASSED [  3%]
tests/integration/test_session_lifecycle.py::TestMemoryHygiene::test_all_chunks_cleared_before_save PASSED [  3%]
tests/integration/test_session_lifecycle.py::TestCallbackWireCompat::test_streaming_callbacks_fire_in_legacy_order PASSED [  3%]
tests/integration/test_session_lifecycle.py::TestCallbackWireCompat::test_batch_callbacks_fire_in_legacy_order PASSED [  3%]
tests/integration/test_session_lifecycle.py::TestAudioChunkPayloadStability::test_audio_chunk_field_set_unchanged FAILED [  3%]
tests/integration/test_session_lifecycle.py::TestErrorPathIdempotency::test_set_error_called_twice_on_same_session_is_idempotent PASSED [  4%]
tests/integration/test_session_lifecycle.py::TestMetricSessionIdWiring::test_first_chunk_latency_carries_session_id PASSED [  4%]
tests/integration/test_session_lifecycle.py::TestCacheWritePreservation::test_cache_file_written_after_streaming PASSED [  4%]
tests/integration/test_session_lifecycle.py::TestCacheWritePreservation::test_cache_file_written_after_batch PASSED [  4%]
tests/integration/test_session_lifecycle.py::TestStatusMetricsExposesRegistry::test_in_flight_count_with_no_registry PASSED [  4%]
tests/integration/test_session_lifecycle.py::TestStatusMetricsExposesRegistry::test_in_flight_count_with_registry PASSED [  4%]
tests/integration/test_session_lifecycle.py::TestFocalSessionLifecycle::test_current_session_changed_emits_through_lifecycle PASSED [  4%]
tests/integration/test_session_lifecycle.py::TestNetZeroInvariant::test_legacy_generation_state_enum_still_exists PASSED [  4%]
tests/integration/test_session_lifecycle.py::TestPlaybackQueueIntegration::test_three_sequential_finalizations_dispatch_in_order PASSED [  4%]
tests/integration/test_session_lifecycle.py::TestPlaybackQueueIntegration::test_in_flight_session_does_not_block_enqueue PASSED [  4%]
tests/integration/test_session_lifecycle.py::TestPlaybackQueueIntegration::test_playback_complete_advances_queue_once_despite_dual_fire PASSED [  4%]
tests/integration/test_session_lifecycle.py::TestPlaybackQueueIntegration::test_queue_depth_signal_forwards_to_registry PASSED [  4%]
tests/integration/test_session_lifecycle.py::TestPlaybackQueueIntegration::test_cancellation_during_dispatch_advances_queue PASSED [  4%]
tests/integration/test_session_lifecycle.py::TestPlaybackQueueIntegration::test_cancel_then_natural_complete_race_does_not_keyerror PASSED [  4%]
tests/integration/test_session_lifecycle.py::TestPlaybackQueueIntegration::test_streaming_exception_documented_but_not_exercised PASSED [  4%]
tests/integration/test_session_lifecycle.py::TestPlaybackQueueGatingHelpers::test_derive_queue_token_prefers_explicit_token PASSED [  4%]
tests/integration/test_session_lifecycle.py::TestPlaybackQueueGatingHelpers::test_derive_queue_token_uses_session_id_when_no_explicit_token PASSED [  4%]
tests/integration/test_session_lifecycle.py::TestPlaybackQueueGatingHelpers::test_derive_queue_token_mints_replay_uuid_for_replay_path PASSED [  4%]
tests/integration/test_session_lifecycle.py::TestPlaybackQueueGatingHelpers::test_claim_queue_slot_dispatches_when_queue_empty PASSED [  4%]
tests/integration/test_session_lifecycle.py::TestPlaybackQueueGatingHelpers::test_claim_queue_slot_defers_when_other_in_flight PASSED [  4%]
tests/integration/test_session_lifecycle.py::TestPlaybackQueueGatingHelpers::test_claim_queue_slot_passes_through_on_reentry PASSED [  4%]
tests/integration/test_session_lifecycle.py::TestPlaybackQueueGatingHelpers::test_claim_queue_slot_passes_through_when_queue_absent PASSED [  4%]
tests/integration/test_session_lifecycle.py::TestPlaybackQueueGatingHelpers::test_release_queue_slot_on_failure_advances_queue PASSED [  4%]
tests/integration/test_session_lifecycle.py::TestPlaybackQueueGatingHelpers::test_release_queue_slot_noop_when_token_mismatch PASSED [  4%]
tests/integration/test_session_lifecycle.py::TestPlaybackQueueGatingHelpers::test_release_queue_slot_noop_when_queue_absent PASSED [  4%]
tests/integration/test_session_lifecycle.py::TestPlayGeneratedAudioProduction::test_real_play_generated_audio_success_path_dispatches PASSED [  4%]
tests/integration/test_session_lifecycle.py::TestPlayGeneratedAudioProduction::test_real_play_generated_audio_failure_path_releases_queue PASSED [  4%]
tests/integration/test_session_lifecycle.py::TestPlayGeneratedAudioProduction::test_real_play_generated_audio_failure_then_success_unblocks PASSED [  4%]
tests/integration/test_session_lifecycle.py::TestPlayGeneratedAudioProduction::test_real_play_generated_audio_defers_when_queue_busy PASSED [  4%]
tests/integration/test_session_lifecycle.py::TestBoundedDedupSet::test_membership_after_add PASSED [  4%]
tests/integration/test_session_lifecycle.py::TestBoundedDedupSet::test_duplicate_add_is_noop PASSED [  5%]
tests/integration/test_session_lifecycle.py::TestBoundedDedupSet::test_evicts_oldest_when_at_capacity PASSED [  5%]
tests/integration/test_session_lifecycle.py::TestBoundedDedupSet::test_default_capacity_is_256 PASSED [  5%]
tests/integration/test_session_lifecycle.py::TestBoundedDedupSet::test_re_adding_evicted_key_treats_as_new PASSED [  5%]
tests/integration/test_streaming_tts_smoke.py::test_expected_chunk_count_helper_matches_both_shipped_geometries PASSED [  5%]
tests/integration/test_streaming_tts_smoke.py::TestCancelChainEndToEnd::test_cancel_chain_end_to_end_with_real_streamer_and_worker PASSED [  5%]
tests/integration/test_streaming_tts_smoke.py::TestCancelChainEndToEnd::test_cancel_chain_idempotent_when_called_twice PASSED [  5%]
tests/integration/test_streaming_tts_smoke.py::TestCancelChainLatency::test_cancel_chain_latency_under_100ms[0] PASSED [  5%]
tests/integration/test_streaming_tts_smoke.py::TestCancelChainLatency::test_cancel_chain_latency_under_100ms[1] PASSED [  5%]
tests/integration/test_streaming_tts_smoke.py::TestCancelChainLatency::test_cancel_chain_latency_under_100ms[2] PASSED [  5%]
tests/integration/test_streaming_tts_smoke.py::TestTrueStreamDispatchEndToEnd::test_true_stream_produces_correct_audio_for_representative_input PASSED [  5%]
tests/integration/test_streaming_tts_smoke.py::TestTrueStreamDispatchEndToEnd::test_true_stream_via_dispatch_emits_streaming_mode_metric PASSED [  5%]
tests/integration/test_streaming_tts_smoke.py::TestTrueStreamDispatchEndToEnd::test_cancel_mid_true_stream_propagates_through_chain PASSED [  5%]
tests/integration/test_streaming_tts_smoke.py::TestTrueStreamDispatchEndToEnd::test_concurrent_dispatches_serialized_via_semaphore PASSED [  5%]
tests/integration/test_streaming_tts_smoke.py::TestTrueStreamDispatchEndToEnd::test_cancel_before_first_chunk_returns_cleanly PASSED [  5%]
tests/integration/test_streaming_tts_smoke.py::TestTrueStreamDispatchEndToEnd::test_no_double_cancel_post_from_dispatch_path PASSED [  5%]
tests/integration/test_streaming_tts_smoke.py::TestSilentTalkerSurfacesAsFailure::test_zero_token_talker_raises_so_fallback_chain_fires PASSED [  5%]
tests/integration/test_streaming_tts_smoke.py::TestSilentTalkerSurfacesAsFailure::test_dispatch_fallback_chain_routes_to_sentence_stream_on_silent_talker PASSED [  5%]
tests/integration/test_streaming_tts_smoke.py::TestTrueStreamWireUpEndToEnd::test_real_wire_up_fires_streamer_for_custom_voice_request PASSED [  5%]
tests/integration/test_streaming_tts_smoke.py::TestTrueStreamWireUpEndToEnd::test_patch_is_restored_after_dispatch_completes PASSED [  5%]
tests/integration/test_streaming_tts_smoke.py::TestTrueStreamWireUpEndToEnd::test_real_wire_up_cooperative_cancel_does_not_raise PASSED [  5%]
tests/integration/test_streaming_tts_smoke.py::TestTtfaTalkerBoundaryInstrumentation::test_talker_boundaries_fire_once_each_in_order_on_threshold_path PASSED [  5%]
tests/integration/test_streaming_tts_smoke.py::TestTtfaTalkerBoundaryInstrumentation::test_residual_flush_path_emits_first_chunk_emit_boundary PASSED [  5%]
tests/services/api_server/test_audio_encode.py::test_pcm_is_raw_int16_passthrough PASSED [  5%]
tests/services/api_server/test_audio_encode.py::test_wav_round_trips_to_24k_mono PASSED [  5%]
tests/services/api_server/test_audio_encode.py::test_mp3_produces_valid_mpeg_payload PASSED [  5%]
tests/services/api_server/test_audio_encode.py::test_unsupported_format_raises PASSED [  5%]
tests/services/api_server/test_audio_encode.py::test_clipping_handles_out_of_range_floats PASSED [  5%]
tests/services/api_server/test_audio_encode.py::test_stream_encoder_pcm_passthrough_and_empty_flush PASSED [  5%]
tests/services/api_server/test_audio_encode.py::test_stream_encoder_mp3_frames_then_flush PASSED [  6%]
tests/services/api_server/test_audio_encode.py::test_stream_encoder_rejects_wav PASSED [  6%]
tests/services/api_server/test_origin_gating.py::test_api_session_publishes_and_suppresses_device PASSED [  6%]
tests/services/api_server/test_origin_gating.py::test_gui_session_reaches_device_and_is_not_published FAILED [  6%]
tests/services/api_server/test_routes_integration.py::test_buffered_mp3_default PASSED [  6%]
tests/services/api_server/test_routes_integration.py::test_buffered_formats[wav-audio/wav] PASSED [  6%]
tests/services/api_server/test_routes_integration.py::test_buffered_formats[pcm-audio/L16; rate=24000] PASSED [  6%]
tests/services/api_server/test_routes_integration.py::test_unknown_voice_400 PASSED [  6%]
tests/services/api_server/test_routes_integration.py::test_empty_input_422 PASSED [  6%]
tests/services/api_server/test_routes_integration.py::test_speed_two_accepted_noop PASSED [  6%]
tests/services/api_server/test_routes_integration.py::test_generation_failure_500 PASSED [  6%]
tests/services/api_server/test_routes_integration.py::test_voices_list PASSED [  6%]
tests/services/api_server/test_routes_integration.py::test_models_and_health PASSED [  6%]
tests/services/api_server/test_routes_integration.py::test_auth_required_when_key_set PASSED [  6%]
tests/services/api_server/test_routes_integration.py::test_host_guard_rejects_non_loopback PASSED [  6%]
tests/services/api_server/test_routes_integration.py::test_streaming_pcm_happy_path PASSED [  6%]
tests/services/api_server/test_routes_integration.py::test_streaming_wav_rejected_400 PASSED [  6%]
tests/services/api_server/test_routes_integration.py::test_streaming_zero_chunks_degrades_to_buffered PASSED [  6%]
tests/services/api_server/test_schemas.py::test_valid_request_defaults PASSED [  6%]
tests/services/api_server/test_schemas.py::test_empty_input_rejected PASSED [  6%]
tests/services/api_server/test_schemas.py::test_oversize_input_rejected PASSED [  6%]
tests/services/api_server/test_schemas.py::test_max_length_input_accepted PASSED [  6%]
tests/services/api_server/test_schemas.py::test_speed_out_of_range_rejected[0.24] PASSED [  6%]
tests/services/api_server/test_schemas.py::test_speed_out_of_range_rejected[4.01] PASSED [  6%]
tests/services/api_server/test_schemas.py::test_speed_out_of_range_rejected[0.0] PASSED [  6%]
tests/services/api_server/test_schemas.py::test_speed_out_of_range_rejected[-1.0] PASSED [  6%]
tests/services/api_server/test_schemas.py::test_speed_in_range_non_one_accepted PASSED [  6%]
tests/services/api_server/test_schemas.py::test_bad_response_format_rejected PASSED [  6%]
tests/services/api_server/test_schemas.py::test_resolve_voice_known PASSED [  6%]
tests/services/api_server/test_schemas.py::test_resolve_voice_unknown_returns_none PASSED [  6%]
tests/services/api_server/test_schemas.py::test_build_voices_response_lists_valid_profiles PASSED [  7%]
tests/services/api_server/test_schemas.py::test_build_models_response_advertises_model_id PASSED [  7%]
tests/services/api_server/test_security.py::test_host_guard_allows_loopback[127.0.0.1] PASSED [  7%]
tests/services/api_server/test_security.py::test_host_guard_allows_loopback[localhost] PASSED [  7%]
tests/services/api_server/test_security.py::test_host_guard_allows_loopback[127.0.0.1:7778] PASSED [  7%]
tests/services/api_server/test_security.py::test_host_guard_allows_loopback[localhost:7778] PASSED [  7%]
tests/services/api_server/test_security.py::test_host_guard_allows_ipv6_loopback[[::1]] PASSED [  7%]
tests/services/api_server/test_security.py::test_host_guard_allows_ipv6_loopback[[::1]:7778] PASSED [  7%]
tests/services/api_server/test_security.py::test_host_guard_rejects_non_loopback[evil.com] PASSED [  7%]
tests/services/api_server/test_security.py::test_host_guard_rejects_non_loopback[192.168.1.5] PASSED [  7%]
tests/services/api_server/test_security.py::test_host_guard_rejects_non_loopback[example.org:7778] PASSED [  7%]
tests/services/api_server/test_security.py::test_host_guard_rejects_non_loopback[] PASSED [  7%]
tests/services/api_server/test_security.py::test_auth_keyless_passes_without_header PASSED [  7%]
tests/services/api_server/test_security.py::test_auth_missing_header_rejected_when_key_set PASSED [  7%]
tests/services/api_server/test_security.py::test_auth_wrong_key_rejected PASSED [  7%]
tests/services/api_server/test_security.py::test_auth_correct_key_passes PASSED [  7%]
tests/services/api_server/test_security.py::test_auth_malformed_scheme_rejected PASSED [  7%]
tests/services/api_server/test_security.py::test_generate_api_key_is_high_entropy PASSED [  7%]
tests/services/api_server/test_server_lifecycle.py::test_stop_cancels_registered_stream_tasks PASSED [  7%]
tests/services/api_server/test_server_lifecycle.py::test_start_warns_when_keyless PASSED [  7%]
tests/services/api_server/test_session_id_threading.py::test_create_session_honors_supplied_id PASSED [  7%]
tests/services/api_server/test_session_id_threading.py::test_create_session_auto_generates_when_none PASSED [  7%]
tests/services/api_server/test_session_id_threading.py::test_request_dataclass_carries_session_id PASSED [  7%]
tests/services/api_server/test_stream_hub.py::test_publish_reaches_subscriber PASSED [  7%]
tests/services/api_server/test_stream_hub.py::test_publish_fans_out_to_all_subscribers_of_session PASSED [  7%]
tests/services/api_server/test_stream_hub.py::test_publish_to_unknown_session_is_noop PASSED [  7%]
tests/services/api_server/test_stream_hub.py::test_bounded_queue_drops_oldest_on_overflow PASSED [  7%]
tests/services/api_server/test_stream_hub.py::test_overflow_drops_non_final_but_keeps_final PASSED [  7%]
tests/services/api_server/test_stream_hub.py::test_incoming_dropped_to_preserve_oldest_final PASSED [  7%]
tests/services/api_server/test_stream_hub.py::test_unsubscribe_removes_queue_and_prunes_session PASSED [  8%]
tests/services/test_device_resilience_manager.py::TestDeviceResilienceManagerInit::test_init_with_default_config PASSED [  8%]
tests/services/test_device_resilience_manager.py::TestDeviceResilienceManagerInit::test_init_with_custom_config PASSED [  8%]
tests/services/test_device_resilience_manager.py::TestDeviceResilienceManagerInit::test_device_states_initialized PASSED [  8%]
tests/services/test_device_resilience_manager.py::TestDeviceResilienceManagerLifecycle::test_initialize_success PASSED [  8%]
tests/services/test_device_resilience_manager.py::TestDeviceResilienceManagerLifecycle::test_shutdown_success PASSED [  8%]
tests/services/test_device_resilience_manager.py::TestDeviceResilienceManagerLifecycle::test_health_check_uninitialized PASSED [  8%]
tests/services/test_device_resilience_manager.py::TestDeviceResilienceManagerLifecycle::test_health_check_initialized PASSED [  8%]
tests/services/test_device_resilience_manager.py::TestDeviceRegistration::test_register_monitor_device PASSED [  8%]
tests/services/test_device_resilience_manager.py::TestDeviceRegistration::test_register_device_with_fallback PASSED [  8%]
tests/services/test_device_resilience_manager.py::TestDeviceRegistration::test_unregister_device PASSED [  8%]
tests/services/test_device_resilience_manager.py::TestDeviceChangeHandling::test_device_removed_notification PASSED [  8%]
tests/services/test_device_resilience_manager.py::TestDeviceChangeHandling::test_device_reconnect_auto_recovery PASSED [  8%]
tests/services/test_device_resilience_manager.py::TestDeviceChangeHandling::test_virtual_mic_disconnect_independent PASSED [  8%]
tests/services/test_device_resilience_manager.py::TestDeviceChangeHandling::test_fallback_on_disconnect PASSED [  8%]
tests/services/test_device_resilience_manager.py::TestDeviceRefresh::test_refresh_devices_success PASSED [  8%]
tests/services/test_device_resilience_manager.py::TestDeviceRefresh::test_refresh_devices_not_initialized PASSED [  8%]
tests/services/test_device_resilience_manager.py::TestDeviceRefresh::test_enumerate_devices PASSED [  8%]
tests/services/test_device_resilience_manager.py::TestCallbackManagement::test_add_notification_callback PASSED [  8%]
tests/services/test_device_resilience_manager.py::TestCallbackManagement::test_remove_notification_callback PASSED [  8%]
tests/services/test_device_resilience_manager.py::TestCallbackManagement::test_add_recovery_callback PASSED [  8%]
tests/services/test_device_resilience_manager.py::TestHealthStatus::test_get_health_status PASSED [  8%]
tests/services/test_device_resilience_manager.py::TestEventMatching::test_event_matches_by_name PASSED [  8%]
tests/services/test_device_resilience_manager.py::TestEventMatching::test_event_matches_by_index PASSED [  8%]
tests/services/test_device_resilience_manager.py::TestEventMatching::test_event_no_match PASSED [  8%]
tests/services/test_model_loading_manager.py::TestModelLoadingManagerInit::test_manager_creation PASSED [  8%]
tests/services/test_model_loading_manager.py::TestModelLoadingManagerInit::test_set_tts_service PASSED [  8%]
tests/services/test_model_loading_manager.py::TestVoiceTypeRequiredModel::test_bundled_requires_custom_voice PASSED [  8%]
tests/services/test_model_loading_manager.py::TestVoiceTypeRequiredModel::test_designed_requires_voice_design PASSED [  8%]
tests/services/test_model_loading_manager.py::TestVoiceTypeRequiredModel::test_cloned_requires_base PASSED [  9%]
tests/services/test_model_loading_manager.py::TestModelSwitchDetection::test_no_switch_same_model_type PASSED [  9%]
tests/services/test_model_loading_manager.py::TestModelSwitchDetection::test_switch_needed_different_model_type PASSED [  9%]
tests/services/test_model_loading_manager.py::TestModelSwitchDetection::test_switch_needed_for_cloned PASSED [  9%]
tests/services/test_model_loading_manager.py::TestModelSwitchDetection::test_switch_needed_when_no_model_loaded PASSED [  9%]
tests/services/test_model_loading_manager.py::TestInstantSwitchDetection::test_instant_switch_same_model PASSED [  9%]
tests/services/test_model_loading_manager.py::TestInstantSwitchDetection::test_not_instant_switch_different_model PASSED [  9%]
tests/services/test_model_loading_manager.py::TestLoadingMessage::test_no_message_instant_switch PASSED [  9%]
tests/services/test_model_loading_manager.py::TestLoadingMessage::test_message_for_model_switch PASSED [  9%]
tests/services/test_model_loading_manager.py::TestModelLoadingStatus::test_status_creation PASSED [  9%]
tests/services/test_model_loading_manager.py::TestModelLoadingStatus::test_status_with_error PASSED [  9%]
tests/services/test_model_loading_manager.py::TestLoadingStatusRetrieval::test_get_loading_status PASSED [  9%]
tests/services/test_model_loading_manager.py::TestLoadingStatusRetrieval::test_is_loading_method PASSED [  9%]
tests/services/test_model_loading_manager.py::TestModelLoadingManagerSignals::test_loading_started_signal_exists PASSED [  9%]
tests/services/test_model_loading_manager.py::TestModelLoadingManagerSignals::test_loading_progress_signal_exists PASSED [  9%]
tests/services/test_model_loading_manager.py::TestModelLoadingManagerSignals::test_loading_complete_signal_exists PASSED [  9%]
tests/services/test_model_loading_manager.py::TestModelLoadingManagerSignals::test_model_ready_signal_exists PASSED [  9%]
tests/services/test_model_registry_optimization.py::TestModelRegistryOptimizationCodePresence::test_matmul_precision_code_exists PASSED [  9%]
tests/services/test_model_registry_optimization.py::TestModelRegistryOptimizationCodePresence::test_matmul_precision_only_for_cuda PASSED [  9%]
tests/services/test_model_registry_optimization.py::TestModelRegistryOptimizationCodePresence::test_flash_attention_detection_code_exists PASSED [  9%]
tests/services/test_model_registry_optimization.py::TestModelRegistryOptimizationCodePresence::test_matmul_precision_error_handling PASSED [  9%]
tests/services/test_model_registry_optimization.py::TestModelRegistryOptimizationDocumentation::test_github_issue_reference PASSED [  9%]
tests/services/test_model_registry_optimization.py::TestModelRegistryOptimizationDocumentation::test_ampere_gpu_comment PASSED [  9%]
tests/services/test_model_registry_optimization.py::TestModelRegistryDeviceHandling::test_auto_device_pattern PASSED [  9%]
tests/services/test_model_registry_optimization.py::TestModelRegistryDeviceHandling::test_device_stored_as_attribute PASSED [  9%]
tests/services/test_model_registry_optimization.py::TestModelRegistryLoadKwargs::test_device_map_in_load_kwargs PASSED [  9%]
tests/services/test_model_registry_optimization.py::TestModelRegistryLoadKwargs::test_dtype_in_load_kwargs PASSED [  9%]
tests/services/test_model_registry_optimization.py::TestModelRegistryLoadKwargs::test_attn_implementation_conditionally_added PASSED [  9%]
tests/services/test_optimized_voice.py::TestVoiceTypeOptimized::test_optimized_type_exists PASSED [  9%]
tests/services/test_optimized_voice.py::TestVoiceTypeOptimized::test_optimized_supports_emotion PASSED [  9%]
tests/services/test_optimized_voice.py::TestVoiceTypeOptimized::test_optimized_display_name PASSED [ 10%]
tests/services/test_optimized_voice.py::TestVoiceTypeOptimized::test_optimized_icon PASSED [ 10%]
tests/services/test_optimized_voice.py::TestVoiceTypeOptimized::test_optimized_sort_order FAILED [ 10%]
tests/services/test_optimized_voice.py::TestVoiceTypeOptimized::test_optimized_required_model PASSED [ 10%]
tests/services/test_optimized_voice.py::TestVoiceTypeOptimized::test_cloned_does_not_support_emotion PASSED [ 10%]
tests/services/test_optimized_voice.py::TestVoiceTypeOptimized::test_bundled_supports_emotion PASSED [ 10%]
tests/services/test_optimized_voice.py::TestCreateOptimizedProfile::test_create_optimized_profile_basic PASSED [ 10%]
tests/services/test_optimized_voice.py::TestCreateOptimizedProfile::test_create_optimized_profile_with_description PASSED [ 10%]
tests/services/test_optimized_voice.py::TestCreateOptimizedProfile::test_optimized_profile_virtual_path PASSED [ 10%]
tests/services/test_optimized_voice.py::TestCreateOptimizedProfile::test_optimized_profile_transcription_skipped PASSED [ 10%]
tests/services/test_optimized_voice.py::TestCreateOptimizedProfile::test_is_optimized_helper PASSED [ 10%]
tests/services/test_optimized_voice.py::TestCreateOptimizedProfile::test_non_optimized_is_optimized_returns_false PASSED [ 10%]
tests/services/test_optimized_voice.py::TestOptimizedProfileSerialization::test_to_dict_includes_optimized_fields PASSED [ 10%]
tests/services/test_optimized_voice.py::TestOptimizedProfileSerialization::test_from_dict_restores_optimized_profile PASSED [ 10%]
tests/services/test_optimized_voice.py::TestModelRegistryCheckpointLoading::test_ensure_model_loaded_with_checkpoint PASSED [ 10%]
tests/services/test_optimized_voice.py::TestModelRegistryCheckpointLoading::test_checkpoint_path_tracked FAILED [ 10%]
tests/services/test_optimized_voice.py::TestModelRegistryCheckpointLoading::test_same_checkpoint_no_reload PASSED [ 10%]
tests/services/test_optimized_voice.py::TestModelRegistryCheckpointLoading::test_different_checkpoint_triggers_reload PASSED [ 10%]
tests/services/test_optimized_voice.py::TestGenerateOptimizedVoice::test_generate_optimized_voice_validates_checkpoint PASSED [ 10%]
tests/services/test_optimized_voice.py::TestGenerateOptimizedVoice::test_generate_optimized_voice_uses_emotion_preset PASSED [ 10%]
tests/services/test_optimized_voice.py::TestGenerateOptimizedVoice::test_generate_optimized_voice_passes_checkpoint_path PASSED [ 10%]
tests/services/test_optimized_voice.py::TestGenerateOptimizedVoice::test_generate_optimized_voice_uses_custom_voice_model PASSED [ 10%]
tests/services/test_optimized_voice.py::TestVoiceProfileManagerOptimized::test_register_optimized_profile PASSED [ 10%]
tests/services/test_optimized_voice.py::TestVoiceProfileManagerOptimized::test_optimized_profile_saved_to_cache PASSED [ 10%]
tests/services/test_optimized_voice.py::TestVoiceProfileManagerOptimized::test_optimized_voice_loaded_from_cache PASSED [ 10%]
tests/services/test_optimized_voice.py::TestVoiceProfileManagerOptimized::test_set_optimized_active PASSED [ 10%]
tests/services/test_optimized_voice.py::TestAppVoiceRouting::test_optimized_voice_routes_to_generate_optimized PASSED [ 10%]
tests/services/test_optimized_voice.py::TestAppVoiceRouting::test_optimized_profile_has_required_fields_for_routing PASSED [ 10%]
tests/services/test_voice_profile_manager.py::TestVoiceProfileManagerInit::test_init_with_defaults FAILED [ 10%]
tests/services/test_voice_profile_manager.py::TestVoiceProfileManagerInit::test_init_with_custom_max_duration PASSED [ 11%]
tests/services/test_voice_profile_manager.py::TestRegisterProfile::test_register_valid_cloned_profile PASSED [ 11%]
tests/services/test_voice_profile_manager.py::TestRegisterProfile::test_register_valid_designed_profile PASSED [ 11%]
tests/services/test_voice_profile_manager.py::TestRegisterProfile::test_register_invalid_profile_rejected PASSED [ 11%]
tests/services/test_voice_profile_manager.py::TestRegisterProfile::test_register_profile_saves_to_cache PASSED [ 11%]
tests/services/test_voice_profile_manager.py::TestRegisterProfile::test_register_profile_preserves_voice_type PASSED [ 11%]
tests/services/test_voice_profile_manager.py::TestRegisterProfile::test_register_profile_logs_type_info PASSED [ 11%]
tests/services/test_voice_profile_manager.py::TestCacheVoiceTypePersistence::test_cache_saves_voice_type PASSED [ 11%]
tests/services/test_voice_profile_manager.py::TestCacheVoiceTypePersistence::test_cache_loads_voice_type PASSED [ 11%]
tests/services/test_voice_profile_manager.py::TestCacheVoiceTypePersistence::test_cache_defaults_to_cloned_without_voice_type PASSED [ 11%]
tests/services/test_voice_profile_manager.py::TestCacheVoiceTypePersistence::test_designed_voice_type_persisted PASSED [ 11%]
tests/services/test_voice_profile_manager.py::TestBundledVoiceReinitialization::test_bundled_voices_initialized_on_start PASSED [ 11%]
tests/services/test_voice_profile_manager.py::TestBundledVoiceReinitialization::test_bundled_voices_preserved_after_incremental_scan PASSED [ 11%]
tests/services/test_voice_profile_manager.py::TestBundledVoiceReinitialization::test_bundled_voices_reinitialized_after_full_rescan PASSED [ 11%]
tests/services/test_voice_profile_manager.py::TestBundledVoiceReinitialization::test_force_rescan_preserves_bundled_voices PASSED [ 11%]
tests/services/test_voice_profile_manager.py::TestBundledVoiceReinitialization::test_bundled_voices_not_duplicated PASSED [ 11%]
tests/services/test_voice_profile_manager.py::TestBundledVoiceReinitialization::test_bundled_voices_skipped_in_cache_load PASSED [ 11%]
tests/services/test_voice_profile_manager.py::TestGetBundledProfiles::test_returns_only_bundled PASSED [ 11%]
tests/services/test_voice_profile_manager.py::TestCacheEmotionCapable::test_emotion_capable_saved_to_cache PASSED [ 11%]
tests/services/test_voice_profile_manager.py::TestCacheEmotionCapable::test_cloned_voice_not_emotion_capable PASSED [ 11%]
tests/services/test_voice_profile_manager.py::TestActiveProfileWithVoiceType::test_set_bundled_active PASSED [ 11%]
tests/services/test_voice_profile_manager.py::TestActiveProfileWithVoiceType::test_set_cloned_active PASSED [ 11%]
tests/settings/test_configuration_data_persistence.py::TestVoiceSelectionFallback::test_restore_valid_voice_selection PASSED [ 11%]
tests/settings/test_configuration_data_persistence.py::TestVoiceSelectionFallback::test_fallback_to_bundled_when_voice_missing PASSED [ 11%]
tests/settings/test_configuration_data_persistence.py::TestVoiceSelectionFallback::test_fallback_to_bundled_when_voice_empty PASSED [ 11%]
tests/settings/test_configuration_data_persistence.py::TestVoiceSelectionFallback::test_fallback_to_first_available_when_default_missing PASSED [ 11%]
tests/settings/test_configuration_data_persistence.py::TestVoiceSelectionFallback::test_no_fallback_when_no_voices_available PASSED [ 11%]
tests/settings/test_configuration_data_persistence.py::TestVoiceSelectionFallback::test_fallback_on_error PASSED [ 11%]
tests/settings/test_configuration_data_persistence.py::TestVoiceDirectoryLoading::test_voice_files_directory_default PASSED [ 11%]
tests/settings/test_configuration_data_persistence.py::TestVoiceDirectoryLoading::test_voice_files_directory_custom PASSED [ 11%]
tests/settings/test_configuration_data_persistence.py::TestVoiceDirectoryLoading::test_get_voice_files_path PASSED [ 12%]
tests/settings/test_configuration_data_persistence.py::TestCorruptedVoiceHandling::test_skip_corrupted_voice_log_warning PASSED [ 12%]
tests/settings/test_configuration_data_persistence.py::TestQuickSpeakPersistence::test_quick_speak_service_creates_default_profile PASSED [ 12%]
tests/settings/test_configuration_data_persistence.py::TestQuickSpeakPersistence::test_quick_speak_service_loads_entries PASSED [ 12%]
tests/settings/test_configuration_data_persistence.py::TestQuickSpeakPersistence::test_quick_speak_service_saves_entries PASSED [ 12%]
tests/settings/test_configuration_data_persistence.py::TestSettingsDirectoryInitialization::test_config_directory_created_on_start PASSED [ 12%]
tests/settings/test_configuration_data_persistence.py::TestVoiceProfilePersistence::test_voice_selection_persisted_in_settings PASSED [ 12%]
tests/settings/test_configuration_data_persistence.py::TestVoiceProfilePersistence::test_voice_selection_serialized PASSED [ 12%]
tests/settings/test_configuration_data_persistence.py::TestVoiceProfilePersistence::test_voice_selection_deserialized PASSED [ 12%]
tests/settings/test_configuration_data_persistence.py::TestDefaultBundledVoice::test_select_default_bundled_voice PASSED [ 12%]
tests/settings/test_configuration_data_persistence.py::TestDefaultBundledVoice::test_no_selection_when_no_voice_profile_set PASSED [ 12%]
tests/settings/test_reset_to_defaults.py::TestAppSettingsResetToDefaults::test_reset_restores_always_on_top_true PASSED [ 12%]
tests/settings/test_reset_to_defaults.py::TestAppSettingsResetToDefaults::test_reset_restores_transparency_100_percent PASSED [ 12%]
tests/settings/test_reset_to_defaults.py::TestAppSettingsResetToDefaults::test_reset_clears_window_geometry PASSED [ 12%]
tests/settings/test_reset_to_defaults.py::TestAppSettingsResetToDefaults::test_reset_clears_monitor_device PASSED [ 12%]
tests/settings/test_reset_to_defaults.py::TestAppSettingsResetToDefaults::test_reset_clears_virtual_device PASSED [ 12%]
tests/settings/test_reset_to_defaults.py::TestAppSettingsResetToDefaults::test_reset_preserves_voice_files_directory PASSED [ 12%]
tests/settings/test_reset_to_defaults.py::TestAppSettingsResetToDefaults::test_reset_restores_theme_to_dark PASSED [ 12%]
tests/settings/test_reset_to_defaults.py::TestAppSettingsResetToDefaults::test_reset_restores_log_level_to_info PASSED [ 12%]
tests/settings/test_reset_to_defaults.py::TestAppSettingsResetToDefaults::test_reset_sets_selected_voice_profile_to_default PASSED [ 12%]
tests/settings/test_reset_to_defaults.py::TestSettingsDialogResetButton::test_reset_button_exists PASSED [ 12%]
tests/settings/test_reset_to_defaults.py::TestSettingsDialogResetButton::test_reset_button_triggers_confirmation PASSED [ 12%]
tests/settings/test_reset_to_defaults.py::TestResetVoiceToBundled::test_reset_sets_voice_to_sarira_f PASSED [ 12%]
tests/settings/test_reset_to_defaults.py::TestResetDialogInformativeText::test_reset_dialog_mentions_devices PASSED [ 12%]
tests/settings/test_reset_to_defaults.py::TestResetDoesNotDeleteVoices::test_voice_files_not_deleted PASSED [ 12%]
tests/settings/test_reset_to_defaults.py::TestResetWindowPosition::test_reset_clears_position_for_centering PASSED [ 12%]
tests/settings/test_reset_to_defaults.py::TestResetAllSettings::test_all_settings_reset_correctly PASSED [ 12%]
tests/settings/test_user_settings_persistence.py::TestAppSettingsWindowTransparency::test_default_transparency_is_fully_opaque PASSED [ 12%]
tests/settings/test_user_settings_persistence.py::TestAppSettingsWindowTransparency::test_transparency_can_be_set PASSED [ 12%]
tests/settings/test_user_settings_persistence.py::TestAppSettingsWindowTransparency::test_transparency_validation_rejects_negative PASSED [ 13%]
tests/settings/test_user_settings_persistence.py::TestAppSettingsWindowTransparency::test_transparency_validation_rejects_over_one PASSED [ 13%]
tests/settings/test_user_settings_persistence.py::TestAppSettingsWindowTransparency::test_transparency_zero_is_valid PASSED [ 13%]
tests/settings/test_user_settings_persistence.py::TestAppSettingsWindowTransparency::test_transparency_one_is_valid PASSED [ 13%]
tests/settings/test_user_settings_persistence.py::TestAppSettingsSerialization::test_to_dict_includes_window_transparency PASSED [ 13%]
tests/settings/test_user_settings_persistence.py::TestAppSettingsSerialization::test_from_dict_restores_window_transparency PASSED [ 13%]
tests/settings/test_user_settings_persistence.py::TestAppSettingsSerialization::test_from_dict_uses_default_for_missing_transparency PASSED [ 13%]
tests/settings/test_user_settings_persistence.py::TestAppSettingsSerialization::test_to_dict_includes_window_geometry PASSED [ 13%]
tests/settings/test_user_settings_persistence.py::TestAppSettingsSerialization::test_to_dict_includes_all_persisted_fields PASSED [ 13%]
tests/settings/test_user_settings_persistence.py::TestAppSettingsResetDefaults::test_reset_to_defaults_resets_transparency PASSED [ 13%]
tests/settings/test_user_settings_persistence.py::TestAppSettingsResetDefaults::test_reset_to_defaults_clears_window_geometry PASSED [ 13%]
tests/settings/test_user_settings_persistence.py::TestConfigurationManagerWindowSettings::test_update_window_geometry PASSED [ 13%]
tests/settings/test_user_settings_persistence.py::TestConfigurationManagerWindowSettings::test_update_window_transparency PASSED [ 13%]
tests/settings/test_user_settings_persistence.py::TestConfigurationManagerWindowSettings::test_update_window_transparency_rejects_invalid PASSED [ 13%]
tests/settings/test_user_settings_persistence.py::TestConfigurationManagerWindowSettings::test_update_always_on_top PASSED [ 13%]
tests/settings/test_user_settings_persistence.py::TestConfigurationManagerWindowSettings::test_get_window_geometry PASSED [ 13%]
tests/settings/test_user_settings_persistence.py::TestConfigurationManagerWindowSettings::test_get_window_geometry_returns_none_when_not_set PASSED [ 13%]
tests/settings/test_user_settings_persistence.py::TestConfigurationManagerWindowSettings::test_get_window_transparency PASSED [ 13%]
tests/settings/test_user_settings_persistence.py::TestConfigurationManagerWindowSettings::test_get_always_on_top PASSED [ 13%]
tests/settings/test_user_settings_persistence.py::TestSettingsPersistenceToFile::test_save_and_load_preserves_all_settings PASSED [ 13%]
tests/settings/test_user_settings_persistence.py::TestSettingsPersistenceToFile::test_load_settings_from_file PASSED [ 13%]
tests/settings/test_user_settings_persistence.py::TestCorruptedSettingsRecovery::test_load_corrupted_file_uses_defaults PASSED [ 13%]
tests/settings/test_user_settings_persistence.py::TestCorruptedSettingsRecovery::test_missing_file_creates_defaults PASSED [ 13%]
tests/settings/test_user_settings_persistence.py::TestEmotionNotPersisted::test_app_settings_has_no_emotion_field PASSED [ 13%]
tests/settings/test_user_settings_persistence.py::TestEmotionNotPersisted::test_custom_emotion_text_is_persisted PASSED [ 13%]
tests/settings/test_user_settings_persistence.py::TestAutoFixTransparency::test_auto_fix_invalid_transparency PASSED [ 13%]
tests/test_qwen_tts_internals.py::test_qwen3_tts_model_class_is_top_level_importable PASSED [ 13%]
tests/test_qwen_tts_internals.py::test_voice_clone_prompt_item_class_is_deep_path_importable PASSED [ 13%]
tests/test_qwen_tts_internals.py::test_qwen3_tts_model_method_surface_intact PASSED [ 13%]
tests/test_qwen_tts_internals.py::test_transformers_basestreamer_importable_from_deep_path PASSED [ 13%]
tests/test_qwen_tts_internals.py::test_qwen3_tts_tokenizer_v1_decode_method_pinned PASSED [ 14%]
tests/test_qwen_tts_internals.py::test_qwen3_tts_for_conditional_generation_class_is_deep_path_importable PASSED [ 14%]
tests/test_qwen_tts_internals.py::test_qwen3_tts_talker_for_conditional_generation_class_is_callable PASSED [ 14%]
tests/test_qwen_tts_internals.py::test_qwen3_tts_wrapper_constructs_talker_attribute_in_init PASSED [ 14%]
tests/test_qwen_tts_internals.py::test_qwen3_tts_wrapper_calls_self_talker_generate_in_generate PASSED [ 14%]
tests/test_qwen_tts_internals.py::test_qwen3_tts_tokenizer_v2_decoder_module_classes_are_importable PASSED [ 14%]
tests/test_qwen_tts_internals.py::test_qwen3_tts_v2_decoder_forward_traversal_is_what_the_wrapper_mirrors PASSED [ 14%]
tests/test_qwen_tts_internals.py::test_causal_conv_still_left_pads_with_zeros PASSED [ 14%]
tests/test_qwen_tts_internals.py::test_causal_trans_conv_still_discards_left_and_right_pad PASSED [ 14%]
tests/test_qwen_tts_internals.py::test_v2_decoder_submodule_attribute_names_are_stable PASSED [ 14%]
tests/test_qwen_tts_internals.py::test_v2_decoder_transformer_layers_are_all_sliding_attention PASSED [ 14%]
tests/test_qwen_tts_internals.py::test_v2_decoder_upsample_geometry_still_yields_1920_and_555 PASSED [ 14%]
tests/test_qwen_tts_internals.py::test_v2_model_decode_still_routes_to_chunked_decode_then_forward PASSED [ 14%]
tests/test_qwen_tts_internals.py::test_transformers_dynamic_cache_snapshot_contract_is_intact PASSED [ 14%]
tests/ui/dialogs/settings/test_clear_comms_settings_panel.py::TestPanelConstruction::test_panel_is_qwidget_subclass PASSED [ 14%]
tests/ui/dialogs/settings/test_clear_comms_settings_panel.py::TestPanelConstruction::test_panel_constructs_with_no_state PASSED [ 14%]
tests/ui/dialogs/settings/test_clear_comms_settings_panel.py::TestPanelConstruction::test_panel_test_playback_signal_is_pyqt_signal PASSED [ 14%]
tests/ui/dialogs/settings/test_clear_comms_settings_panel.py::TestPanelConstruction::test_panel_default_internal_state_matches_appsettings_defaults PASSED [ 14%]
tests/ui/dialogs/settings/test_clear_comms_settings_panel.py::TestPanelReexport::test_clear_comms_settings_panel_reexport PASSED [ 14%]
tests/ui/dialogs/settings/test_clear_comms_settings_panel.py::test_panel_load_state_save_state_round_trip[last_generation-None-False] PASSED [ 14%]
tests/ui/dialogs/settings/test_clear_comms_settings_panel.py::test_panel_load_state_save_state_round_trip[last_generation-None-True] PASSED [ 14%]
tests/ui/dialogs/settings/test_clear_comms_settings_panel.py::test_panel_load_state_save_state_round_trip[file-None-False] PASSED [ 14%]
tests/ui/dialogs/settings/test_clear_comms_settings_panel.py::test_panel_load_state_save_state_round_trip[file-None-True] PASSED [ 14%]
tests/ui/dialogs/settings/test_clear_comms_settings_panel.py::test_panel_load_state_save_state_round_trip[last_generation-C:/sounds/legacy.wav-False] PASSED [ 14%]
tests/ui/dialogs/settings/test_clear_comms_settings_panel.py::test_panel_load_state_save_state_round_trip[file-C:/sounds/legacy.wav-True] PASSED [ 14%]
tests/ui/dialogs/settings/test_clear_comms_settings_panel.py::TestSourceRadios::test_default_radio_is_last_generation PASSED [ 14%]
tests/ui/dialogs/settings/test_clear_comms_settings_panel.py::TestSourceRadios::test_radio_toggle_hides_picker_row PASSED [ 14%]
tests/ui/dialogs/settings/test_clear_comms_settings_panel.py::TestSourceRadios::test_radio_toggle_does_not_emit_signal PASSED [ 14%]
tests/ui/dialogs/settings/test_clear_comms_settings_panel.py::TestSourceRadios::test_load_state_file_source_with_path_shows_picker_and_path PASSED [ 14%]
tests/ui/dialogs/settings/test_clear_comms_settings_panel.py::TestSourceRadios::test_path_display_placeholder_when_no_file PASSED [ 15%]
tests/ui/dialogs/settings/test_clear_comms_settings_panel.py::TestFilePicker::test_browse_button_opens_file_dialog_with_wav_filter PASSED [ 15%]
tests/ui/dialogs/settings/test_clear_comms_settings_panel.py::TestFilePicker::test_browse_cancel_does_not_change_state PASSED [ 15%]
tests/ui/dialogs/settings/test_clear_comms_settings_panel.py::TestFilePicker::test_status_label_shows_ready_message_for_valid_wav[8000] PASSED [ 15%]
tests/ui/dialogs/settings/test_clear_comms_settings_panel.py::TestFilePicker::test_status_label_shows_ready_message_for_valid_wav[22050] PASSED [ 15%]
tests/ui/dialogs/settings/test_clear_comms_settings_panel.py::TestFilePicker::test_status_label_shows_ready_message_for_valid_wav[44100] PASSED [ 15%]
tests/ui/dialogs/settings/test_clear_comms_settings_panel.py::TestFilePicker::test_status_label_shows_ready_message_for_valid_wav[48000] PASSED [ 15%]
tests/ui/dialogs/settings/test_clear_comms_settings_panel.py::TestFilePicker::test_status_label_shows_loader_error_for_corrupt_file PASSED [ 15%]
tests/ui/dialogs/settings/test_clear_comms_settings_panel.py::TestFilePicker::test_status_label_shows_loader_error_for_missing_file PASSED [ 15%]
tests/ui/dialogs/settings/test_clear_comms_settings_panel.py::TestFilePicker::test_status_label_shows_loader_error_for_spoofed_mp3 PASSED [ 15%]
tests/ui/dialogs/settings/test_clear_comms_settings_panel.py::TestFilePicker::test_status_label_does_not_mention_stereo_downmix PASSED [ 15%]
tests/ui/dialogs/settings/test_clear_comms_settings_panel.py::TestFilePicker::test_status_label_clears_on_no_file PASSED [ 15%]
tests/ui/dialogs/settings/test_clear_comms_settings_panel.py::TestFilePicker::test_path_display_is_read_only PASSED [ 15%]
tests/ui/dialogs/settings/test_clear_comms_settings_panel.py::TestTestPlaybackButton::test_test_playback_button_emits_signal_with_panel_state PASSED [ 15%]
tests/ui/dialogs/settings/test_clear_comms_settings_panel.py::TestTestPlaybackButton::test_test_playback_button_uses_panel_state_not_persisted PASSED [ 15%]
tests/ui/dialogs/settings/test_clear_comms_settings_panel.py::TestTestPlaybackButton::test_test_playback_button_enabled_for_last_generation PASSED [ 15%]
tests/ui/dialogs/settings/test_clear_comms_settings_panel.py::TestTestPlaybackButton::test_test_playback_button_disabled_for_file_without_valid_path PASSED [ 15%]
tests/ui/dialogs/settings/test_clear_comms_settings_panel.py::TestTestPlaybackButton::test_test_playback_button_enabled_for_file_with_valid_path PASSED [ 15%]
tests/ui/dialogs/settings/test_clear_comms_settings_panel.py::TestTestPlaybackButton::test_test_playback_button_disabled_for_invalid_file PASSED [ 15%]
tests/ui/dialogs/settings/test_clear_comms_settings_panel.py::TestTestPlaybackButton::test_test_playback_button_disabled_for_unrecognized_source_kind PASSED [ 15%]
tests/ui/dialogs/settings/test_clear_comms_settings_panel.py::TestQueueModeCheckbox::test_queue_mode_default_unchecked PASSED [ 15%]
tests/ui/dialogs/settings/test_clear_comms_settings_panel.py::TestQueueModeCheckbox::test_queue_mode_load_state_round_trip PASSED [ 15%]
tests/ui/dialogs/settings/test_clear_comms_settings_panel.py::TestQueueModeCheckbox::test_queue_mode_toggle_does_not_emit_signal PASSED [ 15%]
tests/ui/dialogs/settings/test_clear_comms_settings_panel.py::TestAccessibility::test_each_interactive_widget_has_accessible_metadata PASSED [ 15%]
tests/ui/dialogs/settings/test_clear_comms_settings_panel.py::TestAccessibility::test_radios_have_accessible_descriptions PASSED [ 15%]
tests/ui/dialogs/settings/test_clear_comms_settings_panel.py::TestAccessibility::test_queue_checkbox_has_tooltip_explaining_default PASSED [ 15%]
tests/ui/dialogs/settings/test_clear_comms_settings_panel.py::TestProbeReload::test_load_state_with_stale_path_surfaces_error PASSED [ 15%]
tests/ui/test_accessibility.py::TestAccessibleNames::test_text_input_has_accessible_name PASSED [ 15%]
tests/ui/test_accessibility.py::TestAccessibleNames::test_generate_button_has_accessible_name PASSED [ 15%]
tests/ui/test_accessibility.py::TestAccessibleNames::test_quick_speak_button_has_accessible_name PASSED [ 16%]
tests/ui/test_accessibility.py::TestAccessibleNames::test_replay_button_has_accessible_name PASSED [ 16%]
tests/ui/test_accessibility.py::TestAccessibleNames::test_clear_button_has_accessible_name PASSED [ 16%]
tests/ui/test_accessibility.py::TestAccessibleNames::test_settings_button_has_accessible_name PASSED [ 16%]
tests/ui/test_accessibility.py::TestAccessibleNames::test_status_bar_has_accessible_name PASSED [ 16%]
tests/ui/test_accessibility.py::TestFocusPolicy::test_text_input_accepts_focus PASSED [ 16%]
tests/ui/test_accessibility.py::TestFocusPolicy::test_generate_button_accepts_focus PASSED [ 16%]
tests/ui/test_accessibility.py::TestFocusPolicy::test_quick_speak_button_accepts_focus PASSED [ 16%]
tests/ui/test_accessibility.py::TestFocusPolicy::test_replay_button_accepts_focus PASSED [ 16%]
tests/ui/test_accessibility.py::TestFocusPolicy::test_clear_button_accepts_focus PASSED [ 16%]
tests/ui/test_accessibility.py::TestFocusPolicy::test_settings_button_accepts_focus PASSED [ 16%]
tests/ui/test_accessibility.py::TestFocusPolicy::test_voice_label_no_focus PASSED [ 16%]
tests/ui/test_accessibility.py::TestTabOrder::test_text_input_can_receive_focus PASSED [ 16%]
tests/ui/test_accessibility.py::TestTabOrder::test_tab_from_text_to_quick_speak PASSED [ 16%]
tests/ui/test_accessibility.py::TestEmotionButtonAccessibility::test_emotion_buttons_have_accessible_names PASSED [ 16%]
tests/ui/test_accessibility.py::TestEmotionButtonAccessibility::test_get_emotion_buttons_returns_list PASSED [ 16%]
tests/ui/test_accessibility.py::TestEmotionButtonAccessibility::test_emotion_buttons_in_order PASSED [ 16%]
tests/ui/test_accessibility.py::TestLiveRegionAnnouncements::test_announce_status_updates_status_bar PASSED [ 16%]
tests/ui/test_accessibility.py::TestLiveRegionAnnouncements::test_announce_generation_complete PASSED [ 16%]
tests/ui/test_accessibility.py::TestLiveRegionAnnouncements::test_announce_error PASSED [ 16%]
tests/ui/test_accessibility.py::TestHighContrastMode::test_is_high_contrast_mode_returns_bool PASSED [ 16%]
tests/ui/test_accessibility.py::TestHighContrastMode::test_is_high_contrast_mode_handles_non_windows PASSED [ 16%]
tests/ui/test_accessibility.py::TestFocusIndicatorStyles::test_dark_theme_has_focus_styles PASSED [ 16%]
tests/ui/test_accessibility.py::TestFocusIndicatorStyles::test_light_theme_has_focus_styles PASSED [ 16%]
tests/ui/test_accessibility.py::TestKeyboardActivation::test_button_responds_to_space PASSED [ 16%]
tests/ui/test_accessibility.py::TestKeyboardActivation::test_button_responds_to_enter PASSED [ 16%]
tests/ui/test_clear_comms_button.py::TestClearCommsButtonConstruction::test_clear_comms_button_is_qpushbutton_subclass PASSED [ 16%]
tests/ui/test_clear_comms_button.py::TestClearCommsButtonConstruction::test_clear_comms_button_default_disabled PASSED [ 16%]
tests/ui/test_clear_comms_button.py::TestClearCommsButtonConstruction::test_clear_comms_button_default_tooltip PASSED [ 16%]
tests/ui/test_clear_comms_button.py::TestClearCommsButtonConstruction::test_clear_comms_button_default_object_name PASSED [ 16%]
tests/ui/test_clear_comms_button.py::TestClearCommsButtonConstruction::test_clear_comms_button_fixed_size_24x24 PASSED [ 17%]
tests/ui/test_clear_comms_button.py::TestClearCommsButtonConstruction::test_clear_comms_button_has_icon PASSED [ 17%]
tests/ui/test_clear_comms_button.py::TestClearCommsButtonConstruction::test_clear_comms_button_logger_attached PASSED [ 17%]
tests/ui/test_clear_comms_button.py::TestClearCommsButtonSetState::test_set_state_matrix[last_generation-False-False-False-False-Generate audio first to use Clear Comms] PASSED [ 17%]
tests/ui/test_clear_comms_button.py::TestClearCommsButtonSetState::test_set_state_matrix[last_generation-False-True-False-False-Generate audio first to use Clear Comms] PASSED [ 17%]
tests/ui/test_clear_comms_button.py::TestClearCommsButtonSetState::test_set_state_matrix[last_generation-True-False-False-True-Clear Comms (interrupt) \u2014 replay last generation] PASSED [ 17%]
tests/ui/test_clear_comms_button.py::TestClearCommsButtonSetState::test_set_state_matrix[last_generation-True-False-True-True-Clear Comms (queue) \u2014 replay last generation after current] PASSED [ 17%]
tests/ui/test_clear_comms_button.py::TestClearCommsButtonSetState::test_set_state_matrix[last_generation-True-True-False-True-Clear Comms (interrupt) \u2014 replay last generation] PASSED [ 17%]
tests/ui/test_clear_comms_button.py::TestClearCommsButtonSetState::test_set_state_matrix[last_generation-True-True-True-True-Clear Comms (queue) \u2014 replay last generation after current] PASSED [ 17%]
tests/ui/test_clear_comms_button.py::TestClearCommsButtonSetState::test_set_state_matrix[file-False-False-False-False-Pick a Clear Comms file in Settings] PASSED [ 17%]
tests/ui/test_clear_comms_button.py::TestClearCommsButtonSetState::test_set_state_matrix[file-True-False-False-False-Pick a Clear Comms file in Settings] PASSED [ 17%]
tests/ui/test_clear_comms_button.py::TestClearCommsButtonSetState::test_set_state_matrix[file-False-True-False-True-Clear Comms (interrupt) \u2014 play configured file] PASSED [ 17%]
tests/ui/test_clear_comms_button.py::TestClearCommsButtonSetState::test_set_state_matrix[file-False-True-True-True-Clear Comms (queue) \u2014 play configured file after current] PASSED [ 17%]
tests/ui/test_clear_comms_button.py::TestClearCommsButtonSetState::test_set_state_matrix[file-True-True-False-True-Clear Comms (interrupt) \u2014 play configured file] PASSED [ 17%]
tests/ui/test_clear_comms_button.py::TestClearCommsButtonSetState::test_set_state_matrix[file-True-True-True-True-Clear Comms (queue) \u2014 play configured file after current] PASSED [ 17%]
tests/ui/test_clear_comms_button.py::TestClearCommsButtonSetState::test_unrecognized_source_kind_falls_back_to_disabled PASSED [ 17%]
tests/ui/test_clear_comms_button.py::TestClearCommsButtonSetState::test_set_state_idempotent_repeated_call PASSED [ 17%]
tests/ui/test_clear_comms_button.py::TestClearCommsButtonSetState::test_set_state_pure_helper_matches_matrix PASSED [ 17%]
tests/ui/test_clear_comms_button.py::TestClearCommsButtonModuleBoundary::test_clear_comms_button_does_not_import_forbidden[myvoice.services] PASSED [ 17%]
tests/ui/test_clear_comms_button.py::TestClearCommsButtonModuleBoundary::test_clear_comms_button_does_not_import_forbidden[myvoice.models] PASSED [ 17%]
tests/ui/test_clear_comms_button.py::TestClearCommsButtonModuleBoundary::test_clear_comms_button_does_not_import_forbidden[clear_comms_settings_panel] PASSED [ 17%]
tests/ui/test_clear_comms_button.py::TestClearCommsButtonModuleBoundary::test_clear_comms_button_does_not_import_forbidden[qwen_tts_service] PASSED [ 17%]
tests/ui/test_clear_comms_button.py::TestClearCommsButtonModuleBoundary::test_clear_comms_button_does_not_import_forbidden[audio_coordinator] PASSED [ 17%]
tests/ui/test_clear_comms_button.py::TestClearCommsButtonModuleBoundary::test_clear_comms_button_does_not_import_forbidden[tts_streaming] PASSED [ 17%]
tests/ui/test_clear_comms_button.py::TestClearCommsButtonInComponentsExports::test_clear_comms_button_exported_from_components_package PASSED [ 17%]
tests/ui/test_clear_comms_button.py::TestClearCommsButtonInComponentsExports::test_clear_comms_button_in_components_all PASSED [ 17%]
tests/ui/test_clear_comms_button.py::TestClearCommsButtonMainWindowIntegration::test_main_window_has_clear_comms_button_attribute PASSED [ 17%]
tests/ui/test_clear_comms_button.py::TestClearCommsButtonMainWindowIntegration::test_clear_comms_button_in_action_buttons_layout PASSED [ 17%]
tests/ui/test_clear_comms_button.py::TestClearCommsButtonMainWindowIntegration::test_clear_comms_button_layout_order PASSED [ 17%]
tests/ui/test_clear_comms_button.py::TestClearCommsButtonMainWindowIntegration::test_main_window_declares_clear_comms_requested_signal PASSED [ 18%]
tests/ui/test_clear_comms_button.py::TestClearCommsButtonMainWindowIntegration::test_clear_comms_requested_is_bound_signal_on_instance PASSED [ 18%]
tests/ui/test_clear_comms_button.py::TestClearCommsButtonMainWindowIntegration::test_click_emits_clear_comms_requested PASSED [ 18%]
tests/ui/test_clear_comms_button.py::TestClearCommsButtonMainWindowIntegration::test_click_when_disabled_does_not_emit PASSED [ 18%]
tests/ui/test_clear_comms_button.py::TestClearCommsButtonMainWindowIntegration::test_set_clear_comms_config_snapshot_drives_button_state PASSED [ 18%]
tests/ui/test_clear_comms_button.py::TestClearCommsButtonMainWindowIntegration::test_saveable_session_changed_propagates_to_clear_comms_button PASSED [ 18%]
tests/ui/test_clear_comms_button.py::TestClearCommsButtonMainWindowIntegration::test_legacy_no_registry_button_disabled PASSED [ 18%]
tests/ui/test_clear_comms_button.py::TestClearCommsButtonAccessibility::test_clear_comms_accessible_name_set PASSED [ 18%]
tests/ui/test_clear_comms_button.py::TestClearCommsButtonAccessibility::test_clear_comms_accessible_description_set PASSED [ 18%]
tests/ui/test_clear_comms_button.py::TestClearCommsButtonAccessibility::test_clear_comms_focus_policy_strong PASSED [ 18%]
tests/ui/test_clear_comms_button.py::TestClearCommsButtonAccessibility::test_clear_comms_in_tab_order_save_to_clear_comms_to_clear PASSED [ 18%]
tests/ui/test_close_to_tray_toggle.py::TestTitleBarMinimizeHonoursSetting::test_minimizes_to_tray_when_setting_enabled PASSED [ 18%]
tests/ui/test_close_to_tray_toggle.py::TestTitleBarMinimizeHonoursSetting::test_minimizes_to_taskbar_when_setting_disabled PASSED [ 18%]
tests/ui/test_close_to_tray_toggle.py::TestTitleBarMinimizeHonoursSetting::test_falls_back_to_taskbar_when_settings_missing PASSED [ 18%]
tests/ui/test_close_to_tray_toggle.py::TestTitleBarMinimizeHonoursSetting::test_falls_back_to_taskbar_when_parent_has_no_tray_helper PASSED [ 18%]
tests/ui/test_close_to_tray_toggle.py::TestTitleBarMinimizeHonoursSetting::test_no_parent_window_is_a_no_op PASSED [ 18%]
tests/ui/test_close_to_tray_toggle.py::TestTitleBarMinimizeHonoursSetting::test_helper_reports_both_branches PASSED [ 18%]
tests/ui/test_close_to_tray_toggle.py::TestInterfaceTabCloseBehaviorControl::test_default_setting_value_is_unchanged PASSED [ 18%]
tests/ui/test_close_to_tray_toggle.py::TestCloseEventHonoursToggle::test_close_hides_to_tray_when_toggle_enabled PASSED [ 18%]
tests/ui/test_close_to_tray_toggle.py::TestCloseEventHonoursToggle::test_close_hides_to_tray_with_a_real_tray_icon PASSED [ 18%]
tests/ui/test_close_to_tray_toggle.py::TestCloseEventHonoursToggle::test_close_quits_when_toggle_disabled PASSED [ 18%]
tests/ui/test_close_to_tray_toggle.py::TestCloseEventHonoursToggle::test_confirm_dialog_can_still_cancel_the_close PASSED [ 18%]
tests/ui/test_close_to_tray_toggle.py::TestMeasurementModeUnaffected::test_env_var_forces_quit_regardless_of_toggle[True] PASSED [ 18%]
tests/ui/test_close_to_tray_toggle.py::TestMeasurementModeUnaffected::test_env_var_forces_quit_regardless_of_toggle[False] PASSED [ 18%]
tests/ui/test_close_to_tray_toggle.py::TestMeasurementModeUnaffected::test_without_env_var_the_toggle_still_governs PASSED [ 18%]
tests/ui/test_close_to_tray_toggle.py::TestLiveSettingsUpdate::test_window_and_title_bar_follow_a_live_settings_update PASSED [ 18%]
tests/ui/test_compact_always_on_top_window.py::TestWindowDimensions::test_window_default_size PASSED [ 18%]
tests/ui/test_compact_always_on_top_window.py::TestWindowDimensions::test_window_minimum_size PASSED [ 18%]
tests/ui/test_compact_always_on_top_window.py::TestWindowDimensions::test_window_maximum_size PASSED [ 18%]
tests/ui/test_compact_always_on_top_window.py::TestFramelessWindow::test_window_is_frameless PASSED [ 18%]
tests/ui/test_compact_always_on_top_window.py::TestFramelessWindow::test_window_has_custom_title_bar PASSED [ 19%]
tests/ui/test_compact_always_on_top_window.py::TestCustomTitleBar::test_title_bar_height PASSED [ 19%]
tests/ui/test_compact_always_on_top_window.py::TestCustomTitleBar::test_title_bar_has_title PASSED [ 19%]
tests/ui/test_compact_always_on_top_window.py::TestCustomTitleBar::test_title_bar_has_minimize_button PASSED [ 19%]
tests/ui/test_compact_always_on_top_window.py::TestCustomTitleBar::test_title_bar_has_maximize_button PASSED [ 19%]
tests/ui/test_compact_always_on_top_window.py::TestCustomTitleBar::test_title_bar_has_close_button PASSED [ 19%]
tests/ui/test_compact_always_on_top_window.py::TestCustomTitleBar::test_title_bar_button_sizes PASSED [ 19%]
tests/ui/test_compact_always_on_top_window.py::TestTitleBarDragging::test_title_bar_tracks_drag_state PASSED [ 19%]
tests/ui/test_compact_always_on_top_window.py::TestTitleBarDragging::test_title_bar_mouse_event_methods PASSED [ 19%]
tests/ui/test_compact_always_on_top_window.py::TestAlwaysOnTopDefault::test_always_on_top_default_value_is_true PASSED [ 19%]
tests/ui/test_compact_always_on_top_window.py::TestAlwaysOnTopDefault::test_window_always_on_top_flag_with_settings PASSED [ 19%]
tests/ui/test_compact_always_on_top_window.py::TestAlwaysOnTopToggle::test_set_always_on_top_true PASSED [ 19%]
tests/ui/test_compact_always_on_top_window.py::TestAlwaysOnTopToggle::test_set_always_on_top_false PASSED [ 19%]
tests/ui/test_compact_always_on_top_window.py::TestAlwaysOnTopToggle::test_toggle_always_on_top_preserves_frameless PASSED [ 19%]
tests/ui/test_compact_always_on_top_window.py::TestSettingsInterfaceTab::test_interface_tab_has_always_on_top_checkbox PASSED [ 19%]
tests/ui/test_compact_always_on_top_window.py::TestSettingsInterfaceTab::test_always_on_top_checkbox_label PASSED [ 19%]
tests/ui/test_compact_always_on_top_window.py::TestSettingsInterfaceTab::test_always_on_top_checkbox_loads_current_value PASSED [ 19%]
tests/ui/test_compact_always_on_top_window.py::TestSettingsInterfaceTab::test_always_on_top_checkbox_loads_false_value PASSED [ 19%]
tests/ui/test_compact_always_on_top_window.py::TestSettingsInterfaceTab::test_interface_tab_in_appearance_group PASSED [ 19%]
tests/ui/test_compact_always_on_top_window.py::TestSettingsPersistence::test_app_settings_has_always_on_top_field PASSED [ 19%]
tests/ui/test_compact_always_on_top_window.py::TestSettingsPersistence::test_app_settings_to_dict_includes_always_on_top PASSED [ 19%]
tests/ui/test_compact_always_on_top_window.py::TestSettingsPersistence::test_app_settings_from_dict_loads_always_on_top PASSED [ 19%]
tests/ui/test_compact_always_on_top_window.py::TestSettingsPersistence::test_settings_dialog_saves_always_on_top_to_settings PASSED [ 19%]
tests/ui/test_compact_always_on_top_window.py::TestWindowTitle::test_window_title_is_myvoice PASSED [ 19%]
tests/ui/test_compact_always_on_top_window.py::TestTitleBarMaximizeRestore::test_maximize_button_toggles_state PASSED [ 19%]
tests/ui/test_compact_always_on_top_window.py::TestSettingsChangedSignal::test_main_window_has_settings_changed_handler PASSED [ 19%]
tests/ui/test_compact_always_on_top_window.py::TestSettingsChangedSignal::test_settings_changed_applies_always_on_top PASSED [ 19%]
tests/ui/test_compact_always_on_top_window.py::TestWindowIcon::test_title_bar_has_icon PASSED [ 19%]
tests/ui/test_custom_emotion.py::TestAppSettingsCustomEmotion::test_custom_emotion_text_default_none PASSED [ 19%]
tests/ui/test_custom_emotion.py::TestAppSettingsCustomEmotion::test_custom_emotion_presets_has_defaults PASSED [ 20%]
tests/ui/test_custom_emotion.py::TestAppSettingsCustomEmotion::test_custom_emotion_text_serialization PASSED [ 20%]
tests/ui/test_custom_emotion.py::TestAppSettingsCustomEmotion::test_custom_emotion_text_deserialization PASSED [ 20%]
tests/ui/test_custom_emotion.py::TestAppSettingsCustomEmotion::test_custom_emotion_presets_serialization PASSED [ 20%]
tests/ui/test_custom_emotion.py::TestAppSettingsCustomEmotion::test_reset_to_defaults_clears_custom_emotion PASSED [ 20%]
tests/ui/test_custom_emotion.py::TestEmotionButtonGroupCustomEmotion::test_initial_custom_emotion_state PASSED [ 20%]
tests/ui/test_custom_emotion.py::TestEmotionButtonGroupCustomEmotion::test_set_custom_emotion PASSED [ 20%]
tests/ui/test_custom_emotion.py::TestEmotionButtonGroupCustomEmotion::test_get_current_instruct_with_custom_emotion PASSED [ 20%]
tests/ui/test_custom_emotion.py::TestEmotionButtonGroupCustomEmotion::test_get_current_instruct_without_custom_emotion PASSED [ 20%]
tests/ui/test_custom_emotion.py::TestEmotionButtonGroupCustomEmotion::test_selecting_preset_clears_custom_emotion PASSED [ 20%]
tests/ui/test_custom_emotion.py::TestEmotionButtonGroupCustomEmotion::test_custom_emotion_cleared_signal PASSED [ 20%]
tests/ui/test_custom_emotion.py::TestEmotionButtonGroupCustomEmotion::test_clear_custom_emotion PASSED [ 20%]
tests/ui/test_custom_emotion.py::TestEmotionButtonGroupCustomEmotion::test_custom_button_text_changes_when_active PASSED [ 20%]
tests/ui/test_custom_emotion.py::TestEmotionButtonGroupCustomEmotion::test_empty_custom_emotion_not_set PASSED [ 20%]
tests/ui/test_custom_emotion.py::TestEmotionButtonGroupCustomEmotion::test_preset_buttons_unchecked_when_custom_active PASSED [ 20%]
tests/ui/test_custom_emotion.py::TestCustomEmotionIntegration::test_custom_emotion_to_preset_to_custom_flow PASSED [ 20%]
tests/ui/test_custom_emotion.py::TestCustomEmotionIntegration::test_custom_emotion_preserved_during_disable PASSED [ 20%]
tests/ui/test_custom_emotion.py::TestCustomEmotionIntegration::test_custom_emotion_with_keyboard_shortcuts PASSED [ 20%]
tests/ui/test_emotion_button_group.py::TestEmotionPreset::test_preset_count PASSED [ 20%]
tests/ui/test_emotion_button_group.py::TestEmotionPreset::test_preset_order PASSED [ 20%]
tests/ui/test_emotion_button_group.py::TestEmotionPreset::test_preset_emojis PASSED [ 20%]
tests/ui/test_emotion_button_group.py::TestEmotionPreset::test_preset_shortcuts PASSED [ 20%]
tests/ui/test_emotion_button_group.py::TestEmotionPreset::test_preset_instruct_strings PASSED [ 20%]
tests/ui/test_emotion_button_group.py::TestEmotionPreset::test_from_id PASSED [ 20%]
tests/ui/test_emotion_button_group.py::TestEmotionPreset::test_from_index PASSED [ 20%]
tests/ui/test_emotion_button_group.py::TestEmotionButton::test_button_creation PASSED [ 20%]
tests/ui/test_emotion_button_group.py::TestEmotionButton::test_button_size PASSED [ 20%]
tests/ui/test_emotion_button_group.py::TestEmotionButton::test_button_tooltip PASSED [ 20%]
tests/ui/test_emotion_button_group.py::TestEmotionButtonGroup::test_initial_state_neutral PASSED [ 20%]
tests/ui/test_emotion_button_group.py::TestEmotionButtonGroup::test_five_buttons_present PASSED [ 20%]
tests/ui/test_emotion_button_group.py::TestEmotionButtonGroup::test_custom_button_present PASSED [ 21%]
tests/ui/test_emotion_button_group.py::TestEmotionButtonGroup::test_radio_behavior PASSED [ 21%]
tests/ui/test_emotion_button_group.py::TestEmotionButtonGroup::test_set_preset PASSED [ 21%]
tests/ui/test_emotion_button_group.py::TestEmotionButtonGroup::test_set_preset_by_id PASSED [ 21%]
tests/ui/test_emotion_button_group.py::TestEmotionButtonGroup::test_set_preset_by_index PASSED [ 21%]
tests/ui/test_emotion_button_group.py::TestEmotionButtonGroup::test_get_current_instruct PASSED [ 21%]
tests/ui/test_emotion_button_group.py::TestEmotionButtonGroup::test_emotion_changed_signal PASSED [ 21%]
tests/ui/test_emotion_button_group.py::TestEmotionButtonGroup::test_custom_emotion_requested_signal PASSED [ 21%]
tests/ui/test_emotion_button_group.py::TestEmotionButtonGroup::test_enable_disable PASSED [ 21%]
tests/ui/test_emotion_button_group.py::TestEmotionButtonGroup::test_reset_to_default PASSED [ 21%]
tests/ui/test_emotion_button_group.py::TestEmotionButtonGroup::test_no_signal_on_same_selection PASSED [ 21%]
tests/ui/test_emotion_button_group.py::TestEmotionButtonGroupAccessibility::test_buttons_have_accessible_names PASSED [ 21%]
tests/ui/test_emotion_button_group.py::TestEmotionButtonGroupAccessibility::test_buttons_have_accessible_descriptions PASSED [ 21%]
tests/ui/test_emotion_button_group_variants.py::TestUpdateAvailableEmotions::test_all_emotions_available PASSED [ 21%]
tests/ui/test_emotion_button_group_variants.py::TestUpdateAvailableEmotions::test_partial_emotions_available PASSED [ 21%]
tests/ui/test_emotion_button_group_variants.py::TestUpdateAvailableEmotions::test_only_neutral_available PASSED [ 21%]
tests/ui/test_emotion_button_group_variants.py::TestUpdateAvailableEmotions::test_unavailable_emotion_tooltip PASSED [ 21%]
tests/ui/test_emotion_button_group_variants.py::TestUpdateAvailableEmotions::test_available_emotion_tooltip_normal PASSED [ 21%]
tests/ui/test_emotion_button_group_variants.py::TestUpdateAvailableEmotions::test_auto_select_first_available PASSED [ 21%]
tests/ui/test_emotion_button_group_variants.py::TestUpdateAvailableEmotions::test_keeps_current_if_available PASSED [ 21%]
tests/ui/test_emotion_button_group_variants.py::TestUpdateAvailableEmotions::test_custom_button_enabled PASSED [ 21%]
tests/ui/test_emotion_button_group_variants.py::TestUpdateAvailableEmotions::test_empty_available_emotions PASSED [ 21%]
tests/ui/test_emotion_button_group_variants.py::TestUpdateAvailableEmotions::test_voice_name_in_tooltip_without_name PASSED [ 21%]
tests/ui/test_emotion_button_group_variants.py::TestUpdateAvailableEmotions::test_signal_emitted_on_auto_select PASSED [ 21%]
tests/ui/test_emotion_button_group_variants.py::TestEmotionVariantsIntegration::test_switch_between_voice_types PASSED [ 21%]
tests/ui/test_emotion_button_group_variants.py::TestEmotionVariantsIntegration::test_re_enable_all_emotions PASSED [ 21%]
tests/ui/test_emotion_button_group_variants.py::TestEmotionVariantsIntegration::test_selection_preserved_across_updates PASSED [ 21%]
tests/ui/test_emotion_button_group_variants.py::TestEmotionVariantsIntegration::test_get_current_instruct_after_update PASSED [ 21%]
tests/ui/test_emotion_keyboard_shortcuts.py::TestEmotionKeyboardShortcutsBasic::test_f1_selects_neutral PASSED [ 21%]
tests/ui/test_emotion_keyboard_shortcuts.py::TestEmotionKeyboardShortcutsBasic::test_f2_selects_happy PASSED [ 22%]
tests/ui/test_emotion_keyboard_shortcuts.py::TestEmotionKeyboardShortcutsBasic::test_f3_selects_sad PASSED [ 22%]
tests/ui/test_emotion_keyboard_shortcuts.py::TestEmotionKeyboardShortcutsBasic::test_f4_selects_angry PASSED [ 22%]
tests/ui/test_emotion_keyboard_shortcuts.py::TestEmotionKeyboardShortcutsBasic::test_f5_selects_flirtatious PASSED [ 22%]
tests/ui/test_emotion_keyboard_shortcuts.py::TestEmotionKeyboardShortcutsButtonState::test_f1_updates_button_checked_state PASSED [ 22%]
tests/ui/test_emotion_keyboard_shortcuts.py::TestEmotionKeyboardShortcutsButtonState::test_shortcut_updates_correct_button PASSED [ 22%]
tests/ui/test_emotion_keyboard_shortcuts.py::TestEmotionKeyboardShortcutsDisabled::test_f1_f5_no_effect_when_emotion_disabled PASSED [ 22%]
tests/ui/test_emotion_keyboard_shortcuts.py::TestEmotionKeyboardShortcutsDisabled::test_shortcuts_work_after_reenabling_emotion PASSED [ 22%]
tests/ui/test_emotion_keyboard_shortcuts.py::TestEmotionKeyboardShortcutsSignals::test_shortcut_emits_emotion_changed_signal PASSED [ 22%]
tests/ui/test_emotion_keyboard_shortcuts.py::TestEmotionKeyboardShortcutsSignals::test_no_signal_when_disabled PASSED [ 22%]
tests/ui/test_emotion_keyboard_shortcuts.py::TestEmotionKeyboardShortcutsWindowScope::test_shortcut_works_with_text_input_focus PASSED [ 22%]
tests/ui/test_emotion_keyboard_shortcuts.py::TestEmotionKeyboardShortcutsInstruct::test_shortcut_updates_instruct_string PASSED [ 22%]
tests/ui/test_emotion_keyboard_shortcuts.py::TestEmotionKeyboardShortcutsInstruct::test_all_shortcuts_set_correct_instruct PASSED [ 22%]
tests/ui/test_emotion_keyboard_shortcuts.py::TestEmotionKeyboardShortcutsOtherKeys::test_esc_still_clears_text PASSED [ 22%]
tests/ui/test_emotion_keyboard_shortcuts.py::TestEmotionKeyboardShortcutsOtherKeys::test_other_function_keys_not_consumed PASSED [ 22%]
tests/ui/test_emotion_keyboard_shortcuts.py::TestEmotionKeyboardShortcutsOtherKeys::test_regular_keys_not_affected PASSED [ 22%]
tests/ui/test_emotion_keyboard_shortcuts.py::TestEmotionKeyboardShortcutsKeyMapping::test_correct_key_to_index_mapping PASSED [ 22%]
tests/ui/test_emotion_state_management.py::TestVoiceProfileEmotionCapable::test_voice_profile_has_emotion_capable_attribute PASSED [ 22%]
tests/ui/test_emotion_state_management.py::TestVoiceProfileEmotionCapable::test_cloned_voice_emotion_capable_false_by_default PASSED [ 22%]
tests/ui/test_emotion_state_management.py::TestVoiceProfileEmotionCapable::test_voice_profile_emotion_capable_serialization PASSED [ 22%]
tests/ui/test_emotion_state_management.py::TestVoiceProfileEmotionCapable::test_voice_profile_emotion_capable_deserialization PASSED [ 22%]
tests/ui/test_emotion_state_management.py::TestVoiceProfileEmotionCapable::test_voice_profile_emotion_capable_default_on_old_data PASSED [ 22%]
tests/ui/test_emotion_state_management.py::TestUIStateEmotionFields::test_ui_state_has_current_emotion PASSED [ 22%]
tests/ui/test_emotion_state_management.py::TestUIStateEmotionFields::test_ui_state_has_emotion_enabled PASSED [ 22%]
tests/ui/test_emotion_state_management.py::TestUIStateEmotionFields::test_ui_state_emotion_serialization PASSED [ 22%]
tests/ui/test_emotion_state_management.py::TestQwenModelTypeSupportsEmotion::test_custom_voice_supports_emotion PASSED [ 22%]
tests/ui/test_emotion_state_management.py::TestQwenModelTypeSupportsEmotion::test_voice_design_supports_emotion PASSED [ 22%]
tests/ui/test_emotion_state_management.py::TestQwenModelTypeSupportsEmotion::test_base_model_no_emotion_support PASSED [ 22%]
tests/ui/test_emotion_state_management.py::TestEmotionButtonGroupEnableDisable::test_emotion_group_disabled_for_cloned_voice PASSED [ 22%]
tests/ui/test_emotion_state_management.py::TestEmotionButtonGroupEnableDisable::test_emotion_group_tooltip_when_disabled PASSED [ 23%]
tests/ui/test_emotion_state_management.py::TestEmotionButtonGroupEnableDisable::test_emotion_group_re_enabled_for_custom_voice PASSED [ 23%]
tests/ui/test_emotion_state_management.py::TestEmotionButtonGroupEnableDisable::test_emotion_selection_persists_while_disabled PASSED [ 23%]
tests/ui/test_emotion_state_management.py::TestMainWindowEmotionIntegration::test_main_window_set_emotion_enabled PASSED [ 23%]
tests/ui/test_emotion_state_management.py::TestMainWindowEmotionIntegration::test_main_window_emotion_disabled_affects_buttons PASSED [ 23%]
tests/ui/test_emotion_state_management.py::TestEmotionStateManagementIntegration::test_cloned_voice_disables_emotion_flow PASSED [ 23%]
tests/ui/test_emotion_state_management.py::TestEmotionStateManagementIntegration::test_emotion_preset_values_complete PASSED [ 23%]
tests/ui/test_error_handling.py::TestErrorCode::test_error_codes_are_strings PASSED [ 23%]
tests/ui/test_error_handling.py::TestErrorCode::test_tts_error_codes_exist PASSED [ 23%]
tests/ui/test_error_handling.py::TestErrorCode::test_audio_error_codes_exist PASSED [ 23%]
tests/ui/test_error_handling.py::TestErrorCode::test_voice_error_codes_exist PASSED [ 23%]
tests/ui/test_error_handling.py::TestErrorMessageTemplates::test_templates_have_what_and_action PASSED [ 23%]
tests/ui/test_error_handling.py::TestErrorMessageTemplates::test_templates_have_severity PASSED [ 23%]
tests/ui/test_error_handling.py::TestErrorMessageFormatter::test_format_error_returns_string PASSED [ 23%]
tests/ui/test_error_handling.py::TestErrorMessageFormatter::test_format_error_has_what_and_action_pattern PASSED [ 23%]
tests/ui/test_error_handling.py::TestErrorMessageFormatter::test_format_error_substitutes_variables PASSED [ 23%]
tests/ui/test_error_handling.py::TestErrorMessageFormatter::test_format_error_handles_unknown_code PASSED [ 23%]
tests/ui/test_error_handling.py::TestErrorMessageFormatter::test_get_severity_returns_severity PASSED [ 23%]
tests/ui/test_error_handling.py::TestErrorMessageFormatter::test_create_error_returns_myvoice_error PASSED [ 23%]
tests/ui/test_error_handling.py::TestErrorMessageFormatter::test_create_error_includes_technical_details PASSED [ 23%]
tests/ui/test_error_handling.py::TestGlobalExceptionHandler::test_install_sets_excepthook PASSED [ 23%]
tests/ui/test_error_handling.py::TestGlobalExceptionHandler::test_uninstall_restores_original PASSED [ 23%]
tests/ui/test_error_handling.py::TestGlobalExceptionHandler::test_set_error_callback PASSED [ 23%]
tests/ui/test_error_handling.py::TestGlobalExceptionHandler::test_set_critical_callback PASSED [ 23%]
tests/ui/test_error_handling.py::TestGlobalExceptionHandler::test_handles_keyboard_interrupt_passthrough PASSED [ 23%]
tests/ui/test_error_handling.py::TestCriticalErrorDialog::test_dialog_creates_successfully PASSED [ 23%]
tests/ui/test_error_handling.py::TestCriticalErrorDialog::test_dialog_is_modal PASSED [ 23%]
tests/ui/test_error_handling.py::TestCriticalErrorDialog::test_dialog_has_title PASSED [ 23%]
tests/ui/test_error_handling.py::TestCriticalErrorDialog::test_dialog_with_details_has_copy_button PASSED [ 23%]
tests/ui/test_error_handling.py::TestCriticalErrorDialog::test_dialog_without_details_no_copy_button PASSED [ 23%]
tests/ui/test_error_handling.py::TestCriticalErrorDialog::test_dialog_allow_continue_has_continue_button PASSED [ 24%]
tests/ui/test_error_handling.py::TestCriticalErrorDialog::test_dialog_disallow_continue_no_continue_button PASSED [ 24%]
tests/ui/test_error_handling.py::TestCriticalErrorDialog::test_dialog_has_exit_button PASSED [ 24%]
tests/ui/test_error_handling.py::TestErrorNotificationWidget::test_notification_creates_successfully PASSED [ 24%]
tests/ui/test_error_handling.py::TestErrorNotificationWidget::test_notification_has_dismiss_button PASSED [ 24%]
tests/ui/test_error_handling.py::TestConvenienceFunctions::test_get_error_formatter_returns_singleton PASSED [ 24%]
tests/ui/test_error_handling.py::TestConvenienceFunctions::test_get_exception_handler_returns_singleton PASSED [ 24%]
tests/ui/test_error_handling.py::TestConvenienceFunctions::test_format_error_function PASSED [ 24%]
tests/ui/test_error_handling.py::TestConvenienceFunctions::test_create_error_function PASSED [ 24%]
tests/ui/test_generate_gate_during_priming.py::test_priming_disables_generate_and_releasing_re_enables_it PASSED [ 24%]
tests/ui/test_generate_gate_during_priming.py::test_set_engine_priming_is_idempotent PASSED [ 24%]
tests/ui/test_generate_gate_during_priming.py::test_priming_does_not_disturb_the_generation_visuals PASSED [ 24%]
tests/ui/test_generate_gate_during_priming.py::test_generation_ending_during_priming_leaves_generate_disabled PASSED [ 24%]
tests/ui/test_generate_gate_during_priming.py::test_priming_ending_during_a_generation_leaves_generate_disabled PASSED [ 24%]
tests/ui/test_generate_gate_during_priming.py::test_the_normal_generation_path_is_unchanged PASSED [ 24%]
tests/ui/test_generate_gate_during_priming.py::test_no_producer_assigns_the_button_state_directly PASSED [ 24%]
tests/ui/test_generate_gate_during_priming.py::test_app_wires_the_service_declaration_to_the_window PASSED [ 24%]
tests/ui/test_generate_gate_during_priming.py::test_the_orchestrator_handler_survives_no_window_and_a_raising_window PASSED [ 24%]
tests/ui/test_generate_gate_during_priming.py::test_end_to_end_service_declaration_reaches_the_button PASSED [ 24%]
tests/ui/test_generate_gate_during_priming.py::test_the_task_boundary_release_is_a_second_guarantee PASSED [ 24%]
tests/ui/test_generate_gate_during_priming.py::test_the_task_boundary_release_survives_cancellation PASSED [ 24%]
tests/ui/test_model_loading_indicator.py::TestModelLoadingIndicatorInit::test_indicator_creation PASSED [ 24%]
tests/ui/test_model_loading_indicator.py::TestModelLoadingIndicatorInit::test_initially_hidden PASSED [ 24%]
tests/ui/test_model_loading_indicator.py::TestModelLoadingIndicatorInit::test_has_message_label PASSED [ 24%]
tests/ui/test_model_loading_indicator.py::TestModelLoadingIndicatorInit::test_has_progress_bar PASSED [ 24%]
tests/ui/test_model_loading_indicator.py::TestModelLoadingIndicatorInit::test_has_icon_label PASSED [ 24%]
tests/ui/test_model_loading_indicator.py::TestModelLoadingIndicatorLoadingState::test_on_loading_started_shows_indicator PASSED [ 24%]
tests/ui/test_model_loading_indicator.py::TestModelLoadingIndicatorLoadingState::test_on_loading_started_sets_message PASSED [ 24%]
tests/ui/test_model_loading_indicator.py::TestModelLoadingIndicatorLoadingState::test_on_loading_progress_updates PASSED [ 24%]
tests/ui/test_model_loading_indicator.py::TestModelLoadingIndicatorComplete::test_on_loading_complete_success PASSED [ 25%]
tests/ui/test_model_loading_indicator.py::TestModelLoadingIndicatorComplete::test_on_loading_complete_failure PASSED [ 25%]
tests/ui/test_model_loading_indicator.py::TestModelLoadingIndicatorManualControl::test_show_loading PASSED [ 25%]
tests/ui/test_model_loading_indicator.py::TestModelLoadingIndicatorManualControl::test_show_ready PASSED [ 25%]
tests/ui/test_model_loading_indicator.py::TestModelLoadingIndicatorManualControl::test_show_error PASSED [ 25%]
tests/ui/test_model_loading_indicator.py::TestModelLoadingIndicatorManualControl::test_hide_indicator PASSED [ 25%]
tests/ui/test_model_loading_indicator.py::TestModelLoadingOverlayInit::test_overlay_creation PASSED [ 25%]
tests/ui/test_model_loading_indicator.py::TestModelLoadingOverlayInit::test_initially_hidden PASSED [ 25%]
tests/ui/test_model_loading_indicator.py::TestModelLoadingOverlayInit::test_has_message_label PASSED [ 25%]
tests/ui/test_model_loading_indicator.py::TestModelLoadingOverlayInit::test_has_progress_bar PASSED [ 25%]
tests/ui/test_model_loading_indicator.py::TestModelLoadingOverlayControl::test_on_loading_started_shows PASSED [ 25%]
tests/ui/test_model_loading_indicator.py::TestModelLoadingOverlayControl::test_on_loading_complete_hides PASSED [ 25%]
tests/ui/test_model_loading_indicator.py::TestModelLoadingOverlayControl::test_show_loading PASSED [ 25%]
tests/ui/test_model_loading_indicator.py::TestModelLoadingOverlayControl::test_hide_overlay PASSED [ 25%]
tests/ui/test_model_switching_indicator.py::TestModelCallbackConnectionCode::test_callback_connection_code_exists PASSED [ 25%]
tests/ui/test_model_switching_indicator.py::TestModelCallbackConnectionCode::test_on_model_loading_handler_exists PASSED [ 25%]
tests/ui/test_model_switching_indicator.py::TestModelCallbackConnectionCode::test_on_model_ready_handler_exists PASSED [ 25%]
tests/ui/test_model_switching_indicator.py::TestModelLoadingHandlerBehavior::test_loading_updates_status_bar PASSED [ 25%]
tests/ui/test_model_switching_indicator.py::TestModelLoadingHandlerBehavior::test_loading_shows_emoji_indicator PASSED [ 25%]
tests/ui/test_model_switching_indicator.py::TestModelLoadingHandlerBehavior::test_loading_sets_tts_indicator_loading PASSED [ 25%]
tests/ui/test_model_switching_indicator.py::TestModelReadyHandlerBehavior::test_ready_updates_status_bar PASSED [ 25%]
tests/ui/test_model_switching_indicator.py::TestModelReadyHandlerBehavior::test_ready_shows_checkmark PASSED [ 25%]
tests/ui/test_model_switching_indicator.py::TestModelReadyHandlerBehavior::test_ready_clears_loading_state PASSED [ 25%]
tests/ui/test_model_switching_indicator.py::TestModelReadyHandlerBehavior::test_ready_updates_tooltip_with_model_name PASSED [ 25%]
tests/ui/test_model_switching_indicator.py::TestCallbackConnectionInSetTtsService::test_callbacks_connected_when_service_provided PASSED [ 25%]
tests/ui/test_model_switching_indicator.py::TestCallbackConnectionInSetTtsService::test_callbacks_reference_handler_methods PASSED [ 25%]
tests/ui/test_model_switching_indicator.py::TestLoggingInHandlers::test_loading_handler_logs PASSED [ 25%]
tests/ui/test_model_switching_indicator.py::TestLoggingInHandlers::test_ready_handler_logs PASSED [ 25%]
tests/ui/test_model_switching_indicator.py::TestStatusBarMessageTimeout::test_ready_message_has_timeout PASSED [ 25%]
tests/ui/test_playback_last.py::TestReplayButtonPresence::test_replay_button_exists PASSED [ 25%]
tests/ui/test_playback_last.py::TestReplayButtonPresence::test_replay_button_initial_state_disabled PASSED [ 26%]
tests/ui/test_playback_last.py::TestReplayButtonPresence::test_replay_button_has_correct_tooltip_disabled PASSED [ 26%]
tests/ui/test_playback_last.py::TestReplayButtonPresence::test_replay_button_object_name PASSED [ 26%]
tests/ui/test_playback_last.py::TestReplayButtonPresence::test_replay_button_size PASSED [ 26%]
tests/ui/test_playback_last.py::TestReplayButtonEnableDisable::test_set_replay_enabled_true PASSED [ 26%]
tests/ui/test_playback_last.py::TestReplayButtonEnableDisable::test_set_replay_enabled_false PASSED [ 26%]
tests/ui/test_playback_last.py::TestReplaySignal::test_replay_signal_exists PASSED [ 26%]
tests/ui/test_playback_last.py::TestReplaySignal::test_replay_button_click_emits_signal PASSED [ 26%]
tests/ui/test_playback_last.py::TestReplaySignal::test_replay_button_click_disabled_no_signal PASSED [ 26%]
tests/ui/test_playback_last.py::TestReplayKeyboardShortcut::test_ctrl_r_triggers_replay_when_enabled PASSED [ 26%]
tests/ui/test_playback_last.py::TestReplayKeyboardShortcut::test_ctrl_r_no_effect_when_disabled PASSED [ 26%]
tests/ui/test_playback_last.py::TestReplayKeyboardShortcut::test_plain_r_key_not_consumed PASSED [ 26%]
tests/ui/test_playback_last.py::TestReplayButtonLayout::test_replay_button_position_after_generate PASSED [ 26%]
tests/ui/test_playback_last.py::TestSessionOnlyCache::test_fresh_start_replay_disabled PASSED [ 26%]
tests/ui/test_playback_last.py::TestSessionOnlyCache::test_replay_enabled_after_generation PASSED [ 26%]
tests/ui/test_quick_speak_dialog.py::TestQuickSpeakDialogInit::test_dialog_creation PASSED [ 26%]
tests/ui/test_quick_speak_dialog.py::TestQuickSpeakDialogInit::test_dialog_title PASSED [ 26%]
tests/ui/test_quick_speak_dialog.py::TestQuickSpeakDialogInit::test_dialog_is_modal PASSED [ 26%]
tests/ui/test_quick_speak_dialog.py::TestQuickSpeakDialogInit::test_has_search_edit PASSED [ 26%]
tests/ui/test_quick_speak_dialog.py::TestQuickSpeakDialogInit::test_has_entries_list PASSED [ 26%]
tests/ui/test_quick_speak_dialog.py::TestQuickSpeakDialogInit::test_has_select_button PASSED [ 26%]
tests/ui/test_quick_speak_dialog.py::TestQuickSpeakDialogInit::test_has_cancel_button PASSED [ 26%]
tests/ui/test_quick_speak_dialog.py::TestQuickSpeakDialogInit::test_has_configure_button PASSED [ 26%]
tests/ui/test_quick_speak_dialog.py::TestQuickSpeakDialogSignals::test_entry_selected_signal_exists PASSED [ 26%]
tests/ui/test_quick_speak_dialog.py::TestQuickSpeakDialogSignals::test_open_settings_requested_signal_exists PASSED [ 26%]
tests/ui/test_quick_speak_dialog.py::TestQuickSpeakDialogEmptyState::test_empty_state_shows_configure_button PASSED [ 26%]
tests/ui/test_quick_speak_dialog.py::TestQuickSpeakDialogEmptyState::test_empty_state_hides_search PASSED [ 26%]
tests/ui/test_quick_speak_dialog.py::TestQuickSpeakDialogEmptyState::test_empty_state_shows_message PASSED [ 26%]
tests/ui/test_quick_speak_dialog.py::TestQuickSpeakDialogEmptyState::test_empty_state_shows_hint PASSED [ 26%]
tests/ui/test_quick_speak_dialog.py::TestQuickSpeakDialogEmptyState::test_empty_state_items_not_selectable PASSED [ 27%]
tests/ui/test_quick_speak_dialog.py::TestQuickSpeakDialogEmptyState::test_configure_button_emits_signal PASSED [ 27%]
tests/ui/test_quick_speak_dialog.py::TestQuickSpeakDialogWithEntries::test_entries_displayed PASSED [ 27%]
tests/ui/test_quick_speak_dialog.py::TestQuickSpeakDialogWithEntries::test_configure_button_hidden_with_entries PASSED [ 27%]
tests/ui/test_quick_speak_dialog.py::TestQuickSpeakDialogWithEntries::test_search_visible_with_entries PASSED [ 27%]
tests/ui/test_quick_speak_dialog.py::TestQuickSpeakDialogWithEntries::test_select_button_disabled_initially PASSED [ 27%]
tests/ui/test_quick_speak_dialog.py::TestQuickSpeakDialogWithEntries::test_select_button_enabled_on_selection PASSED [ 27%]
tests/ui/test_quick_speak_dialog.py::TestQuickSpeakDialogSelection::test_entry_selected_signal_on_select_click PASSED [ 27%]
tests/ui/test_quick_speak_dialog.py::TestQuickSpeakDialogSelection::test_entry_selected_signal_on_double_click PASSED [ 27%]
tests/ui/test_quick_speak_dialog.py::TestQuickSpeakDialogSearch::test_search_filters_entries PASSED [ 27%]
tests/ui/test_quick_speak_dialog.py::TestQuickSpeakDialogSearch::test_search_by_label PASSED [ 27%]
tests/ui/test_quick_speak_dialog.py::TestQuickSpeakDialogSearch::test_clear_search_shows_all PASSED [ 27%]
tests/ui/test_quick_speak_dialog.py::TestQuickSpeakDialogSearch::test_no_results_message PASSED [ 27%]
tests/ui/test_quick_speak_dialog.py::TestQuickSpeakDialogRefresh::test_refresh_entries_reloads PASSED [ 27%]
tests/ui/test_quick_speak_dialog.py::TestQuickSpeakDialogEntryDisplay::test_entry_tooltip_shows_full_text PASSED [ 27%]
tests/ui/test_quick_speak_dialog.py::TestQuickSpeakDialogEntryDisplay::test_entry_stores_data PASSED [ 27%]
tests/ui/test_quick_speak_menu.py::TestQuickSpeakMenuInit::test_menu_creation PASSED [ 27%]
tests/ui/test_quick_speak_menu.py::TestQuickSpeakMenuInit::test_menu_title PASSED [ 27%]
tests/ui/test_quick_speak_menu.py::TestQuickSpeakMenuSignals::test_phrase_selected_signal_exists PASSED [ 27%]
tests/ui/test_quick_speak_menu.py::TestQuickSpeakMenuSignals::test_open_settings_requested_signal_exists PASSED [ 27%]
tests/ui/test_quick_speak_menu.py::TestQuickSpeakMenuEmptyState::test_empty_menu_has_configure_option PASSED [ 27%]
tests/ui/test_quick_speak_menu.py::TestQuickSpeakMenuEmptyState::test_empty_state_message_disabled PASSED [ 27%]
tests/ui/test_quick_speak_menu.py::TestQuickSpeakMenuWithEntries::test_entries_displayed PASSED [ 27%]
tests/ui/test_quick_speak_menu.py::TestQuickSpeakMenuWithEntries::test_configure_option_present PASSED [ 27%]
tests/ui/test_quick_speak_menu.py::TestQuickSpeakMenuWithEntries::test_entry_count PASSED [ 27%]
tests/ui/test_quick_speak_menu.py::TestQuickSpeakMenuTruncation::test_long_text_truncated PASSED [ 27%]
tests/ui/test_quick_speak_menu.py::TestQuickSpeakMenuTruncation::test_short_text_not_truncated PASSED [ 27%]
tests/ui/test_quick_speak_menu.py::TestQuickSpeakMenuTruncation::test_tooltip_contains_full_text PASSED [ 27%]
tests/ui/test_quick_speak_menu.py::TestQuickSpeakMenuSelection::test_phrase_selected_signal_emitted PASSED [ 27%]
tests/ui/test_quick_speak_menu.py::TestQuickSpeakMenuSelection::test_configure_emits_settings_signal PASSED [ 27%]
tests/ui/test_quick_speak_menu.py::TestQuickSpeakMenuRefresh::test_refresh_clears_and_repopulates PASSED [ 28%]
tests/ui/test_quick_speak_menu.py::TestQuickSpeakMenuRefresh::test_refresh_reloads_from_service PASSED [ 28%]
tests/ui/test_quick_speak_menu.py::TestQuickSpeakMenuTruncateMethod::test_truncate_short_text PASSED [ 28%]
tests/ui/test_quick_speak_menu.py::TestQuickSpeakMenuTruncateMethod::test_truncate_exact_length PASSED [ 28%]
tests/ui/test_quick_speak_menu.py::TestQuickSpeakMenuTruncateMethod::test_truncate_long_text PASSED [ 28%]
tests/ui/test_quick_speak_menu.py::TestQuickSpeakMenuErrorHandling::test_service_exception_shows_error_state PASSED [ 28%]
tests/ui/test_save_button.py::TestSaveButtonConstruction::test_save_button_is_qpushbutton_subclass PASSED [ 28%]
tests/ui/test_save_button.py::TestSaveButtonConstruction::test_save_button_default_disabled PASSED [ 28%]
tests/ui/test_save_button.py::TestSaveButtonConstruction::test_save_button_default_tooltip PASSED [ 28%]
tests/ui/test_save_button.py::TestSaveButtonConstruction::test_save_button_default_object_name PASSED [ 28%]
tests/ui/test_save_button.py::TestSaveButtonConstruction::test_save_button_fixed_size_24x24 PASSED [ 28%]
tests/ui/test_save_button.py::TestSaveButtonConstruction::test_save_button_has_icon PASSED [ 28%]
tests/ui/test_save_button.py::TestSaveButtonConstruction::test_save_button_construction_no_qapplication_exec PASSED [ 28%]
tests/ui/test_save_button.py::TestSaveButtonConstruction::test_save_button_logger_attached PASSED [ 28%]
tests/ui/test_save_button.py::TestSaveButtonSetSaveable::test_set_saveable_none_disables_button PASSED [ 28%]
tests/ui/test_save_button.py::TestSaveButtonSetSaveable::test_set_saveable_finalized_audio_enables_button PASSED [ 28%]
tests/ui/test_save_button.py::TestSaveButtonSetSaveable::test_set_saveable_streaming_audio_enables_with_suffix PASSED [ 28%]
tests/ui/test_save_button.py::TestSaveButtonSetSaveable::test_set_saveable_streaming_to_finalized_drops_suffix PASSED [ 28%]
tests/ui/test_save_button.py::TestSaveButtonSetSaveable::test_set_saveable_finalized_to_none_reverts_tooltip PASSED [ 28%]
tests/ui/test_save_button.py::TestSaveButtonSetSaveable::test_set_saveable_idempotent_repeated_none PASSED [ 28%]
tests/ui/test_save_button.py::TestSaveButtonSetSaveable::test_set_saveable_idempotent_repeated_same_audio PASSED [ 28%]
tests/ui/test_save_button.py::TestSaveButtonSetSaveable::test_set_saveable_finalized_to_streaming_adds_suffix PASSED [ 28%]
tests/ui/test_save_button.py::TestSaveButtonModuleBoundary::test_save_button_does_not_import_forbidden[qwen_tts_service] PASSED [ 28%]
tests/ui/test_save_button.py::TestSaveButtonModuleBoundary::test_save_button_does_not_import_forbidden[audio_coordinator] PASSED [ 28%]
tests/ui/test_save_button.py::TestSaveButtonModuleBoundary::test_save_button_does_not_import_forbidden[tts_streaming] PASSED [ 28%]
tests/ui/test_save_button.py::TestSaveButtonImportPath::test_save_button_imports_saveable_audio_from_package PASSED [ 28%]
tests/ui/test_save_button.py::TestSaveButtonInComponentsExports::test_save_button_exported_from_components_package PASSED [ 28%]
tests/ui/test_save_button.py::TestSaveButtonInComponentsExports::test_save_button_in_components_all PASSED [ 28%]
tests/ui/test_save_button.py::TestSaveButtonMainWindowIntegration::test_main_window_has_save_button_attribute PASSED [ 28%]
tests/ui/test_save_button.py::TestSaveButtonMainWindowIntegration::test_save_button_in_action_buttons_layout PASSED [ 29%]
tests/ui/test_save_button.py::TestSaveButtonMainWindowIntegration::test_save_button_layout_order PASSED [ 29%]
tests/ui/test_save_button.py::TestSaveButtonMainWindowIntegration::test_main_window_declares_save_requested_signal PASSED [ 29%]
tests/ui/test_save_button.py::TestSaveButtonMainWindowIntegration::test_save_requested_is_bound_signal_on_instance PASSED [ 29%]
tests/ui/test_save_button.py::TestSaveButtonMainWindowIntegration::test_seed_disabled_when_no_saveable_at_construction PASSED [ 29%]
tests/ui/test_save_button.py::TestSaveButtonMainWindowIntegration::test_seed_enabled_when_saveable_present_at_construction PASSED [ 29%]
tests/ui/test_save_button.py::TestSaveButtonMainWindowIntegration::test_button_enables_on_finalize_signal PASSED [ 29%]
tests/ui/test_save_button.py::TestSaveButtonMainWindowIntegration::test_two_finalizes_keep_button_enabled PASSED [ 29%]
tests/ui/test_save_button.py::TestSaveButtonMainWindowIntegration::test_button_disables_on_cancel_to_none PASSED [ 29%]
tests/ui/test_save_button.py::TestSaveButtonMainWindowIntegration::test_cancel_of_current_with_previous_keeps_button_enabled PASSED [ 29%]
tests/ui/test_save_button.py::TestSaveButtonMainWindowIntegration::test_button_streaming_tooltip_during_streaming_saveable PASSED [ 29%]
tests/ui/test_save_button.py::TestSaveButtonMainWindowIntegration::test_click_emits_save_requested PASSED [ 29%]
tests/ui/test_save_button.py::TestSaveButtonMainWindowIntegration::test_click_when_disabled_does_not_emit PASSED [ 29%]
tests/ui/test_save_button.py::TestSaveButtonMainWindowIntegration::test_legacy_path_no_session_registry_button_disabled PASSED [ 29%]
tests/ui/test_save_button.py::TestSaveButtonMainWindowIntegration::test_slot_is_no_op_when_registry_is_none PASSED [ 29%]
tests/ui/test_save_button.py::TestSaveButtonAccessibility::test_save_button_accessible_name_set PASSED [ 29%]
tests/ui/test_save_button.py::TestSaveButtonAccessibility::test_save_button_accessible_description_set PASSED [ 29%]
tests/ui/test_save_button.py::TestSaveButtonAccessibility::test_save_button_focus_policy_strong PASSED [ 29%]
tests/ui/test_save_button.py::TestSaveButtonAccessibility::test_save_button_in_tab_order_after_replay_before_clear PASSED [ 29%]
tests/ui/test_save_button.py::TestSaveButtonNetZero::test_documented_sweep_is_recorded_in_dev_agent_record PASSED [ 29%]
tests/ui/test_save_dialog.py::TestSaveAudioDialogConstruction::test_dialog_is_qobject_subclass PASSED [ 29%]
tests/ui/test_save_dialog.py::TestSaveAudioDialogConstruction::test_dialog_is_re_exported_from_package PASSED [ 29%]
tests/ui/test_save_dialog.py::TestSaveAudioDialogConstruction::test_dialog_construction_no_io PASSED [ 29%]
tests/ui/test_save_dialog.py::TestSaveAudioDialogConstruction::test_dialog_construction_no_signal_connections PASSED [ 29%]
tests/ui/test_save_dialog.py::TestSaveAudioDialogConstruction::test_dialog_logger_attached PASSED [ 29%]
tests/ui/test_save_dialog.py::TestSaveAudioDialogConstruction::test_dialog_run_is_callable PASSED [ 29%]
tests/ui/test_save_dialog.py::TestSaveAudioDialogBranchA::test_run_with_no_saveable_audio_shows_toast PASSED [ 29%]
tests/ui/test_save_dialog.py::TestSaveAudioDialogBranchA::test_run_with_no_saveable_audio_does_not_write PASSED [ 29%]
tests/ui/test_save_dialog.py::TestSaveAudioDialogBranchB::test_run_with_finalized_audio_opens_dialog PASSED [ 29%]
tests/ui/test_save_dialog.py::TestSaveAudioDialogBranchB::test_run_with_user_cancels_dialog_writes_nothing PASSED [ 30%]
tests/ui/test_save_dialog.py::TestSaveAudioDialogBranchB::test_run_with_finalized_audio_writes_wav PASSED [ 30%]
tests/ui/test_save_dialog.py::TestSaveAudioDialogBranchB::test_wav_int16_conversion_matches_d16 PASSED [ 30%]
tests/ui/test_save_dialog.py::TestSaveAudioDialogBranchB::test_default_filename_format PASSED [ 30%]
tests/ui/test_save_dialog.py::TestSaveAudioDialogBranchB::test_default_filename_sanitizes_voice PASSED [ 30%]
tests/ui/test_save_dialog.py::TestSaveAudioDialogBranchB::test_default_filename_empty_voice_uses_fallback PASSED [ 30%]
tests/ui/test_save_dialog.py::TestSaveAudioDialogBranchB::test_extension_appended_when_user_omits PASSED [ 30%]
tests/ui/test_save_dialog.py::TestSaveAudioDialogBranchB::test_success_toast_shown_after_write PASSED [ 30%]
tests/ui/test_save_dialog.py::TestSaveAudioDialogBranchB::test_filter_string_is_wav_only PASSED [ 30%]
tests/ui/test_save_dialog.py::TestSaveAudioDialogBranchB::test_branch_b_does_not_subscribe PASSED [ 30%]
tests/ui/test_save_dialog.py::TestSaveAudioDialogBranchC::test_run_with_streaming_audio_opens_dialog_and_subscribes PASSED [ 30%]
tests/ui/test_save_dialog.py::TestSaveAudioDialogBranchC::test_streaming_wait_shows_finalizing_toast PASSED [ 30%]
tests/ui/test_save_dialog.py::TestSaveAudioDialogBranchC::test_streaming_wait_no_write_until_finalize PASSED [ 30%]
tests/ui/test_save_dialog.py::TestSaveAudioDialogBranchC::test_streaming_wait_completes_on_target_finalize PASSED [ 30%]
tests/ui/test_save_dialog.py::TestSaveAudioDialogBranchC::test_streaming_wait_disconnects_on_complete PASSED [ 30%]
tests/ui/test_save_dialog.py::TestSaveAudioDialogStreamingAbort::test_streaming_wait_aborts_on_none_emit PASSED [ 30%]
tests/ui/test_save_dialog.py::TestSaveAudioDialogStreamingAbort::test_streaming_wait_aborts_on_different_id PASSED [ 30%]
tests/ui/test_save_dialog.py::TestSaveAudioDialogStreamingAbort::test_streaming_wait_cancel_with_revert_shows_neutral_toast PASSED [ 30%]
tests/ui/test_save_dialog.py::TestSaveAudioDialogStreamingAbort::test_streaming_wait_race_path_shows_neutral_toast PASSED [ 30%]
tests/ui/test_save_dialog.py::TestSaveAudioDialogStreamingAbort::test_streaming_wait_aborts_on_supersession_with_revert PASSED [ 30%]
tests/ui/test_save_dialog.py::TestSaveAudioDialogStreamingAbort::test_streaming_wait_disconnects_on_abort PASSED [ 30%]
tests/ui/test_save_dialog.py::TestSaveAudioDialogFilenameSanitization::test_voice_segment_sanitized[clean-clean] PASSED [ 30%]
tests/ui/test_save_dialog.py::TestSaveAudioDialogFilenameSanitization::test_voice_segment_sanitized[with space-with_space] PASSED [ 30%]
tests/ui/test_save_dialog.py::TestSaveAudioDialogFilenameSanitization::test_voice_segment_sanitized[emoji\U0001f3a4voice-emoji_voice] PASSED [ 30%]
tests/ui/test_save_dialog.py::TestSaveAudioDialogFilenameSanitization::test_voice_segment_sanitized[../etc/passwd-___etc_passwd] PASSED [ 30%]
tests/ui/test_save_dialog.py::TestSaveAudioDialogFilenameSanitization::test_voice_segment_sanitized[Bad<>:/\\|?*-Bad________] PASSED [ 30%]
tests/ui/test_save_dialog.py::TestSaveAudioDialogFilenameSanitization::test_voice_segment_sanitized[-voice] PASSED [ 30%]
tests/ui/test_save_dialog.py::TestSaveAudioDialogFilenameSanitization::test_voice_segment_sanitized[___-___] PASSED [ 30%]
tests/ui/test_save_dialog.py::TestSaveAudioDialogFilenameSanitization::test_voice_segment_sanitized[a-b_c-a-b_c] PASSED [ 30%]
tests/ui/test_save_dialog.py::TestSaveAudioDialogFilenameSanitization::test_unicode_only_voice_uses_underscores PASSED [ 30%]
tests/ui/test_save_dialog.py::TestSaveAudioDialogModuleBoundary::test_save_dialog_does_not_import_forbidden_module[qwen_tts_service] PASSED [ 31%]
tests/ui/test_save_dialog.py::TestSaveAudioDialogModuleBoundary::test_save_dialog_does_not_import_forbidden_module[audio_coordinator] PASSED [ 31%]
tests/ui/test_save_dialog.py::TestSaveAudioDialogModuleBoundary::test_save_dialog_does_not_import_forbidden_module[tts_streaming] PASSED [ 31%]
tests/ui/test_save_dialog.py::TestSaveAudioDialogWriteErrors::test_oserror_on_write_shows_error_toast PASSED [ 31%]
tests/ui/test_save_dialog.py::TestSaveAudioDialogWriteErrors::test_runtimeerror_on_write_shows_error_toast PASSED [ 31%]
tests/ui/test_save_dialog.py::TestSaveAudioDialogWriteErrors::test_empty_audio_buffer_shows_error_toast_no_write PASSED [ 31%]
tests/ui/test_save_dialog.py::TestSaveAudioDialogWriteErrors::test_complete_streaming_save_invariant_violation_no_crash PASSED [ 31%]
tests/ui/test_save_dialog.py::TestAppPySaveRequestedWiring::test_app_imports_save_dialog PASSED [ 31%]
tests/ui/test_save_dialog.py::TestAppPySaveRequestedWiring::test_on_save_requested_constructs_dialog_and_calls_run PASSED [ 31%]
tests/ui/test_save_dialog.py::TestAppPySaveRequestedWiring::test_on_save_requested_with_no_registry_logs_and_ignores PASSED [ 31%]
tests/ui/test_save_dialog.py::TestSaveDialogNetZero::test_save_dialog_net_zero_sentinel PASSED [ 31%]
tests/ui/test_settings_panel_access.py::TestSettingsDialogInit::test_dialog_creation PASSED [ 31%]
tests/ui/test_settings_panel_access.py::TestSettingsDialogInit::test_dialog_is_modal PASSED [ 31%]
tests/ui/test_settings_panel_access.py::TestSettingsDialogInit::test_dialog_has_tabs PASSED [ 31%]
tests/ui/test_settings_panel_access.py::TestSettingsDialogTabs::test_audio_tab_exists PASSED [ 31%]
tests/ui/test_settings_panel_access.py::TestSettingsDialogTabs::test_voices_tab_exists PASSED [ 31%]
tests/ui/test_settings_panel_access.py::TestSettingsDialogTabs::test_tts_tab_exists PASSED [ 31%]
tests/ui/test_settings_panel_access.py::TestSettingsDialogTabs::test_interface_tab_exists PASSED [ 31%]
tests/ui/test_settings_panel_access.py::TestSettingsDialogTabs::test_quick_speak_tab_exists PASSED [ 31%]
tests/ui/test_settings_panel_access.py::TestSettingsDialogButtons::test_ok_button_exists PASSED [ 31%]
tests/ui/test_settings_panel_access.py::TestSettingsDialogButtons::test_cancel_button_exists PASSED [ 31%]
tests/ui/test_settings_panel_access.py::TestSettingsDialogButtons::test_reset_button_exists PASSED [ 31%]
tests/ui/test_settings_panel_access.py::TestSettingsDialogSignals::test_settings_changed_signal_exists PASSED [ 31%]
tests/ui/test_settings_panel_access.py::TestSettingsDialogSignals::test_device_refresh_requested_signal_exists PASSED [ 31%]
tests/ui/test_settings_panel_access.py::TestSettingsDialogNavigation::test_navigate_to_voices PASSED [ 31%]
tests/ui/test_settings_panel_access.py::TestSettingsDialogNavigation::test_navigate_to_quick_speak PASSED [ 31%]
tests/ui/test_settings_panel_access.py::TestSettingsDialogNavigation::test_navigate_to_custom_emotion PASSED [ 31%]
tests/ui/test_settings_panel_access.py::TestMainWindowSettingsButton::test_settings_button_exists PASSED [ 31%]
tests/ui/test_settings_panel_access.py::TestMainWindowSettingsButton::test_settings_button_tooltip_has_shortcut PASSED [ 31%]
tests/ui/test_settings_panel_access.py::TestSettingsKeyboardShortcut::test_ctrl_s_shortcut_in_key_handler PASSED [ 32%]
tests/ui/test_status_indicators.py::TestServiceStatusIndicatorEmoji::test_indicator_created_with_emoji_mode PASSED [ 32%]
tests/ui/test_status_indicators.py::TestServiceStatusIndicatorEmoji::test_indicator_shows_unknown_emoji_initially PASSED [ 32%]
tests/ui/test_status_indicators.py::TestServiceStatusIndicatorEmoji::test_indicator_shows_green_emoji_when_healthy PASSED [ 32%]
tests/ui/test_status_indicators.py::TestServiceStatusIndicatorEmoji::test_indicator_shows_yellow_emoji_when_loading PASSED [ 32%]
tests/ui/test_status_indicators.py::TestServiceStatusIndicatorEmoji::test_indicator_shows_red_emoji_when_error PASSED [ 32%]
tests/ui/test_status_indicators.py::TestServiceStatusIndicatorEmoji::test_indicator_shows_warning_emoji_when_warning PASSED [ 32%]
tests/ui/test_status_indicators.py::TestServiceStatusIndicatorEmoji::test_loading_state_overrides_health_status PASSED [ 32%]
tests/ui/test_status_indicators.py::TestServiceStatusIndicatorDotMode::test_indicator_created_in_dot_mode PASSED [ 32%]
tests/ui/test_status_indicators.py::TestServiceStatusIndicatorDotMode::test_indicator_uses_pixmap_in_dot_mode PASSED [ 32%]
tests/ui/test_status_indicators.py::TestServiceStatusIndicatorPulsing::test_pulsing_disabled_by_default PASSED [ 32%]
tests/ui/test_status_indicators.py::TestServiceStatusIndicatorPulsing::test_pulsing_can_be_enabled PASSED [ 32%]
tests/ui/test_status_indicators.py::TestServiceStatusIndicatorPulsing::test_pulsing_can_be_disabled PASSED [ 32%]
tests/ui/test_status_indicators.py::TestServiceStatusIndicatorPulsing::test_pulsing_timer_starts_when_enabled PASSED [ 32%]
tests/ui/test_status_indicators.py::TestServiceStatusIndicatorPulsing::test_pulsing_timer_stops_when_disabled PASSED [ 32%]
tests/ui/test_status_indicators.py::TestServiceStatusIndicatorLoading::test_loading_disabled_by_default PASSED [ 32%]
tests/ui/test_status_indicators.py::TestServiceStatusIndicatorLoading::test_loading_can_be_enabled PASSED [ 32%]
tests/ui/test_status_indicators.py::TestServiceStatusIndicatorLoading::test_loading_can_be_disabled PASSED [ 32%]
tests/ui/test_status_indicators.py::TestServiceStatusIndicatorClick::test_click_emits_signal PASSED [ 32%]
tests/ui/test_status_indicators.py::TestServiceStatusIndicatorTooltip::test_initial_tooltip_shows_unknown PASSED [ 32%]
tests/ui/test_status_indicators.py::TestServiceStatusIndicatorTooltip::test_tooltip_updates_on_status_change PASSED [ 32%]
tests/ui/test_status_indicators.py::TestServiceStatusIndicatorCleanup::test_cleanup_stops_timers PASSED [ 32%]
tests/ui/test_status_indicators.py::TestServiceStatusBar::test_status_bar_created_with_emoji_mode PASSED [ 32%]
tests/ui/test_status_indicators.py::TestServiceStatusBar::test_add_service_creates_indicator PASSED [ 32%]
tests/ui/test_status_indicators.py::TestServiceStatusBar::test_add_service_uses_emoji_mode PASSED [ 32%]
tests/ui/test_status_indicators.py::TestServiceStatusBar::test_get_indicator_returns_correct_indicator PASSED [ 32%]
tests/ui/test_status_indicators.py::TestServiceStatusBar::test_get_indicator_returns_none_for_unknown PASSED [ 32%]
tests/ui/test_status_indicators.py::TestServiceStatusBar::test_set_service_loading PASSED [ 32%]
tests/ui/test_status_indicators.py::TestServiceStatusBar::test_set_service_pulsing PASSED [ 32%]
tests/ui/test_status_indicators.py::TestQueueDepthBadge::test_badge_initial_state_is_hidden_with_depth_zero PASSED [ 32%]
tests/ui/test_status_indicators.py::TestQueueDepthBadge::test_set_depth_zero_hides_badge PASSED [ 33%]
tests/ui/test_status_indicators.py::TestQueueDepthBadge::test_set_depth_one_shows_badge_with_digit PASSED [ 33%]
tests/ui/test_status_indicators.py::TestQueueDepthBadge::test_set_depth_increment_updates_text_no_flicker PASSED [ 33%]
tests/ui/test_status_indicators.py::TestQueueDepthBadge::test_set_depth_negative_clamps_to_zero PASSED [ 33%]
tests/ui/test_status_indicators.py::TestQueueDepthBadge::test_set_depth_negative_logs_warning PASSED [ 33%]
tests/ui/test_status_indicators.py::TestQueueDepthBadge::test_set_depth_large_value_displays_verbatim PASSED [ 33%]
tests/ui/test_status_indicators.py::TestQueueDepthBadge::test_set_depth_zero_from_zero_is_idempotent PASSED [ 33%]
tests/ui/test_status_indicators.py::TestQueueDepthBadge::test_main_window_slot_drives_badge PASSED [ 33%]
tests/ui/test_status_indicators.py::TestVirtualMicSetupDialog::test_dialog_created PASSED [ 33%]
tests/ui/test_status_indicators.py::TestVirtualMicSetupDialog::test_dialog_has_title PASSED [ 33%]
tests/ui/test_status_indicators.py::TestVirtualMicSetupDialog::test_dialog_is_modal PASSED [ 33%]
tests/ui/test_status_indicators.py::TestVirtualMicSetupDialog::test_dialog_has_vb_cable_section PASSED [ 33%]
tests/ui/test_status_indicators.py::TestVirtualMicSetupDialog::test_dialog_has_voicemeeter_section PASSED [ 33%]
tests/ui/test_status_indicators.py::TestVirtualMicSetupDialog::test_dialog_has_myvoice_config_section PASSED [ 33%]
tests/ui/test_status_indicators.py::TestVirtualMicSetupDialog::test_dialog_has_close_button PASSED [ 33%]
tests/ui/test_status_indicators.py::TestVirtualMicSetupDialog::test_download_button_opens_url PASSED [ 33%]
tests/ui/test_status_indicators.py::TestMainWindowStatusIndicators::test_main_window_has_status_bar PASSED [ 33%]
tests/ui/test_status_indicators.py::TestMainWindowStatusIndicators::test_main_window_has_tts_indicator PASSED [ 33%]
tests/ui/test_status_indicators.py::TestMainWindowStatusIndicators::test_main_window_has_mic_indicator PASSED [ 33%]
tests/ui/test_status_indicators.py::TestMainWindowStatusIndicators::test_set_tts_loading PASSED [ 33%]
tests/ui/test_status_indicators.py::TestMainWindowStatusIndicators::test_set_generation_pulsing PASSED [ 33%]
tests/ui/test_status_indicators.py::TestMainWindowStatusIndicators::test_generation_status_enables_pulsing PASSED [ 33%]
tests/ui/test_status_indicators.py::TestMainWindowStatusIndicators::test_generation_status_disables_pulsing PASSED [ 33%]
tests/ui/test_status_indicators.py::TestMainWindowStatusIndicators::test_update_virtual_mic_status_connected PASSED [ 33%]
tests/ui/test_status_indicators.py::TestMainWindowStatusIndicators::test_update_virtual_mic_status_not_connected PASSED [ 33%]
tests/ui/test_status_indicators.py::TestMainWindowStatusIndicators::test_virtual_mic_tooltip_when_connected PASSED [ 33%]
tests/ui/test_status_indicators.py::TestMainWindowStatusIndicators::test_virtual_mic_tooltip_when_not_connected PASSED [ 33%]
tests/ui/test_status_indicators.py::TestSessionRegistryIndicatorWiring::test_indicator_shows_playing_until_mark_done PASSED [ 33%]
tests/ui/test_status_indicators.py::TestSessionRegistryIndicatorWiring::test_error_state_does_not_show_generating PASSED [ 33%]
tests/ui/test_status_indicators.py::TestSessionRegistryIndicatorWiring::test_no_idle_frame_under_discard_then_start_race PASSED [ 34%]
tests/ui/test_status_indicators.py::TestSessionRegistryIndicatorWiring::test_focal_handoff_no_idle_frame PASSED [ 34%]
tests/ui/test_status_indicators.py::TestSessionRegistryIndicatorWiring::test_cancel_during_generating_transitions_to_stopped PASSED [ 34%]
tests/ui/test_status_indicators.py::TestSessionRegistryIndicatorWiring::test_cancel_during_audible_playback_no_transient_working_state PASSED [ 34%]
tests/ui/test_status_indicators.py::TestSessionRegistryIndicatorWiring::test_full_lifecycle_idle_to_done_no_intermediate_ready PASSED [ 34%]
tests/ui/test_status_indicators.py::TestSessionRegistryIndicatorWiring::test_focal_decay_timer_clears_indicator_after_5s_window PASSED [ 34%]
tests/ui/test_status_indicators.py::TestSessionRegistryIndicatorWiring::test_focal_decay_timer_started_on_each_terminal_transition PASSED [ 34%]
tests/ui/test_streaming_mode_settings.py::TestStreamingModeDropdownInitialState::test_auto_label_shown_when_override_is_none PASSED [ 34%]
tests/ui/test_streaming_mode_settings.py::TestStreamingModeDropdownInitialState::test_true_stream_label_shown_when_override_is_true_stream PASSED [ 34%]
tests/ui/test_streaming_mode_settings.py::TestStreamingModeDropdownInitialState::test_sentence_stream_label_shown_when_override_is_sentence_stream PASSED [ 34%]
tests/ui/test_streaming_mode_settings.py::TestStreamingModeDropdownInitialState::test_batch_label_shown_when_override_is_batch PASSED [ 34%]
tests/ui/test_streaming_mode_settings.py::TestStreamingModeDropdownPersistence::test_setting_to_true_stream_updates_app_settings PASSED [ 34%]
tests/ui/test_streaming_mode_settings.py::TestStreamingModeDropdownPersistence::test_setting_to_sentence_stream_updates_app_settings PASSED [ 34%]
tests/ui/test_streaming_mode_settings.py::TestStreamingModeDropdownPersistence::test_setting_to_batch_updates_app_settings PASSED [ 34%]
tests/ui/test_streaming_mode_settings.py::TestStreamingModeDropdownPersistence::test_setting_back_to_auto_clears_override_to_none PASSED [ 34%]
tests/ui/test_streaming_mode_settings.py::TestStreamingModeDropdownSignals::test_signal_does_not_fire_during_initial_load PASSED [ 34%]
tests/ui/test_streaming_mode_settings.py::TestStreamingModeDropdownSignals::test_signal_fires_with_new_value_on_user_selection PASSED [ 34%]
tests/ui/test_streaming_mode_settings.py::TestStreamingModeDropdownSignals::test_signal_emits_none_when_user_picks_auto PASSED [ 34%]
tests/ui/test_streaming_mode_settings.py::TestSaveStateRoundTrip::test_save_state_writes_current_selection[None-Auto-None] PASSED [ 34%]
tests/ui/test_streaming_mode_settings.py::TestSaveStateRoundTrip::test_save_state_writes_current_selection[None-True Stream-true_stream] PASSED [ 34%]
tests/ui/test_streaming_mode_settings.py::TestSaveStateRoundTrip::test_save_state_writes_current_selection[None-Sentence Stream-sentence_stream] PASSED [ 34%]
tests/ui/test_streaming_mode_settings.py::TestSaveStateRoundTrip::test_save_state_writes_current_selection[None-Batch-batch] PASSED [ 34%]
tests/ui/test_streaming_mode_settings.py::TestSaveStateRoundTrip::test_save_state_writes_current_selection[true_stream-Auto-None] PASSED [ 34%]
tests/ui/test_streaming_mode_settings.py::TestSaveStateRoundTrip::test_save_state_writes_current_selection[batch-True Stream-true_stream] PASSED [ 34%]
tests/ui/test_streaming_mode_settings.py::TestSaveStateRoundTrip::test_save_state_round_trips_through_to_dict_from_dict PASSED [ 34%]
tests/ui/test_system_tray_integration.py::TestAppSettingsTrayFields::test_minimize_to_tray_default_is_true FAILED [ 34%]
tests/ui/test_system_tray_integration.py::TestAppSettingsTrayFields::test_tray_notification_shown_default_is_false PASSED [ 34%]
tests/ui/test_system_tray_integration.py::TestAppSettingsTrayFields::test_to_dict_includes_tray_fields PASSED [ 34%]
tests/ui/test_system_tray_integration.py::TestAppSettingsTrayFields::test_from_dict_loads_tray_fields PASSED [ 34%]
tests/ui/test_system_tray_integration.py::TestSystemTraySetup::test_main_window_has_tray_icon_attribute PASSED [ 34%]
tests/ui/test_system_tray_integration.py::TestSystemTraySetup::test_main_window_has_force_quit_flag PASSED [ 35%]
tests/ui/test_system_tray_integration.py::TestSystemTraySetup::test_tray_icon_created_when_available PASSED [ 35%]
tests/ui/test_system_tray_integration.py::TestSystemTraySetup::test_tray_icon_has_tooltip PASSED [ 35%]
tests/ui/test_system_tray_integration.py::TestSystemTraySetup::test_tray_icon_has_context_menu PASSED [ 35%]
tests/ui/test_system_tray_integration.py::TestTrayContextMenu::test_context_menu_has_restore_action PASSED [ 35%]
tests/ui/test_system_tray_integration.py::TestTrayContextMenu::test_context_menu_has_settings_action PASSED [ 35%]
tests/ui/test_system_tray_integration.py::TestTrayContextMenu::test_context_menu_has_exit_action PASSED [ 35%]
tests/ui/test_system_tray_integration.py::TestTrayContextMenu::test_context_menu_has_separator PASSED [ 35%]
tests/ui/test_system_tray_integration.py::TestMinimizeToTray::test_minimize_to_tray_method_exists PASSED [ 35%]
tests/ui/test_system_tray_integration.py::TestMinimizeToTray::test_minimize_to_tray_hides_window PASSED [ 35%]
tests/ui/test_system_tray_integration.py::TestMinimizeToTray::test_minimize_to_tray_shows_tray_icon PASSED [ 35%]
tests/ui/test_system_tray_integration.py::TestRestoreFromTray::test_restore_from_tray_method_exists PASSED [ 35%]
tests/ui/test_system_tray_integration.py::TestRestoreFromTray::test_restore_from_tray_shows_window PASSED [ 35%]
tests/ui/test_system_tray_integration.py::TestCloseEventBehavior::test_close_event_minimizes_to_tray_when_enabled PASSED [ 35%]
tests/ui/test_system_tray_integration.py::TestCloseEventBehavior::test_close_event_closes_when_force_quit PASSED [ 35%]
tests/ui/test_system_tray_integration.py::TestQuitApplication::test_quit_application_method_exists PASSED [ 35%]
tests/ui/test_system_tray_integration.py::TestQuitApplication::test_quit_application_sets_force_quit PASSED [ 35%]
tests/ui/test_system_tray_integration.py::TestTrayIconActivation::test_tray_icon_activated_handler_exists PASSED [ 35%]
tests/ui/test_system_tray_integration.py::TestTrayIconActivation::test_single_click_restores_window PASSED [ 35%]
tests/ui/test_system_tray_integration.py::TestCustomTitleBarMinimize::test_title_bar_minimize_calls_minimize_to_tray PASSED [ 35%]
tests/ui/test_system_tray_integration.py::TestCustomTitleBarMinimize::test_title_bar_minimize_uses_taskbar_when_tray_disabled PASSED [ 35%]
tests/ui/test_system_tray_integration.py::TestCustomTitleBarMinimize::test_title_bar_minimize_method_exists PASSED [ 35%]
tests/ui/test_system_tray_integration.py::TestOneTimeNotification::test_notification_shown_on_first_minimize PASSED [ 35%]
tests/ui/test_system_tray_integration.py::TestOneTimeNotification::test_notification_not_shown_after_first_time PASSED [ 35%]
tests/ui/test_system_tray_integration.py::TestOneTimeNotification::test_notification_updates_settings_flag PASSED [ 35%]
tests/ui/test_voice_library_selection.py::TestVoiceType::test_voice_type_count PASSED [ 35%]
tests/ui/test_voice_library_selection.py::TestVoiceType::test_voice_type_values PASSED [ 35%]
tests/ui/test_voice_library_selection.py::TestVoiceType::test_voice_type_icons PASSED [ 35%]
tests/ui/test_voice_library_selection.py::TestVoiceType::test_voice_type_display_names PASSED [ 35%]
tests/ui/test_voice_library_selection.py::TestVoiceType::test_voice_type_emotion_support PASSED [ 36%]
tests/ui/test_voice_library_selection.py::TestVoiceType::test_voice_type_sort_order PASSED [ 36%]
tests/ui/test_voice_library_selection.py::TestVoiceType::test_voice_types_sorted_by_order PASSED [ 36%]
tests/ui/test_voice_library_selection.py::TestVoiceProfileWithType::test_default_voice_type_is_cloned PASSED [ 36%]
tests/ui/test_voice_library_selection.py::TestVoiceProfileWithType::test_bundled_voice_type PASSED [ 36%]
tests/ui/test_voice_library_selection.py::TestVoiceProfileWithType::test_designed_voice_type PASSED [ 36%]
tests/ui/test_voice_library_selection.py::TestVoiceProfileWithType::test_cloned_voice_type PASSED [ 36%]
tests/ui/test_voice_library_selection.py::TestVoiceProfileWithType::test_emotion_capable_auto_sync_bundled PASSED [ 36%]
tests/ui/test_voice_library_selection.py::TestVoiceProfileWithType::test_emotion_capable_auto_sync_designed PASSED [ 36%]
tests/ui/test_voice_library_selection.py::TestVoiceProfileWithType::test_emotion_capable_auto_sync_cloned PASSED [ 36%]
tests/ui/test_voice_library_selection.py::TestVoiceProfileWithType::test_to_dict_includes_voice_type PASSED [ 36%]
tests/ui/test_voice_library_selection.py::TestVoiceProfileWithType::test_from_dict_parses_voice_type PASSED [ 36%]
tests/ui/test_voice_library_selection.py::TestVoiceProfileWithType::test_from_dict_defaults_to_cloned PASSED [ 36%]
tests/ui/test_voice_library_selection.py::TestVoiceSelectorWithTypes::test_format_profile_includes_icon PASSED [ 36%]
tests/ui/test_voice_library_selection.py::TestVoiceSelectorWithTypes::test_format_profile_designed_icon PASSED [ 36%]
tests/ui/test_voice_library_selection.py::TestVoiceSelectorWithTypes::test_format_profile_cloned_icon PASSED [ 36%]
tests/ui/test_voice_library_selection.py::TestVoiceSelectorWithTypes::test_populate_sorts_bundled_first PASSED [ 36%]
tests/ui/test_voice_library_selection.py::TestVoiceSelectorWithTypes::test_populate_sorts_within_type_alphabetically PASSED [ 36%]
tests/ui/test_voice_library_selection.py::TestVoiceEmotionIntegration::test_bundled_voice_enables_emotion PASSED [ 36%]
tests/ui/test_voice_library_selection.py::TestVoiceEmotionIntegration::test_designed_voice_enables_emotion PASSED [ 36%]
tests/ui/test_voice_library_selection.py::TestVoiceEmotionIntegration::test_cloned_voice_disables_emotion PASSED [ 36%]
tests/ui/test_voice_library_selection.py::TestVoiceEmotionIntegration::test_voice_profile_emotion_matches_type PASSED [ 36%]
tests/ui/test_voice_library_selection.py::TestBundledSpeakers::test_bundled_speakers_count PASSED [ 36%]
tests/ui/test_voice_library_selection.py::TestBundledSpeakers::test_bundled_speakers_names PASSED [ 36%]
tests/ui/test_voice_library_selection.py::TestBundledSpeakers::test_bundled_speakers_have_metadata PASSED [ 36%]
tests/ui/test_voice_library_selection.py::TestBundledSpeakers::test_bundled_speakers_languages PASSED [ 36%]
tests/ui/test_voice_library_selection.py::TestBundledSpeakers::test_bundled_speakers_genders PASSED [ 36%]
tests/ui/test_voice_library_selection.py::TestCreateBundledProfile::test_create_bundled_profile_success PASSED [ 36%]
tests/ui/test_voice_library_selection.py::TestCreateBundledProfile::test_create_bundled_profile_all_speakers PASSED [ 36%]
tests/ui/test_voice_library_selection.py::TestCreateBundledProfile::test_create_bundled_profile_invalid_speaker PASSED [ 37%]
tests/ui/test_voice_library_selection.py::TestCreateBundledProfile::test_create_bundled_profile_virtual_path PASSED [ 37%]
tests/ui/test_voice_library_selection.py::TestCreateBundledProfile::test_bundled_profile_no_duration PASSED [ 37%]
tests/ui/test_voice_library_selection.py::TestCreateBundledProfile::test_bundled_profile_no_transcription PASSED [ 37%]
tests/ui/test_voice_library_selection.py::TestIsBundled::test_is_bundled_true_for_bundled_voice PASSED [ 37%]
tests/ui/test_voice_library_selection.py::TestIsBundled::test_is_bundled_false_for_cloned_voice PASSED [ 37%]
tests/ui/test_voice_library_selection.py::TestVoiceSelectorBundledDisplay::test_bundled_voice_shows_bundled_label PASSED [ 37%]
tests/ui/test_voice_library_selection.py::TestVoiceSelectorBundledDisplay::test_bundled_voices_sorted_first PASSED [ 37%]
tests/ui/test_voice_library_selection.py::TestVoiceSelectorBundledDisplay::test_set_selected_voice_works_with_bundled PASSED [ 37%]
tests/ui/test_voice_library_widget.py::TestVoiceLibraryWidgetInit::test_widget_creation PASSED [ 37%]
tests/ui/test_voice_library_widget.py::TestVoiceLibraryWidgetInit::test_voice_list_exists PASSED [ 37%]
tests/ui/test_voice_library_widget.py::TestVoiceLibraryWidgetInit::test_delete_button_exists PASSED [ 37%]
tests/ui/test_voice_library_widget.py::TestVoiceLibraryWidgetInit::test_refresh_button_exists PASSED [ 37%]
tests/ui/test_voice_library_widget.py::TestVoiceLibraryWidgetInit::test_design_button_exists PASSED [ 37%]
tests/ui/test_voice_library_widget.py::TestVoiceLibraryWidgetInit::test_clone_button_exists FAILED [ 37%]
tests/ui/test_voice_library_widget.py::TestVoiceLibraryWidgetPopulation::test_voices_populated PASSED [ 37%]
tests/ui/test_voice_library_widget.py::TestVoiceLibraryWidgetPopulation::test_voices_sorted_by_type PASSED [ 37%]
tests/ui/test_voice_library_widget.py::TestVoiceLibraryWidgetPopulation::test_profiles_dict_populated PASSED [ 37%]
tests/ui/test_voice_library_widget.py::TestVoiceListItem::test_item_creation PASSED [ 37%]
tests/ui/test_voice_library_widget.py::TestVoiceListItem::test_item_display_text_includes_icon PASSED [ 37%]
tests/ui/test_voice_library_widget.py::TestVoiceListItem::test_item_has_tooltip PASSED [ 37%]
tests/ui/test_voice_library_widget.py::TestVoiceLibraryWidgetSelection::test_initial_selection PASSED [ 37%]
tests/ui/test_voice_library_widget.py::TestVoiceLibraryWidgetSelection::test_select_voice_by_name PASSED [ 37%]
tests/ui/test_voice_library_widget.py::TestVoiceLibraryWidgetSelection::test_selection_emits_signal PASSED [ 37%]
tests/ui/test_voice_library_widget.py::TestVoiceLibraryWidgetDelete::test_delete_button_disabled_for_bundled PASSED [ 37%]
tests/ui/test_voice_library_widget.py::TestVoiceLibraryWidgetDelete::test_delete_button_enabled_for_designed PASSED [ 37%]
tests/ui/test_voice_library_widget.py::TestVoiceLibraryWidgetDelete::test_delete_button_enabled_for_cloned PASSED [ 37%]
tests/ui/test_voice_library_widget.py::TestVoiceLibraryWidgetEmptyState::test_empty_state_exists PASSED [ 37%]
tests/ui/test_voice_library_widget.py::TestVoiceLibraryWidgetEmptyState::test_empty_state_hidden_when_voices_exist PASSED [ 37%]
tests/ui/test_voice_library_widget.py::TestVoiceLibraryWidgetSignals::test_voice_selected_signal_exists PASSED [ 37%]
tests/ui/test_voice_library_widget.py::TestVoiceLibraryWidgetSignals::test_voice_deleted_signal_exists PASSED [ 38%]
tests/ui/test_voice_library_widget.py::TestVoiceLibraryWidgetSignals::test_design_voice_requested_signal_exists PASSED [ 38%]
tests/ui/test_voice_library_widget.py::TestVoiceLibraryWidgetSignals::test_clone_voice_requested_signal_exists FAILED [ 38%]
tests/ui/test_voice_library_widget.py::TestVoiceLibraryWidgetSignals::test_refresh_requested_signal_exists PASSED [ 38%]
tests/ui/test_voice_library_widget.py::TestVoiceLibraryWidgetSignals::test_design_button_emits_signal FAILED [ 38%]
tests/ui/test_voice_library_widget.py::TestVoiceLibraryWidgetSignals::test_clone_button_emits_signal FAILED [ 38%]
tests/ui/test_voice_library_widget.py::TestVoiceLibraryWidgetCounts::test_user_voice_count PASSED [ 38%]
tests/ui/test_voice_library_widget.py::TestVoiceLibraryWidgetCounts::test_bundled_voice_count PASSED [ 38%]
tests/ui/test_voice_library_widget.py::TestVoiceLibraryWidgetServiceIntegration::test_set_voice_manager PASSED [ 38%]
tests/ui/test_voice_library_widget.py::TestVoiceLibraryWidgetServiceIntegration::test_refresh_voices PASSED [ 38%]
tests/ui/test_window_transparency.py::TestAppSettingsTransparencyValidation::test_transparency_default_value PASSED [ 38%]
tests/ui/test_window_transparency.py::TestAppSettingsTransparencyValidation::test_transparency_valid_range PASSED [ 38%]
tests/ui/test_window_transparency.py::TestAppSettingsTransparencyValidation::test_transparency_minimum_warning PASSED [ 38%]
tests/ui/test_window_transparency.py::TestAppSettingsTransparencyValidation::test_transparency_20_percent_no_warning PASSED [ 38%]
tests/ui/test_window_transparency.py::TestAppSettingsTransparencyValidation::test_transparency_invalid_below_zero PASSED [ 38%]
tests/ui/test_window_transparency.py::TestAppSettingsTransparencyValidation::test_transparency_invalid_above_one PASSED [ 38%]
tests/ui/test_window_transparency.py::TestAppSettingsTransparencyValidation::test_transparency_in_to_dict PASSED [ 38%]
tests/ui/test_window_transparency.py::TestAppSettingsTransparencyValidation::test_transparency_from_dict PASSED [ 38%]
tests/ui/test_window_transparency.py::TestMainWindowTransparency::test_main_window_has_set_transparency_method PASSED [ 38%]
tests/ui/test_window_transparency.py::TestMainWindowTransparency::test_set_window_transparency_100_percent PASSED [ 38%]
tests/ui/test_window_transparency.py::TestMainWindowTransparency::test_set_window_transparency_50_percent PASSED [ 38%]
tests/ui/test_window_transparency.py::TestMainWindowTransparency::test_set_window_transparency_20_percent PASSED [ 38%]
tests/ui/test_window_transparency.py::TestMainWindowTransparency::test_set_window_transparency_clamps_below_20 PASSED [ 38%]
tests/ui/test_window_transparency.py::TestMainWindowTransparency::test_set_window_transparency_clamps_above_100 PASSED [ 38%]
tests/ui/test_window_transparency.py::TestMainWindowTransparency::test_main_window_has_transparency_preview_handler PASSED [ 38%]
tests/ui/test_window_transparency.py::TestSettingsDialogTransparencySlider::test_settings_dialog_has_transparency_slider PASSED [ 38%]
tests/ui/test_window_transparency.py::TestSettingsDialogTransparencySlider::test_transparency_slider_minimum_is_20 PASSED [ 38%]
tests/ui/test_window_transparency.py::TestSettingsDialogTransparencySlider::test_transparency_slider_maximum_is_100 PASSED [ 38%]
tests/ui/test_window_transparency.py::TestSettingsDialogTransparencySlider::test_transparency_slider_default_value PASSED [ 38%]
tests/ui/test_window_transparency.py::TestSettingsDialogTransparencySlider::test_transparency_value_label_exists PASSED [ 39%]
tests/ui/test_window_transparency.py::TestSettingsDialogTransparencySlider::test_transparency_slider_updates_label PASSED [ 39%]
tests/ui/test_window_transparency.py::TestSettingsDialogTransparencySlider::test_transparency_slider_emits_preview_signal PASSED [ 39%]
tests/ui/test_window_transparency.py::TestSettingsDialogTransparencySlider::test_transparency_slider_cannot_go_below_20 PASSED [ 39%]
tests/ui/test_window_transparency.py::TestSettingsDialogTransparencySlider::test_load_settings_sets_slider_value PASSED [ 39%]
tests/ui/test_window_transparency.py::TestSettingsDialogTransparencySlider::test_save_settings_captures_slider_value PASSED [ 39%]
tests/ui/test_window_transparency.py::TestTransparencyPersistence::test_transparency_survives_round_trip PASSED [ 39%]
tests/ui/test_window_transparency.py::TestTransparencyPersistence::test_transparency_default_when_missing PASSED [ 39%]
tests/ui/test_window_transparency.py::TestTransparencyEdgeCases::test_transparency_type_validation_integer PASSED [ 39%]
tests/ui/test_window_transparency.py::TestTransparencyEdgeCases::test_transparency_boundary_values PASSED [ 39%]
tests/unit/build_tools/test_rthook_torch.py::TestInjectCudaRedistPaths::test_sets_cuda_path_to_triton_bundled PASSED [ 39%]
tests/unit/build_tools/test_rthook_torch.py::TestInjectCudaRedistPaths::test_falls_back_to_cuda_redist_when_triton_ptxas_missing PASSED [ 39%]
tests/unit/build_tools/test_rthook_torch.py::TestInjectCudaRedistPaths::test_prepends_bin_to_path PASSED [ 39%]
tests/unit/build_tools/test_rthook_torch.py::TestInjectCudaRedistPaths::test_adds_dll_directory PASSED [ 39%]
tests/unit/build_tools/test_rthook_torch.py::TestInjectCudaRedistPaths::test_is_noop_when_not_frozen PASSED [ 39%]
tests/unit/build_tools/test_rthook_torch.py::TestConfigureTritonBackendDiscovery::test_sets_triton_backends_in_tree PASSED [ 39%]
tests/unit/build_tools/test_rthook_torch.py::TestConfigureTritonBackendDiscovery::test_is_noop_when_not_frozen PASSED [ 39%]
tests/unit/build_tools/test_rthook_torch.py::TestConfigureTritonBackendDiscovery::test_sets_cc_to_bundled_tcc PASSED [ 39%]
tests/unit/build_tools/test_rthook_torch.py::TestProbeTritonAvailability::test_succeeds_when_triton_importable PASSED [ 39%]
tests/unit/build_tools/test_rthook_torch.py::TestProbeTritonAvailability::test_logs_warning_on_import_failure PASSED [ 39%]
tests/unit/build_tools/test_stage_cuda_subset.py::TestLicenseViolationRejection::test_rejects_when_dll_patterns_would_copy_nvcc PASSED [ 39%]
tests/unit/build_tools/test_stage_cuda_subset.py::TestLicenseViolationRejection::test_rejects_when_dll_patterns_use_broad_glob PASSED [ 39%]
tests/unit/build_tools/test_stage_cuda_subset.py::TestLicenseViolationRejection::test_rejects_nvcc_variant PASSED [ 39%]
tests/unit/build_tools/test_stage_cuda_subset.py::TestLicenseViolationRejection::test_rejects_nvcc_device_query_helper PASSED [ 39%]
tests/unit/build_tools/test_stage_cuda_subset.py::TestLicenseViolationRejection::test_rejects_via_LicenseViolationError_class PASSED [ 39%]
tests/unit/build_tools/test_stage_cuda_subset.py::TestLicenseViolationRejection::test_clean_source_with_nvcc_present_still_passes PASSED [ 39%]
tests/unit/build_tools/test_stage_cuda_subset.py::TestStageSubsetHappyPath::test_stages_dlls_headers_eula_with_hash PASSED [ 39%]
tests/unit/build_tools/test_stage_cuda_subset.py::TestStageSubsetHappyPath::test_idempotent_restage PASSED [ 39%]
tests/unit/build_tools/test_stage_cuda_subset.py::TestStageSubsetHappyPath::test_missing_cuda_path_env_var_fails_cleanly PASSED [ 39%]
tests/unit/build_tools/test_stage_cuda_subset.py::TestStageSubsetHappyPath::test_missing_eula_fails PASSED [ 39%]
tests/unit/models/test_app_settings_clear_comms.py::TestAppSettingsClearCommsDefaults::test_default_source_kind_is_last_generation PASSED [ 40%]
tests/unit/models/test_app_settings_clear_comms.py::TestAppSettingsClearCommsDefaults::test_default_file_path_is_none PASSED [ 40%]
tests/unit/models/test_app_settings_clear_comms.py::TestAppSettingsClearCommsDefaults::test_default_queue_mode_is_false PASSED [ 40%]
tests/unit/models/test_app_settings_clear_comms.py::TestAppSettingsClearCommsRoundTrip::test_to_dict_includes_clear_comms_keys PASSED [ 40%]
tests/unit/models/test_app_settings_clear_comms.py::TestAppSettingsClearCommsRoundTrip::test_to_dict_from_dict_round_trip PASSED [ 40%]
tests/unit/models/test_app_settings_clear_comms.py::TestAppSettingsClearCommsRoundTrip::test_from_dict_missing_keys_returns_defaults PASSED [ 40%]
tests/unit/models/test_app_settings_clear_comms.py::TestAppSettingsClearCommsValidation::test_validate_unknown_source_kind_warns_and_corrects PASSED [ 40%]
tests/unit/models/test_app_settings_clear_comms.py::TestAppSettingsClearCommsValidation::test_validate_known_source_kind_does_not_warn PASSED [ 40%]
tests/unit/models/test_app_settings_clear_comms.py::TestAppSettingsClearCommsResetToDefaults::test_reset_restores_all_three_fields PASSED [ 40%]
tests/unit/models/test_app_settings_tts_compile.py::TestAppSettingsTtsCompileDefaults::test_default_tts_compile_is_auto PASSED [ 40%]
tests/unit/models/test_app_settings_tts_compile.py::TestAppSettingsTtsCompileAcceptedValues::test_accepted_value_passes_validation_unchanged[auto] PASSED [ 40%]
tests/unit/models/test_app_settings_tts_compile.py::TestAppSettingsTtsCompileAcceptedValues::test_accepted_value_passes_validation_unchanged[on] PASSED [ 40%]
tests/unit/models/test_app_settings_tts_compile.py::TestAppSettingsTtsCompileAcceptedValues::test_accepted_value_passes_validation_unchanged[off] PASSED [ 40%]
tests/unit/models/test_app_settings_tts_compile.py::TestAppSettingsTtsCompileRoundTrip::test_to_dict_persists_tts_compile_value PASSED [ 40%]
tests/unit/models/test_app_settings_tts_compile.py::TestAppSettingsTtsCompileRoundTrip::test_to_dict_default_persists_auto PASSED [ 40%]
tests/unit/models/test_app_settings_tts_compile.py::TestAppSettingsTtsCompileRoundTrip::test_round_trip_via_real_json_preserves_value PASSED [ 40%]
tests/unit/models/test_app_settings_tts_compile.py::TestAppSettingsTtsCompileRoundTrip::test_missing_key_in_payload_defaults_to_auto PASSED [ 40%]
tests/unit/models/test_app_settings_tts_compile.py::TestAppSettingsTtsCompileValidation::test_invalid_value_resets_to_auto_in_post_init PASSED [ 40%]
tests/unit/models/test_app_settings_tts_compile.py::TestAppSettingsTtsCompileValidation::test_invalid_value_emits_unknown_warning_code PASSED [ 40%]
tests/unit/models/test_app_settings_tts_compile.py::TestAppSettingsTtsCompileReset::test_reset_to_defaults_clears_tts_compile_override PASSED [ 40%]
tests/unit/models/test_app_settings_tts_precision.py::TestAppSettingsTtsPrecisionDefaults::test_default_tts_precision_is_auto PASSED [ 40%]
tests/unit/models/test_app_settings_tts_precision.py::TestAppSettingsTtsPrecisionAcceptedValues::test_accepted_value_passes_validation_unchanged[auto] PASSED [ 40%]
tests/unit/models/test_app_settings_tts_precision.py::TestAppSettingsTtsPrecisionAcceptedValues::test_accepted_value_passes_validation_unchanged[bf16] PASSED [ 40%]
tests/unit/models/test_app_settings_tts_precision.py::TestAppSettingsTtsPrecisionAcceptedValues::test_accepted_value_passes_validation_unchanged[fp32] PASSED [ 40%]
tests/unit/models/test_app_settings_tts_precision.py::TestAppSettingsTtsPrecisionRoundTrip::test_to_dict_persists_tts_precision_value PASSED [ 40%]
tests/unit/models/test_app_settings_tts_precision.py::TestAppSettingsTtsPrecisionRoundTrip::test_to_dict_default_persists_auto PASSED [ 40%]
tests/unit/models/test_app_settings_tts_precision.py::TestAppSettingsTtsPrecisionRoundTrip::test_round_trip_via_real_json_preserves_value PASSED [ 40%]
tests/unit/models/test_app_settings_tts_precision.py::TestAppSettingsTtsPrecisionRoundTrip::test_missing_key_in_payload_defaults_to_auto PASSED [ 40%]
tests/unit/models/test_app_settings_tts_precision.py::TestAppSettingsTtsPrecisionValidation::test_invalid_value_resets_to_auto_in_post_init PASSED [ 40%]
tests/unit/models/test_app_settings_tts_precision.py::TestAppSettingsTtsPrecisionValidation::test_invalid_value_emits_unknown_warning_code PASSED [ 41%]
tests/unit/models/test_app_settings_tts_precision.py::TestAppSettingsTtsPrecisionReset::test_reset_to_defaults_clears_tts_precision_override PASSED [ 41%]
tests/unit/models/test_voice_profile_embedding.py::TestVoiceTypeEmbedding::test_embedding_type_exists PASSED [ 41%]
tests/unit/models/test_voice_profile_embedding.py::TestVoiceTypeEmbedding::test_embedding_icon PASSED [ 41%]
tests/unit/models/test_voice_profile_embedding.py::TestVoiceTypeEmbedding::test_embedding_display_name PASSED [ 41%]
tests/unit/models/test_voice_profile_embedding.py::TestVoiceTypeEmbedding::test_embedding_supports_emotion PASSED [ 41%]
tests/unit/models/test_voice_profile_embedding.py::TestVoiceTypeEmbedding::test_embedding_sort_order PASSED [ 41%]
tests/unit/models/test_voice_profile_embedding.py::TestVoiceTypeEmbedding::test_embedding_required_model PASSED [ 41%]
tests/unit/models/test_voice_profile_embedding.py::TestVoiceProfileCreateEmbeddingProfile::test_create_embedding_profile_basic PASSED [ 41%]
tests/unit/models/test_voice_profile_embedding.py::TestVoiceProfileCreateEmbeddingProfile::test_create_embedding_profile_with_description PASSED [ 41%]
tests/unit/models/test_voice_profile_embedding.py::TestVoiceProfileCreateEmbeddingProfile::test_create_embedding_profile_emotion_capable PASSED [ 41%]
tests/unit/models/test_voice_profile_embedding.py::TestVoiceProfileCreateEmbeddingProfile::test_create_embedding_profile_transcription_skipped PASSED [ 41%]
tests/unit/models/test_voice_profile_embedding.py::TestVoiceProfileCreateEmbeddingProfile::test_create_embedding_profile_stores_embedding_path PASSED [ 41%]
tests/unit/models/test_voice_profile_embedding.py::TestVoiceProfileCreateEmbeddingProfile::test_create_embedding_profile_virtual_path PASSED [ 41%]
tests/unit/models/test_voice_profile_embedding.py::TestVoiceProfileCreateEmbeddingProfile::test_create_embedding_profile_nonexistent_path_raises PASSED [ 41%]
tests/unit/models/test_voice_profile_embedding.py::TestVoiceProfileCreateEmbeddingProfile::test_create_embedding_profile_with_preview_audio PASSED [ 41%]
tests/unit/models/test_voice_profile_embedding.py::TestVoiceProfileEmbeddingPostInit::test_embedding_path_detection PASSED [ 41%]
tests/unit/models/test_voice_profile_embedding.py::TestVoiceProfileEmbeddingPostInit::test_embedding_path_invalid_without_checkpoint PASSED [ 41%]
tests/unit/models/test_voice_profile_embedding.py::TestVoiceProfileEmbeddingPostInit::test_embedding_path_invalid_with_nonexistent_checkpoint PASSED [ 41%]
tests/unit/models/test_voice_profile_embedding.py::TestVoiceProfileEmbeddingPostInit::test_embedding_path_sets_emotion_capable PASSED [ 41%]
tests/unit/models/test_voice_profile_embedding.py::TestVoiceProfileEmbeddingPostInit::test_embedding_path_sets_transcription_skipped PASSED [ 41%]
tests/unit/models/test_voice_profile_embedding.py::TestVoiceProfileEmbeddingHelpers::test_is_embedding_true_for_embedding_type PASSED [ 41%]
tests/unit/models/test_voice_profile_embedding.py::TestVoiceProfileEmbeddingHelpers::test_is_embedding_false_for_other_types PASSED [ 41%]
tests/unit/models/test_voice_profile_embedding.py::TestVoiceProfileEmbeddingHelpers::test_get_embedding_path_returns_path PASSED [ 41%]
tests/unit/models/test_voice_profile_embedding.py::TestVoiceProfileEmbeddingHelpers::test_get_embedding_path_none_for_other_types PASSED [ 41%]
tests/unit/models/test_voice_profile_embedding.py::TestVoiceProfileSerialization::test_embedding_voice_to_dict PASSED [ 41%]
tests/unit/models/test_voice_profile_embedding.py::TestVoiceProfileSerialization::test_embedding_voice_from_dict PASSED [ 41%]
tests/unit/models/test_voice_profile_emotion_variants.py::TestValidEmotions::test_valid_emotions_count PASSED [ 41%]
tests/unit/models/test_voice_profile_emotion_variants.py::TestValidEmotions::test_valid_emotions_values PASSED [ 41%]
tests/unit/models/test_voice_profile_emotion_variants.py::TestAvailableEmotionsField::test_default_available_emotions PASSED [ 41%]
tests/unit/models/test_voice_profile_emotion_variants.py::TestAvailableEmotionsField::test_custom_available_emotions PASSED [ 42%]
tests/unit/models/test_voice_profile_emotion_variants.py::TestAvailableEmotionsField::test_all_emotions_available PASSED [ 42%]
tests/unit/models/test_voice_profile_emotion_variants.py::TestAvailableEmotionsField::test_invalid_emotions_filtered PASSED [ 42%]
tests/unit/models/test_voice_profile_emotion_variants.py::TestAvailableEmotionsField::test_all_invalid_defaults_to_neutral PASSED [ 42%]
tests/unit/models/test_voice_profile_emotion_variants.py::TestDetectAvailableEmotions::test_detect_empty_directory PASSED [ 42%]
tests/unit/models/test_voice_profile_emotion_variants.py::TestDetectAvailableEmotions::test_detect_legacy_structure PASSED [ 42%]
tests/unit/models/test_voice_profile_emotion_variants.py::TestDetectAvailableEmotions::test_detect_single_emotion_subfolder PASSED [ 42%]
tests/unit/models/test_voice_profile_emotion_variants.py::TestDetectAvailableEmotions::test_detect_multiple_emotion_subfolders PASSED [ 42%]
tests/unit/models/test_voice_profile_emotion_variants.py::TestDetectAvailableEmotions::test_detect_all_emotions PASSED [ 42%]
tests/unit/models/test_voice_profile_emotion_variants.py::TestDetectAvailableEmotions::test_detect_ignores_empty_subfolders PASSED [ 42%]
tests/unit/models/test_voice_profile_emotion_variants.py::TestDetectAvailableEmotions::test_detect_ignores_invalid_folders PASSED [ 42%]
tests/unit/models/test_voice_profile_emotion_variants.py::TestDetectAvailableEmotions::test_detect_preserves_order PASSED [ 42%]
tests/unit/models/test_voice_profile_emotion_variants.py::TestDetectAvailableEmotions::test_detect_nonexistent_directory PASSED [ 42%]
tests/unit/models/test_voice_profile_emotion_variants.py::TestGetAvailableEmotions::test_embedding_voice_returns_available_emotions PASSED [ 42%]
tests/unit/models/test_voice_profile_emotion_variants.py::TestGetAvailableEmotions::test_embedding_voice_returns_copy PASSED [ 42%]
tests/unit/models/test_voice_profile_emotion_variants.py::TestGetAvailableEmotions::test_bundled_voice_returns_all_emotions PASSED [ 42%]
tests/unit/models/test_voice_profile_emotion_variants.py::TestGetAvailableEmotions::test_cloned_voice_returns_neutral_only PASSED [ 42%]
tests/unit/models/test_voice_profile_emotion_variants.py::TestHasEmotion::test_embedding_voice_has_available_emotion PASSED [ 42%]
tests/unit/models/test_voice_profile_emotion_variants.py::TestHasEmotion::test_embedding_voice_lacks_unavailable_emotion PASSED [ 42%]
tests/unit/models/test_voice_profile_emotion_variants.py::TestHasEmotion::test_bundled_voice_has_all_emotions PASSED [ 42%]
tests/unit/models/test_voice_profile_emotion_variants.py::TestHasEmotion::test_cloned_voice_only_has_neutral PASSED [ 42%]
tests/unit/models/test_voice_profile_emotion_variants.py::TestMetadataEmotionVariants::test_parse_metadata_v2_with_emotions PASSED [ 42%]
tests/unit/models/test_voice_profile_emotion_variants.py::TestMetadataEmotionVariants::test_parse_metadata_v1_defaults_to_neutral PASSED [ 42%]
tests/unit/models/test_voice_profile_emotion_variants.py::TestMetadataEmotionVariants::test_parse_metadata_missing_file_defaults PASSED [ 42%]
tests/unit/models/test_voice_profile_emotion_variants.py::TestMetadataEmotionVariants::test_parse_metadata_filters_invalid_emotions PASSED [ 42%]
tests/unit/models/test_voice_profile_emotion_variants.py::TestMetadataEmotionVariants::test_to_embedding_metadata PASSED [ 42%]
tests/unit/models/test_voice_profile_emotion_variants.py::TestEmotionVariantsSerialization::test_to_dict_includes_available_emotions PASSED [ 42%]
tests/unit/models/test_voice_profile_emotion_variants.py::TestEmotionVariantsSerialization::test_from_dict_parses_available_emotions PASSED [ 42%]
tests/unit/models/test_voice_profile_emotion_variants.py::TestEmotionVariantsSerialization::test_from_dict_defaults_available_emotions PASSED [ 42%]
tests/unit/models/test_voice_profile_emotion_variants.py::TestEmotionVariantsSerialization::test_roundtrip_serialization PASSED [ 43%]
tests/unit/observability/test_metrics.py::TestModuleExports::test_package_exports_record PASSED [ 43%]
tests/unit/observability/test_metrics.py::TestModuleExports::test_package_exports_add_remove_listener PASSED [ 43%]
tests/unit/observability/test_metrics.py::TestModuleExports::test_package_exports_metric_record PASSED [ 43%]
tests/unit/observability/test_metrics.py::TestModuleExports::test_package_exports_logger_name_constant PASSED [ 43%]
tests/unit/observability/test_metrics.py::TestModuleExports::test_module_exports_match_package_exports PASSED [ 43%]
tests/unit/observability/test_metrics.py::TestRecordSchema::test_emits_exactly_one_record_with_correct_fields PASSED [ 43%]
tests/unit/observability/test_metrics.py::TestRecordSchema::test_empty_tags_still_present_as_empty_dict PASSED [ 43%]
tests/unit/observability/test_metrics.py::TestRecordSchema::test_session_id_separate_from_tags PASSED [ 43%]
tests/unit/observability/test_metrics.py::TestRecordValueValidation::test_accepts_python_numerics_and_bool[1] PASSED [ 43%]
tests/unit/observability/test_metrics.py::TestRecordValueValidation::test_accepts_python_numerics_and_bool[1.5] PASSED [ 43%]
tests/unit/observability/test_metrics.py::TestRecordValueValidation::test_accepts_python_numerics_and_bool[True] PASSED [ 43%]
tests/unit/observability/test_metrics.py::TestRecordValueValidation::test_accepts_python_numerics_and_bool[False] PASSED [ 43%]
tests/unit/observability/test_metrics.py::TestRecordValueValidation::test_accepts_python_numerics_and_bool[0] PASSED [ 43%]
tests/unit/observability/test_metrics.py::TestRecordValueValidation::test_accepts_python_numerics_and_bool[-3] PASSED [ 43%]
tests/unit/observability/test_metrics.py::TestRecordValueValidation::test_accepts_python_numerics_and_bool[31400000000.0] PASSED [ 43%]
tests/unit/observability/test_metrics.py::TestRecordValueValidation::test_accepts_string_values_per_p9[true_stream] PASSED [ 43%]
tests/unit/observability/test_metrics.py::TestRecordValueValidation::test_accepts_string_values_per_p9[sentence_stream] PASSED [ 43%]
tests/unit/observability/test_metrics.py::TestRecordValueValidation::test_accepts_string_values_per_p9[batch] PASSED [ 43%]
tests/unit/observability/test_metrics.py::TestRecordValueValidation::test_accepts_string_values_per_p9[unrecoverable] PASSED [ 43%]
tests/unit/observability/test_metrics.py::TestRecordValueValidation::test_accepts_string_values_per_p9[] PASSED [ 43%]
tests/unit/observability/test_metrics.py::TestRecordValueValidation::test_rejects_non_numeric_and_non_string[None] PASSED [ 43%]
tests/unit/observability/test_metrics.py::TestRecordValueValidation::test_rejects_non_numeric_and_non_string[bad_value1] PASSED [ 43%]
tests/unit/observability/test_metrics.py::TestRecordValueValidation::test_rejects_non_numeric_and_non_string[bad_value2] PASSED [ 43%]
tests/unit/observability/test_metrics.py::TestRecordValueValidation::test_rejects_non_numeric_and_non_string[bad_value3] PASSED [ 43%]
tests/unit/observability/test_metrics.py::TestRecordValueValidation::test_numpy_scalars_accepted_when_numpy_available PASSED [ 43%]
tests/unit/observability/test_metrics.py::TestRecordNameValidation::test_empty_string_raises_value_error PASSED [ 43%]
tests/unit/observability/test_metrics.py::TestRecordNameValidation::test_whitespace_only_raises_value_error PASSED [ 43%]
tests/unit/observability/test_metrics.py::TestRecordNameValidation::test_none_raises PASSED [ 43%]
tests/unit/observability/test_metrics.py::TestRecordNameValidation::test_tabs_and_newlines_raise PASSED [ 44%]
tests/unit/observability/test_metrics.py::TestListenerRegistration::test_listener_invoked_with_metric_record PASSED [ 44%]
tests/unit/observability/test_metrics.py::TestListenerRegistration::test_listeners_invoked_in_registration_order PASSED [ 44%]
tests/unit/observability/test_metrics.py::TestListenerRegistration::test_listener_invoked_after_log_emission PASSED [ 44%]
tests/unit/observability/test_metrics.py::TestListenerUnsubscribe::test_unsubscribe_removes_listener PASSED [ 44%]
tests/unit/observability/test_metrics.py::TestListenerUnsubscribe::test_unsubscribe_idempotent PASSED [ 44%]
tests/unit/observability/test_metrics.py::TestListenerUnsubscribe::test_remove_listener_by_identity PASSED [ 44%]
tests/unit/observability/test_metrics.py::TestListenerUnsubscribe::test_remove_listener_unregistered_silent_noop PASSED [ 44%]
tests/unit/observability/test_metrics.py::TestListenerExceptionIsolation::test_raising_listener_does_not_break_chain PASSED [ 44%]
tests/unit/observability/test_metrics.py::TestListenerExceptionIsolation::test_exception_logged_at_warning_on_metrics_logger PASSED [ 44%]
tests/unit/observability/test_metrics.py::TestThreadSafety::test_stress_no_lost_records PASSED [ 44%]
tests/unit/observability/test_metrics.py::TestThreadSafety::test_no_runtime_error_when_listeners_mutated_during_record PASSED [ 44%]
tests/unit/observability/test_metrics.py::TestModuleBoundary::test_no_forbidden_import_substrings PASSED [ 44%]
tests/unit/observability/test_metrics.py::TestModuleBoundary::test_only_allowed_top_level_imports PASSED [ 44%]
tests/unit/observability/test_metrics.py::TestMetricRecordImmutability::test_field_assignment_raises_frozen_instance_error PASSED [ 44%]
tests/unit/observability/test_metrics.py::TestMetricRecordImmutability::test_tag_dict_mutation_succeeds_intentionally PASSED [ 44%]
tests/unit/observability/test_metrics.py::TestLoggerConfigurationIsOptIn::test_no_handlers_attached_by_module PASSED [ 44%]
tests/unit/observability/test_progressive_playback_csv_capture.py::TestResolvePath::test_default_path_for_value_1 PASSED [ 44%]
tests/unit/observability/test_progressive_playback_csv_capture.py::TestResolvePath::test_disabled_for_value_0 PASSED [ 44%]
tests/unit/observability/test_progressive_playback_csv_capture.py::TestResolvePath::test_disabled_for_empty_or_whitespace PASSED [ 44%]
tests/unit/observability/test_progressive_playback_csv_capture.py::TestResolvePath::test_absolute_path_used_verbatim PASSED [ 44%]
tests/unit/observability/test_progressive_playback_csv_capture.py::TestResolvePath::test_relative_path_anchored_at_logs_dir PASSED [ 44%]
tests/unit/observability/test_progressive_playback_csv_capture.py::TestEnableCsvCapture::test_header_written_immediately PASSED [ 44%]
tests/unit/observability/test_progressive_playback_csv_capture.py::TestEnableCsvCapture::test_only_targeted_metrics_are_captured PASSED [ 44%]
tests/unit/observability/test_progressive_playback_csv_capture.py::TestEnableCsvCapture::test_ttfa_boundary_rows_columns_match_header PASSED [ 44%]
tests/unit/observability/test_progressive_playback_csv_capture.py::TestEnableCsvCapture::test_first_chunk_latency_row_columns_match_header PASSED [ 44%]
tests/unit/observability/test_progressive_playback_csv_capture.py::TestEnableCsvCapture::test_row_columns_match_header_for_all_three_metrics PASSED [ 44%]
tests/unit/observability/test_progressive_playback_csv_capture.py::TestEnableCsvCapture::test_stop_is_idempotent_and_removes_listener PASSED [ 44%]
tests/unit/observability/test_progressive_playback_csv_capture.py::TestMaybeEnableFromEnv::test_no_env_var_returns_none PASSED [ 44%]
tests/unit/observability/test_progressive_playback_csv_capture.py::TestMaybeEnableFromEnv::test_env_var_zero_returns_none PASSED [ 44%]
tests/unit/observability/test_progressive_playback_csv_capture.py::TestMaybeEnableFromEnv::test_env_var_one_creates_default_file_and_returns_stop PASSED [ 45%]
tests/unit/observability/test_progressive_playback_csv_capture.py::TestMaybeEnableFromEnv::test_env_var_open_failure_returns_none_does_not_raise PASSED [ 45%]
tests/unit/services/sessions/test_generation_session.py::TestEnums::test_session_state_has_exactly_eight_members PASSED [ 45%]
tests/unit/services/sessions/test_generation_session.py::TestEnums::test_session_state_values_are_lowercase_strings PASSED [ 45%]
tests/unit/services/sessions/test_generation_session.py::TestEnums::test_session_source_has_exactly_two_members PASSED [ 45%]
tests/unit/services/sessions/test_generation_session.py::TestValidTransitions::test_all_states_are_keys PASSED [ 45%]
tests/unit/services/sessions/test_generation_session.py::TestValidTransitions::test_pending_successors PASSED [ 45%]
tests/unit/services/sessions/test_generation_session.py::TestValidTransitions::test_generating_successors PASSED [ 45%]
tests/unit/services/sessions/test_generation_session.py::TestValidTransitions::test_ready_to_play_successors PASSED [ 45%]
tests/unit/services/sessions/test_generation_session.py::TestValidTransitions::test_playing_successors PASSED [ 45%]
tests/unit/services/sessions/test_generation_session.py::TestValidTransitions::test_terminal_chain_successors PASSED [ 45%]
tests/unit/services/sessions/test_generation_session.py::TestValidTransitions::test_discarded_is_terminal PASSED [ 45%]
tests/unit/services/sessions/test_generation_session.py::TestValidTransitions::test_every_non_terminal_state_has_at_least_one_successor PASSED [ 45%]
tests/unit/services/sessions/test_generation_session.py::TestValidTransitions::test_every_state_except_pending_is_reachable PASSED [ 45%]
tests/unit/services/sessions/test_generation_session.py::TestAppendChunk::test_valid_in_generating PASSED [ 45%]
tests/unit/services/sessions/test_generation_session.py::TestAppendChunk::test_invalid_outside_generating[SessionState.PENDING] PASSED [ 45%]
tests/unit/services/sessions/test_generation_session.py::TestAppendChunk::test_invalid_outside_generating[SessionState.READY_TO_PLAY] PASSED [ 45%]
tests/unit/services/sessions/test_generation_session.py::TestAppendChunk::test_invalid_outside_generating[SessionState.PLAYING] PASSED [ 45%]
tests/unit/services/sessions/test_generation_session.py::TestAppendChunk::test_invalid_outside_generating[SessionState.DONE] PASSED [ 45%]
tests/unit/services/sessions/test_generation_session.py::TestAppendChunk::test_invalid_outside_generating[SessionState.CANCELLED] PASSED [ 45%]
tests/unit/services/sessions/test_generation_session.py::TestAppendChunk::test_invalid_outside_generating[SessionState.ERROR] PASSED [ 45%]
tests/unit/services/sessions/test_generation_session.py::TestAppendChunk::test_invalid_outside_generating[SessionState.DISCARDED] PASSED [ 45%]
tests/unit/services/sessions/test_generation_session.py::TestFinalize::test_valid_in_generating_concatenates_and_clears PASSED [ 45%]
tests/unit/services/sessions/test_generation_session.py::TestFinalize::test_chunks_empty_after_finalize_returns PASSED [ 45%]
tests/unit/services/sessions/test_generation_session.py::TestFinalize::test_invalid_outside_generating[SessionState.PENDING] PASSED [ 45%]
tests/unit/services/sessions/test_generation_session.py::TestFinalize::test_invalid_outside_generating[SessionState.READY_TO_PLAY] PASSED [ 45%]
tests/unit/services/sessions/test_generation_session.py::TestFinalize::test_invalid_outside_generating[SessionState.PLAYING] PASSED [ 45%]
tests/unit/services/sessions/test_generation_session.py::TestFinalize::test_invalid_outside_generating[SessionState.DONE] PASSED [ 45%]
tests/unit/services/sessions/test_generation_session.py::TestFinalize::test_invalid_outside_generating[SessionState.CANCELLED] PASSED [ 45%]
tests/unit/services/sessions/test_generation_session.py::TestFinalize::test_invalid_outside_generating[SessionState.ERROR] PASSED [ 46%]
tests/unit/services/sessions/test_generation_session.py::TestFinalize::test_invalid_outside_generating[SessionState.DISCARDED] PASSED [ 46%]
tests/unit/services/sessions/test_generation_session.py::TestFinalize::test_finalize_empty_chunks_raises_value_error PASSED [ 46%]
tests/unit/services/sessions/test_generation_session.py::TestMarkPlaying::test_valid_in_ready_to_play PASSED [ 46%]
tests/unit/services/sessions/test_generation_session.py::TestMarkPlaying::test_invalid_outside_ready_to_play[SessionState.PENDING] PASSED [ 46%]
tests/unit/services/sessions/test_generation_session.py::TestMarkPlaying::test_invalid_outside_ready_to_play[SessionState.GENERATING] PASSED [ 46%]
tests/unit/services/sessions/test_generation_session.py::TestMarkPlaying::test_invalid_outside_ready_to_play[SessionState.PLAYING] PASSED [ 46%]
tests/unit/services/sessions/test_generation_session.py::TestMarkPlaying::test_invalid_outside_ready_to_play[SessionState.DONE] PASSED [ 46%]
tests/unit/services/sessions/test_generation_session.py::TestMarkPlaying::test_invalid_outside_ready_to_play[SessionState.CANCELLED] PASSED [ 46%]
tests/unit/services/sessions/test_generation_session.py::TestMarkPlaying::test_invalid_outside_ready_to_play[SessionState.ERROR] PASSED [ 46%]
tests/unit/services/sessions/test_generation_session.py::TestMarkPlaying::test_invalid_outside_ready_to_play[SessionState.DISCARDED] PASSED [ 46%]
tests/unit/services/sessions/test_generation_session.py::TestMarkAudible::test_valid_in_playing_does_not_transition PASSED [ 46%]
tests/unit/services/sessions/test_generation_session.py::TestMarkAudible::test_invalid_outside_playing[SessionState.PENDING] PASSED [ 46%]
tests/unit/services/sessions/test_generation_session.py::TestMarkAudible::test_invalid_outside_playing[SessionState.GENERATING] PASSED [ 46%]
tests/unit/services/sessions/test_generation_session.py::TestMarkAudible::test_invalid_outside_playing[SessionState.READY_TO_PLAY] PASSED [ 46%]
tests/unit/services/sessions/test_generation_session.py::TestMarkAudible::test_invalid_outside_playing[SessionState.DONE] PASSED [ 46%]
tests/unit/services/sessions/test_generation_session.py::TestMarkAudible::test_invalid_outside_playing[SessionState.CANCELLED] PASSED [ 46%]
tests/unit/services/sessions/test_generation_session.py::TestMarkAudible::test_invalid_outside_playing[SessionState.ERROR] PASSED [ 46%]
tests/unit/services/sessions/test_generation_session.py::TestMarkAudible::test_invalid_outside_playing[SessionState.DISCARDED] PASSED [ 46%]
tests/unit/services/sessions/test_generation_session.py::TestMarkDone::test_valid_in_playing PASSED [ 46%]
tests/unit/services/sessions/test_generation_session.py::TestMarkDone::test_invalid_outside_playing[SessionState.PENDING] PASSED [ 46%]
tests/unit/services/sessions/test_generation_session.py::TestMarkDone::test_invalid_outside_playing[SessionState.GENERATING] PASSED [ 46%]
tests/unit/services/sessions/test_generation_session.py::TestMarkDone::test_invalid_outside_playing[SessionState.READY_TO_PLAY] PASSED [ 46%]
tests/unit/services/sessions/test_generation_session.py::TestMarkDone::test_invalid_outside_playing[SessionState.DONE] PASSED [ 46%]
tests/unit/services/sessions/test_generation_session.py::TestMarkDone::test_invalid_outside_playing[SessionState.CANCELLED] PASSED [ 46%]
tests/unit/services/sessions/test_generation_session.py::TestMarkDone::test_invalid_outside_playing[SessionState.ERROR] PASSED [ 46%]
tests/unit/services/sessions/test_generation_session.py::TestMarkDone::test_invalid_outside_playing[SessionState.DISCARDED] PASSED [ 46%]
tests/unit/services/sessions/test_generation_session.py::TestCancel::test_valid_in_active_states[SessionState.PENDING] PASSED [ 46%]
tests/unit/services/sessions/test_generation_session.py::TestCancel::test_valid_in_active_states[SessionState.GENERATING] PASSED [ 46%]
tests/unit/services/sessions/test_generation_session.py::TestCancel::test_valid_in_active_states[SessionState.READY_TO_PLAY] PASSED [ 46%]
tests/unit/services/sessions/test_generation_session.py::TestCancel::test_valid_in_active_states[SessionState.PLAYING] PASSED [ 47%]
tests/unit/services/sessions/test_generation_session.py::TestCancel::test_invalid_in_terminal_or_already_settled_states[SessionState.DONE] PASSED [ 47%]
tests/unit/services/sessions/test_generation_session.py::TestCancel::test_invalid_in_terminal_or_already_settled_states[SessionState.DISCARDED] PASSED [ 47%]
tests/unit/services/sessions/test_generation_session.py::TestCancel::test_invalid_in_terminal_or_already_settled_states[SessionState.CANCELLED] PASSED [ 47%]
tests/unit/services/sessions/test_generation_session.py::TestCancel::test_invalid_in_terminal_or_already_settled_states[SessionState.ERROR] PASSED [ 47%]
tests/unit/services/sessions/test_generation_session.py::TestDiscard::test_valid_in_terminal_predecessors[SessionState.DONE] PASSED [ 47%]
tests/unit/services/sessions/test_generation_session.py::TestDiscard::test_valid_in_terminal_predecessors[SessionState.CANCELLED] PASSED [ 47%]
tests/unit/services/sessions/test_generation_session.py::TestDiscard::test_valid_in_terminal_predecessors[SessionState.ERROR] PASSED [ 47%]
tests/unit/services/sessions/test_generation_session.py::TestDiscard::test_invalid_outside_terminal_predecessors[SessionState.PENDING] PASSED [ 47%]
tests/unit/services/sessions/test_generation_session.py::TestDiscard::test_invalid_outside_terminal_predecessors[SessionState.GENERATING] PASSED [ 47%]
tests/unit/services/sessions/test_generation_session.py::TestDiscard::test_invalid_outside_terminal_predecessors[SessionState.READY_TO_PLAY] PASSED [ 47%]
tests/unit/services/sessions/test_generation_session.py::TestDiscard::test_invalid_outside_terminal_predecessors[SessionState.PLAYING] PASSED [ 47%]
tests/unit/services/sessions/test_generation_session.py::TestDiscard::test_invalid_outside_terminal_predecessors[SessionState.DISCARDED] PASSED [ 47%]
tests/unit/services/sessions/test_generation_session.py::TestCloneForReplay::test_requires_complete_audio PASSED [ 47%]
tests/unit/services/sessions/test_generation_session.py::TestCloneForReplay::test_shares_buffer_by_reference PASSED [ 47%]
tests/unit/services/sessions/test_generation_session.py::TestCloneForReplay::test_clone_has_distinct_session_id PASSED [ 47%]
tests/unit/services/sessions/test_generation_session.py::TestCloneForReplay::test_clone_starts_in_ready_to_play PASSED [ 47%]
tests/unit/services/sessions/test_generation_session.py::TestCloneForReplay::test_clone_default_source_is_preloaded PASSED [ 47%]
tests/unit/services/sessions/test_generation_session.py::TestCloneForReplay::test_clone_source_can_be_overridden PASSED [ 47%]
tests/unit/services/sessions/test_generation_session.py::TestCloneForReplay::test_clone_preserves_text_and_voice PASSED [ 47%]
tests/unit/services/sessions/test_generation_session.py::TestTransitionTo::test_valid_transition_records_duration PASSED [ 47%]
tests/unit/services/sessions/test_generation_session.py::TestTransitionTo::test_invalid_transition_raises PASSED [ 47%]
tests/unit/services/sessions/test_generation_session.py::TestTransitionTo::test_transition_does_not_emit_signal PASSED [ 47%]
tests/unit/services/sessions/test_generation_session.py::TestTransitionTo::test_state_durations_are_per_state_not_cumulative PASSED [ 47%]
tests/unit/services/sessions/test_generation_session.py::TestModuleBoundaries::test_no_pyqt_in_source PASSED [ 47%]
tests/unit/services/sessions/test_generation_session.py::TestModuleBoundaries::test_no_peer_service_imports PASSED [ 47%]
tests/unit/services/sessions/test_generation_session.py::TestModuleBoundaries::test_no_ui_imports PASSED [ 47%]
tests/unit/services/sessions/test_generation_session.py::TestModuleBoundaries::test_imports_only_from_allowlist PASSED [ 47%]
tests/unit/services/sessions/test_generation_session.py::TestDirectAssignmentGuard::test_self_state_assigned_only_inside_transition_to PASSED [ 47%]
tests/unit/services/sessions/test_generation_session.py::TestDirectAssignmentGuard::test_no_object_setattr_against_state_in_production PASSED [ 48%]
tests/unit/services/sessions/test_generation_session.py::TestPostInit::test_default_construction_succeeds PASSED [ 48%]
tests/unit/services/sessions/test_generation_session.py::TestPostInit::test_explicit_non_entry_state_raises[SessionState.GENERATING] PASSED [ 48%]
tests/unit/services/sessions/test_generation_session.py::TestPostInit::test_explicit_non_entry_state_raises[SessionState.PLAYING] PASSED [ 48%]
tests/unit/services/sessions/test_generation_session.py::TestPostInit::test_explicit_non_entry_state_raises[SessionState.DONE] PASSED [ 48%]
tests/unit/services/sessions/test_generation_session.py::TestPostInit::test_explicit_non_entry_state_raises[SessionState.CANCELLED] PASSED [ 48%]
tests/unit/services/sessions/test_generation_session.py::TestPostInit::test_explicit_non_entry_state_raises[SessionState.ERROR] PASSED [ 48%]
tests/unit/services/sessions/test_generation_session.py::TestPostInit::test_explicit_non_entry_state_raises[SessionState.DISCARDED] PASSED [ 48%]
tests/unit/services/sessions/test_generation_session.py::TestPostInit::test_ready_to_play_without_complete_audio_raises PASSED [ 48%]
tests/unit/services/sessions/test_generation_session.py::TestPostInit::test_ready_to_play_with_complete_audio_succeeds PASSED [ 48%]
tests/unit/services/sessions/test_generation_session.py::TestPostInit::test_clone_for_replay_still_starts_in_ready_to_play PASSED [ 48%]
tests/unit/services/sessions/test_generation_session.py::TestPublicExports::test_all_required_names_exported PASSED [ 48%]
tests/unit/services/sessions/test_generation_session.py::TestInvalidSessionStateError::test_attributes_are_set PASSED [ 48%]
tests/unit/services/sessions/test_generation_session.py::TestInvalidSessionStateError::test_str_mentions_method_and_states PASSED [ 48%]
tests/unit/services/sessions/test_playback_queue.py::TestPlaybackQueueAPI::test_playback_queue_is_qobject_subclass PASSED [ 48%]
tests/unit/services/sessions/test_playback_queue.py::TestPlaybackQueueAPI::test_playback_queue_depth_changed_is_class_signal PASSED [ 48%]
tests/unit/services/sessions/test_playback_queue.py::TestPlaybackQueueAPI::test_public_api_surface PASSED [ 48%]
tests/unit/services/sessions/test_playback_queue.py::TestPlaybackQueueAPI::test_depth_property_returns_int PASSED [ 48%]
tests/unit/services/sessions/test_playback_queue.py::TestPlaybackQueueAPI::test_repr_includes_depth PASSED [ 48%]
tests/unit/services/sessions/test_playback_queue.py::TestPlaybackQueueAPI::test_init_requires_qapplication PASSED [ 48%]
tests/unit/services/sessions/test_playback_queue.py::TestPlaybackQueueAPI::test_init_rejects_non_main_thread PASSED [ 48%]
tests/unit/services/sessions/test_playback_queue.py::TestPlaybackQueueAPI::test_init_rejects_worker_thread_even_with_main_thread_parent PASSED [ 48%]
tests/unit/services/sessions/test_playback_queue.py::TestFifoOrdering::test_enqueue_three_then_dequeue_returns_in_order PASSED [ 48%]
tests/unit/services/sessions/test_playback_queue.py::TestFifoOrdering::test_mixed_enqueue_dequeue_preserves_fifo PASSED [ 48%]
tests/unit/services/sessions/test_playback_queue.py::TestFifoOrdering::test_dequeue_on_empty_returns_none PASSED [ 48%]
tests/unit/services/sessions/test_playback_queue.py::TestFifoOrdering::test_peek_on_empty_returns_none PASSED [ 48%]
tests/unit/services/sessions/test_playback_queue.py::TestFifoOrdering::test_peek_does_not_mutate PASSED [ 48%]
tests/unit/services/sessions/test_playback_queue.py::TestFifoOrdering::test_internal_storage_is_deque PASSED [ 48%]
tests/unit/services/sessions/test_playback_queue.py::TestFifoOrdering::test_enqueue_rejects_non_string PASSED [ 48%]
tests/unit/services/sessions/test_playback_queue.py::TestDepthSignalEmission::test_enqueue_emits_post_mutation_depth PASSED [ 48%]
tests/unit/services/sessions/test_playback_queue.py::TestDepthSignalEmission::test_dequeue_emits_post_mutation_depth PASSED [ 49%]
tests/unit/services/sessions/test_playback_queue.py::TestDepthSignalEmission::test_dequeue_on_empty_does_not_emit PASSED [ 49%]
tests/unit/services/sessions/test_playback_queue.py::TestDepthSignalEmission::test_cancel_current_on_empty_does_not_emit PASSED [ 49%]
tests/unit/services/sessions/test_playback_queue.py::TestDepthSignalEmission::test_cancel_current_emits_post_mutation_depth PASSED [ 49%]
tests/unit/services/sessions/test_playback_queue.py::TestDepthSignalEmission::test_signal_payload_is_int_and_nonnegative PASSED [ 49%]
tests/unit/services/sessions/test_playback_queue.py::TestDepthSignalEmission::test_emit_history_with_mixed_operations PASSED [ 49%]
tests/unit/services/sessions/test_playback_queue.py::TestQtThreadAffinity::test_main_thread_mutation_succeeds PASSED [ 49%]
tests/unit/services/sessions/test_playback_queue.py::TestQtThreadAffinity::test_worker_thread_enqueue_raises PASSED [ 49%]
tests/unit/services/sessions/test_playback_queue.py::TestQtThreadAffinity::test_worker_thread_dequeue_raises PASSED [ 49%]
tests/unit/services/sessions/test_playback_queue.py::TestQtThreadAffinity::test_worker_thread_cancel_current_raises PASSED [ 49%]
tests/unit/services/sessions/test_playback_queue.py::TestQtThreadAffinity::test_main_thread_read_only_accessors_succeed PASSED [ 49%]
tests/unit/services/sessions/test_playback_queue.py::TestModuleBoundary::test_playback_queue_does_not_import_forbidden_modules PASSED [ 49%]
tests/unit/services/sessions/test_playback_queue.py::TestModuleBoundary::test_playback_queue_only_imports_allowed_modules PASSED [ 49%]
tests/unit/services/sessions/test_playback_queue.py::TestCancelCurrent::test_cancel_current_drops_head PASSED [ 49%]
tests/unit/services/sessions/test_playback_queue.py::TestCancelCurrent::test_cancel_current_returns_none PASSED [ 49%]
tests/unit/services/sessions/test_playback_queue.py::TestCancelCurrent::test_cancel_current_repeated_drains_queue PASSED [ 49%]
tests/unit/services/sessions/test_session_registry.py::TestSignalDeclarations::test_session_state_changed_exists_and_emits PASSED [ 49%]
tests/unit/services/sessions/test_session_registry.py::TestSignalDeclarations::test_current_session_changed_exists_and_emits_str_or_none PASSED [ 49%]
tests/unit/services/sessions/test_session_registry.py::TestSignalDeclarations::test_playback_queue_depth_changed_exists_and_emits_int PASSED [ 49%]
tests/unit/services/sessions/test_session_registry.py::TestSignalDeclarations::test_saveable_session_changed_exists_and_emits_str_or_none PASSED [ 49%]
tests/unit/services/sessions/test_session_registry.py::TestThreadOwnership::test_main_thread_construction_succeeds PASSED [ 49%]
tests/unit/services/sessions/test_session_registry.py::TestThreadOwnership::test_worker_thread_construction_raises PASSED [ 49%]
tests/unit/services/sessions/test_session_registry.py::TestThreadOwnership::test_worker_thread_construction_with_main_thread_parent_raises PASSED [ 49%]
tests/unit/services/sessions/test_session_registry.py::TestThreadOwnership::test_missing_qapplication_raises PASSED [ 49%]
tests/unit/services/sessions/test_session_registry.py::TestCreateSession::test_returns_non_empty_string PASSED [ 49%]
tests/unit/services/sessions/test_session_registry.py::TestCreateSession::test_session_is_stored PASSED [ 49%]
tests/unit/services/sessions/test_session_registry.py::TestCreateSession::test_session_starts_in_pending PASSED [ 49%]
tests/unit/services/sessions/test_session_registry.py::TestCreateSession::test_text_voice_source_propagate PASSED [ 49%]
tests/unit/services/sessions/test_session_registry.py::TestCreateSession::test_default_source_is_generated PASSED [ 49%]
tests/unit/services/sessions/test_session_registry.py::TestCreateSession::test_model_type_preserved_in_registry_metadata PASSED [ 50%]
tests/unit/services/sessions/test_session_registry.py::TestGet::test_get_returns_same_reference PASSED [ 50%]
tests/unit/services/sessions/test_session_registry.py::TestGet::test_get_returns_none_for_unknown PASSED [ 50%]
tests/unit/services/sessions/test_session_registry.py::TestMutationsEmitStateChanged::test_start_generation_emits PASSED [ 50%]
tests/unit/services/sessions/test_session_registry.py::TestMutationsEmitStateChanged::test_append_chunk_does_not_change_state_no_emission PASSED [ 50%]
tests/unit/services/sessions/test_session_registry.py::TestMutationsEmitStateChanged::test_finalize_emits_ready_to_play PASSED [ 50%]
tests/unit/services/sessions/test_session_registry.py::TestMutationsEmitStateChanged::test_mark_playing_emits PASSED [ 50%]
tests/unit/services/sessions/test_session_registry.py::TestMutationsEmitStateChanged::test_mark_audible_re_emits_unchanged_state PASSED [ 50%]
tests/unit/services/sessions/test_session_registry.py::TestMutationsEmitStateChanged::test_mark_done_emits PASSED [ 50%]
tests/unit/services/sessions/test_session_registry.py::TestMutationsEmitStateChanged::test_cancel_emits PASSED [ 50%]
tests/unit/services/sessions/test_session_registry.py::TestMutationsEmitStateChanged::test_discard_emits PASSED [ 50%]
tests/unit/services/sessions/test_session_registry.py::TestMutationsEmitStateChanged::test_set_error_transitions_to_error_and_emits PASSED [ 50%]
tests/unit/services/sessions/test_session_registry.py::TestMutationsThreadGuard::test_direct_mutation_from_worker_thread_raises PASSED [ 50%]
tests/unit/services/sessions/test_session_registry.py::TestMutationsThreadGuard::test_unknown_session_id_raises_key_error PASSED [ 50%]
tests/unit/services/sessions/test_session_registry.py::TestPostMutation::test_post_mutation_str_arg_dispatches_on_main_thread PASSED [ 50%]
tests/unit/services/sessions/test_session_registry.py::TestPostMutation::test_post_mutation_ndarray_arg_dispatches PASSED [ 50%]
tests/unit/services/sessions/test_session_registry.py::TestPostMutation::test_post_mutation_returns_immediately PASSED [ 50%]
tests/unit/services/sessions/test_session_registry.py::TestFocalSessionPriority::test_no_sessions_returns_none PASSED [ 50%]
tests/unit/services/sessions/test_session_registry.py::TestFocalSessionPriority::test_pending_does_not_qualify PASSED [ 50%]
tests/unit/services/sessions/test_session_registry.py::TestFocalSessionPriority::test_priority_a_playing_wins_over_generating PASSED [ 50%]
tests/unit/services/sessions/test_session_registry.py::TestFocalSessionPriority::test_priority_b_most_recent_active_wins_when_no_playing PASSED [ 50%]
tests/unit/services/sessions/test_session_registry.py::TestFocalSessionPriority::test_priority_c_terminal_within_decay_window PASSED [ 50%]
tests/unit/services/sessions/test_session_registry.py::TestFocalSessionPriority::test_priority_d_no_focal_after_decay_window PASSED [ 50%]
tests/unit/services/sessions/test_session_registry.py::TestFocalSessionPriority::test_active_beats_terminal_even_when_terminal_is_more_recent PASSED [ 50%]
tests/unit/services/sessions/test_session_registry.py::TestCurrentSessionChangedSignal::test_fires_on_focal_change PASSED [ 50%]
tests/unit/services/sessions/test_session_registry.py::TestCurrentSessionChangedSignal::test_does_not_fire_when_focal_unchanged PASSED [ 50%]
tests/unit/services/sessions/test_session_registry.py::TestCurrentSessionChangedSignal::test_fires_with_none_when_all_decay PASSED [ 50%]
tests/unit/services/sessions/test_session_registry.py::TestModuleBoundary::test_forbidden_imports_absent[from myvoice.services.qwen_tts_service] PASSED [ 50%]
tests/unit/services/sessions/test_session_registry.py::TestModuleBoundary::test_forbidden_imports_absent[from myvoice.services.audio_coordinator] PASSED [ 50%]
tests/unit/services/sessions/test_session_registry.py::TestModuleBoundary::test_forbidden_imports_absent[from myvoice.services.audio_service] PASSED [ 51%]
tests/unit/services/sessions/test_session_registry.py::TestModuleBoundary::test_forbidden_imports_absent[from myvoice.services.monitor_audio_service] PASSED [ 51%]
tests/unit/services/sessions/test_session_registry.py::TestModuleBoundary::test_forbidden_imports_absent[from myvoice.services.virtual_microphone_service] PASSED [ 51%]
tests/unit/services/sessions/test_session_registry.py::TestModuleBoundary::test_forbidden_imports_absent[from myvoice.services.model_loading_manager] PASSED [ 51%]
tests/unit/services/sessions/test_session_registry.py::TestModuleBoundary::test_forbidden_imports_absent[from myvoice.ui] PASSED [ 51%]
tests/unit/services/sessions/test_session_registry.py::TestModuleBoundary::test_forbidden_imports_absent[import myvoice.services.qwen_tts_service] PASSED [ 51%]
tests/unit/services/sessions/test_session_registry.py::TestModuleBoundary::test_forbidden_imports_absent[import myvoice.services.audio_coordinator] PASSED [ 51%]
tests/unit/services/sessions/test_session_registry.py::TestModuleBoundary::test_forbidden_imports_absent[import myvoice.ui] PASSED [ 51%]
tests/unit/services/sessions/test_session_registry.py::TestModuleBoundary::test_required_peer_import_present PASSED [ 51%]
tests/unit/services/sessions/test_session_registry.py::TestModuleBoundary::test_no_object_setattr_against_state_in_production PASSED [ 51%]
tests/unit/services/sessions/test_session_registry.py::TestSignalPayloadDiscipline::test_no_pyqtsignal_carries_generation_session PASSED [ 51%]
tests/unit/services/sessions/test_session_registry.py::TestSignalPayloadDiscipline::test_no_slot_takes_generation_session_param PASSED [ 51%]
tests/unit/services/sessions/test_session_registry.py::TestErrorPropagation::test_finalize_with_no_chunks_propagates_value_error PASSED [ 51%]
tests/unit/services/sessions/test_session_registry.py::TestErrorPropagation::test_invalid_state_method_propagates_invalid_session_state_error PASSED [ 51%]
tests/unit/services/sessions/test_session_registry.py::TestErrorPropagation::test_unknown_session_id_raises_key_error PASSED [ 51%]
tests/unit/services/sessions/test_session_registry.py::TestErrorPropagation::test_start_generation_from_invalid_state_names_public_slot PASSED [ 51%]
tests/unit/services/sessions/test_session_registry.py::TestErrorPropagation::test_set_error_from_done_names_public_slot PASSED [ 51%]
tests/unit/services/sessions/test_session_registry.py::TestErrorPropagation::test_cancel_from_terminal_state_propagates PASSED [ 51%]
tests/unit/services/sessions/test_session_registry.py::TestSetErrorIdempotency::test_set_error_on_already_errored_is_noop PASSED [ 51%]
tests/unit/services/sessions/test_session_registry.py::TestSetErrorIdempotency::test_set_error_propagates_from_other_terminals PASSED [ 51%]
tests/unit/services/sessions/test_session_registry.py::TestTrySetErrorTerminalAbsorption::test_try_set_error_transitions_active_session PASSED [ 51%]
tests/unit/services/sessions/test_session_registry.py::TestTrySetErrorTerminalAbsorption::test_try_set_error_absorbs_cancelled_silently PASSED [ 51%]
tests/unit/services/sessions/test_session_registry.py::TestTrySetErrorTerminalAbsorption::test_try_set_error_absorbs_done PASSED [ 51%]
tests/unit/services/sessions/test_session_registry.py::TestTrySetErrorTerminalAbsorption::test_try_set_error_absorbs_already_errored PASSED [ 51%]
tests/unit/services/sessions/test_session_registry.py::TestTrySetErrorTerminalAbsorption::test_try_set_error_is_registered_for_post_mutation PASSED [ 51%]
tests/unit/services/sessions/test_session_registry.py::TestMarkAudibleDuplicateSuppression::test_first_call_emits PASSED [ 51%]
tests/unit/services/sessions/test_session_registry.py::TestMarkAudibleDuplicateSuppression::test_second_call_does_not_re_emit PASSED [ 51%]
tests/unit/services/sessions/test_session_registry.py::TestDiscardCleanup::test_discarded_session_is_removed_from_registry PASSED [ 51%]
tests/unit/services/sessions/test_session_registry.py::TestDiscardCleanup::test_discard_cleans_up_model_type_metadata PASSED [ 51%]
tests/unit/services/sessions/test_session_registry.py::TestDiscardCleanup::test_emission_fires_before_cleanup PASSED [ 51%]
tests/unit/services/sessions/test_session_registry.py::TestPostMutationFailsLoudly::test_unknown_method_name_raises_runtime_error PASSED [ 52%]
tests/unit/services/sessions/test_session_registry.py::TestPostMutationFailsLoudly::test_non_slot_method_raises_runtime_error PASSED [ 52%]
tests/unit/services/sessions/test_session_registry.py::TestFocalPriorityExplicit::test_empty_registry_returns_none PASSED [ 52%]
tests/unit/services/sessions/test_session_registry.py::TestFocalPriorityExplicit::test_pending_only_returns_none PASSED [ 52%]
tests/unit/services/sessions/test_session_registry.py::TestFocalPriorityExplicit::test_priority_a_playing_wins_over_all_other_states PASSED [ 52%]
tests/unit/services/sessions/test_session_registry.py::TestFocalPriorityExplicit::test_priority_b_active_wins_when_no_playing_with_terminals_present PASSED [ 52%]
tests/unit/services/sessions/test_session_registry.py::TestFocalPriorityExplicit::test_priority_c_inclusive_at_boundary PASSED [ 52%]
tests/unit/services/sessions/test_session_registry.py::TestFocalPriorityExplicit::test_priority_c_excluded_just_past_boundary PASSED [ 52%]
tests/unit/services/sessions/test_session_registry.py::TestFocalPriorityExplicit::test_priority_d_pending_with_stale_terminal_returns_none PASSED [ 52%]
tests/unit/services/sessions/test_session_registry.py::TestFocalPriorityExplicit::test_focal_handoff_under_tight_clustering PASSED [ 52%]
tests/unit/services/sessions/test_session_registry.py::TestCurrentSessionChangedContract::test_no_emission_on_registry_construction PASSED [ 52%]
tests/unit/services/sessions/test_session_registry.py::TestCurrentSessionChangedContract::test_no_emission_on_create_session_when_focal_unchanged PASSED [ 52%]
tests/unit/services/sessions/test_session_registry.py::TestCurrentSessionChangedContract::test_one_emission_on_first_start_generation PASSED [ 52%]
tests/unit/services/sessions/test_session_registry.py::TestCurrentSessionChangedContract::test_no_emission_on_append_chunk PASSED [ 52%]
tests/unit/services/sessions/test_session_registry.py::TestCurrentSessionChangedContract::test_no_emission_on_mark_audible_substate_flip PASSED [ 52%]
tests/unit/services/sessions/test_session_registry.py::TestCurrentSessionChangedContract::test_double_mark_audible_emits_state_once_focal_zero PASSED [ 52%]
tests/unit/services/sessions/test_session_registry.py::TestCurrentSessionChangedContract::test_no_emission_on_set_error_idempotent_call PASSED [ 52%]
tests/unit/services/sessions/test_session_registry.py::TestCurrentSessionChangedContract::test_no_emission_on_finalize_within_tier_b PASSED [ 52%]
tests/unit/services/sessions/test_session_registry.py::TestCurrentSessionChangedContract::test_emission_on_discard_of_focal_with_no_successor PASSED [ 52%]
tests/unit/services/sessions/test_session_registry.py::TestCurrentSessionChangedContract::test_no_emission_on_cancel_then_discard_of_non_focal PASSED [ 52%]
tests/unit/services/sessions/test_session_registry.py::TestSaveableSlotPromotion::test_saveable_initially_none PASSED [ 52%]
tests/unit/services/sessions/test_session_registry.py::TestSaveableSlotPromotion::test_first_finalize_promotes_to_saveable PASSED [ 52%]
tests/unit/services/sessions/test_session_registry.py::TestSaveableSlotPromotion::test_finalize_captures_zero_copy_buffer_reference PASSED [ 52%]
tests/unit/services/sessions/test_session_registry.py::TestSaveableSlotPromotion::test_finalize_captures_metadata_correctly PASSED [ 52%]
tests/unit/services/sessions/test_session_registry.py::TestSaveableSlotPromotion::test_saveable_slot_is_frozen_dataclass PASSED [ 52%]
tests/unit/services/sessions/test_session_registry.py::TestSaveableSlotDemotion::test_second_finalize_demotes_to_previous PASSED [ 52%]
tests/unit/services/sessions/test_session_registry.py::TestSaveableSlotDemotion::test_third_finalize_drops_oldest_saveable PASSED [ 52%]
tests/unit/services/sessions/test_session_registry.py::TestSaveableSlotDemotion::test_demotion_preserves_buffer_after_session_discard PASSED [ 52%]
tests/unit/services/sessions/test_session_registry.py::TestSaveableSlotDemotion::test_at_most_two_slots_held PASSED [ 52%]
tests/unit/services/sessions/test_session_registry.py::TestPreloadedSourceExclusion::test_preloaded_finalize_does_not_promote PASSED [ 53%]
tests/unit/services/sessions/test_session_registry.py::TestPreloadedSourceExclusion::test_preloaded_mark_done_does_not_release_previous PASSED [ 53%]
tests/unit/services/sessions/test_session_registry.py::TestPreloadedSourceExclusion::test_preloaded_cancel_does_not_revert PASSED [ 53%]
tests/unit/services/sessions/test_session_registry.py::TestPreloadedSourceExclusion::test_preloaded_discard_does_not_modify_slot PASSED [ 53%]
tests/unit/services/sessions/test_session_registry.py::TestPreloadedSourceExclusion::test_source_field_read_at_slot_invocation PASSED [ 53%]
tests/unit/services/sessions/test_session_registry.py::TestPreviousSaveableReleaseOnMarkDone::test_mark_done_of_current_saveable_releases_previous PASSED [ 53%]
tests/unit/services/sessions/test_session_registry.py::TestPreviousSaveableReleaseOnMarkDone::test_mark_done_does_not_change_current_saveable PASSED [ 53%]
tests/unit/services/sessions/test_session_registry.py::TestPreviousSaveableReleaseOnMarkDone::test_mark_done_no_signal_emitted_for_release PASSED [ 53%]
tests/unit/services/sessions/test_session_registry.py::TestPreviousSaveableReleaseOnMarkDone::test_mark_done_of_non_saveable_does_not_release_previous PASSED [ 53%]
tests/unit/services/sessions/test_session_registry.py::TestPreviousSaveableReleaseOnMarkDone::test_mark_done_release_idempotent_when_previous_none PASSED [ 53%]
tests/unit/services/sessions/test_session_registry.py::TestSaveableCancelRevert::test_cancel_of_current_saveable_with_previous_reverts PASSED [ 53%]
tests/unit/services/sessions/test_session_registry.py::TestSaveableCancelRevert::test_cancel_of_current_saveable_without_previous_emits_none PASSED [ 53%]
tests/unit/services/sessions/test_session_registry.py::TestSaveableCancelRevert::test_cancel_of_non_saveable_session_no_signal PASSED [ 53%]
tests/unit/services/sessions/test_session_registry.py::TestSaveableCancelRevert::test_cancel_of_previous_saveable_clears_previous_slot PASSED [ 53%]
tests/unit/services/sessions/test_session_registry.py::TestSaveableCancelRevert::test_cancel_of_b_after_cancel_of_previous_a_emits_none PASSED [ 53%]
tests/unit/services/sessions/test_session_registry.py::TestSaveableCancelRevert::test_cancel_of_preloaded_does_not_revert PASSED [ 53%]
tests/unit/services/sessions/test_session_registry.py::TestDiscardDoesNotClearSlot::test_discard_of_previous_saveable_does_not_clear_slot PASSED [ 53%]
tests/unit/services/sessions/test_session_registry.py::TestDiscardDoesNotClearSlot::test_discard_of_current_saveable_does_not_clear_slot PASSED [ 53%]
tests/unit/services/sessions/test_session_registry.py::TestDiscardDoesNotClearSlot::test_discard_clears_session_record_but_not_slot PASSED [ 53%]
tests/unit/services/sessions/test_session_registry.py::TestDiscardDoesNotClearSlot::test_session_complete_audio_cleared_but_slot_audio_alive PASSED [ 53%]
tests/unit/services/sessions/test_session_registry.py::TestSaveableSessionIdProperty::test_saveable_session_id_is_none_initially PASSED [ 53%]
tests/unit/services/sessions/test_session_registry.py::TestSaveableSessionIdProperty::test_saveable_session_id_returns_current_saveable_id PASSED [ 53%]
tests/unit/services/sessions/test_session_registry.py::TestSaveableSessionIdProperty::test_saveable_session_id_updates_on_demotion PASSED [ 53%]
tests/unit/services/sessions/test_session_registry.py::TestSaveableSessionIdProperty::test_saveable_session_id_returns_none_after_cancel_with_no_previous PASSED [ 53%]
tests/unit/services/sessions/test_session_registry.py::TestSaveableSessionIdProperty::test_saveable_session_id_property_is_read_only PASSED [ 53%]
tests/unit/services/sessions/test_session_registry.py::TestSaveableAudioProperty::test_saveable_audio_returns_none_when_no_saveable PASSED [ 53%]
tests/unit/services/sessions/test_session_registry.py::TestSaveableAudioProperty::test_saveable_audio_returns_dataclass_with_buffer PASSED [ 53%]
tests/unit/services/sessions/test_session_registry.py::TestSaveableAudioProperty::test_saveable_audio_returns_zero_copy_reference PASSED [ 53%]
tests/unit/services/sessions/test_session_registry.py::TestSaveableAudioProperty::test_saveable_audio_is_frozen PASSED [ 53%]
tests/unit/services/sessions/test_session_registry.py::TestSaveableAudioProperty::test_saveable_audio_reexported_from_package PASSED [ 53%]
tests/unit/services/sessions/test_session_registry.py::TestSaveableAudioProperty::test_saveable_audio_eq_does_not_crash PASSED [ 54%]
tests/unit/services/sessions/test_session_registry.py::TestSaveableAudioProperty::test_saveable_audio_hash_does_not_crash PASSED [ 54%]
tests/unit/services/sessions/test_session_registry.py::TestSaveableEmissionOrdering::test_finalize_emits_in_order_state_focal_saveable PASSED [ 54%]
tests/unit/services/sessions/test_session_registry.py::TestSaveableEmissionOrdering::test_demotion_emits_in_order_state_focal_saveable PASSED [ 54%]
tests/unit/services/sessions/test_session_registry.py::TestSaveableEmissionOrdering::test_no_signal_emissions_when_finalize_raises PASSED [ 54%]
tests/unit/services/sessions/test_session_registry.py::TestSaveableModuleBoundary::test_no_audio_write_imports_in_registry[import soundfile] PASSED [ 54%]
tests/unit/services/sessions/test_session_registry.py::TestSaveableModuleBoundary::test_no_audio_write_imports_in_registry[from soundfile] PASSED [ 54%]
tests/unit/services/sessions/test_session_registry.py::TestSaveableModuleBoundary::test_no_audio_write_imports_in_registry[import wave] PASSED [ 54%]
tests/unit/services/sessions/test_session_registry.py::TestSaveableModuleBoundary::test_no_audio_write_imports_in_registry[from wave] PASSED [ 54%]
tests/unit/services/sessions/test_session_registry.py::TestSaveableModuleBoundary::test_dataclasses_import_present PASSED [ 54%]
tests/unit/services/sessions/test_session_registry.py::TestNetZeroFromPreviousStories::test_inert_signal_declaration_test_still_passes PASSED [ 54%]
tests/unit/services/sessions/test_session_registry.py::TestSetErrorSaveableInvalidation::test_set_error_of_current_saveable_reverts_to_previous PASSED [ 54%]
tests/unit/services/sessions/test_session_registry.py::TestSetErrorSaveableInvalidation::test_set_error_of_current_saveable_without_previous_emits_none PASSED [ 54%]
tests/unit/services/sessions/test_session_registry.py::TestSetErrorSaveableInvalidation::test_set_error_of_previous_saveable_clears_previous_slot PASSED [ 54%]
tests/unit/services/sessions/test_session_registry.py::TestSetErrorSaveableInvalidation::test_set_error_of_non_saveable_session_no_signal PASSED [ 54%]
tests/unit/services/sessions/test_session_registry.py::TestSetErrorSaveableInvalidation::test_set_error_of_preloaded_does_not_invalidate PASSED [ 54%]
tests/unit/services/sessions/test_session_registry.py::TestSetErrorSaveableInvalidation::test_set_error_idempotent_does_not_re_invalidate PASSED [ 54%]
tests/unit/services/sessions/test_session_registry.py::TestSaveableTypicalDemotion::test_demotion_with_focal_unchanged_emits_state_and_saveable_only PASSED [ 54%]
tests/unit/services/sessions/test_session_registry.py::TestDebugDumpHelper::test_debug_dump_returns_expected_keys PASSED [ 54%]
tests/unit/services/sessions/test_session_registry.py::TestDebugDumpHelper::test_debug_dump_after_finalize PASSED [ 54%]
tests/unit/services/sessions/test_session_registry.py::TestDebugDumpHelper::test_debug_dump_after_demotion PASSED [ 54%]
tests/unit/services/sessions/test_session_registry.py::TestDebugDumpHelper::test_debug_dump_after_cancel_revert PASSED [ 54%]
tests/unit/services/sessions/test_session_registry.py::TestCancelHookRegistration::test_register_cancel_hook_stores_callable_by_identity PASSED [ 54%]
tests/unit/services/sessions/test_session_registry.py::TestCancelHookRegistration::test_register_cancel_hook_replaces_prior_hook_silently PASSED [ 54%]
tests/unit/services/sessions/test_session_registry.py::TestCancelHookRegistration::test_register_cancel_hook_succeeds_for_unknown_session_id PASSED [ 54%]
tests/unit/services/sessions/test_session_registry.py::TestCancelHookRegistration::test_register_cancel_hook_validates_inputs[-<lambda>-session_id] PASSED [ 54%]
tests/unit/services/sessions/test_session_registry.py::TestCancelHookRegistration::test_register_cancel_hook_validates_inputs[None-<lambda>-session_id] PASSED [ 54%]
tests/unit/services/sessions/test_session_registry.py::TestCancelHookRegistration::test_register_cancel_hook_validates_inputs[valid-sid-None-hook] PASSED [ 54%]
tests/unit/services/sessions/test_session_registry.py::TestCancelHookRegistration::test_register_cancel_hook_does_not_emit_signals PASSED [ 54%]
tests/unit/services/sessions/test_session_registry.py::TestRequestCancelInvocation::test_request_cancel_fires_registered_hook_synchronously PASSED [ 55%]
tests/unit/services/sessions/test_session_registry.py::TestRequestCancelInvocation::test_request_cancel_no_op_when_no_hook_registered PASSED [ 55%]
tests/unit/services/sessions/test_session_registry.py::TestRequestCancelInvocation::test_request_cancel_does_not_transition_session_state PASSED [ 55%]
tests/unit/services/sessions/test_session_registry.py::TestRequestCancelInvocation::test_request_cancel_does_not_emit_session_state_changed PASSED [ 55%]
tests/unit/services/sessions/test_session_registry.py::TestRequestCancelInvocation::test_request_cancel_invokes_hook_on_calling_thread PASSED [ 55%]
tests/unit/services/sessions/test_session_registry.py::TestRequestCancelInvocation::test_request_cancel_records_metric_when_hook_raises PASSED [ 55%]
tests/unit/services/sessions/test_session_registry.py::TestRequestCancelInvocation::test_request_cancel_idempotent_when_called_repeatedly PASSED [ 55%]
tests/unit/services/sessions/test_session_registry.py::TestRequestCancelInvocation::test_cancel_slot_clears_registered_hook PASSED [ 55%]
tests/unit/services/sessions/test_session_registry.py::TestRequestCancelInvocation::test_mark_done_clears_registered_hook PASSED [ 55%]
tests/unit/services/sessions/test_session_registry.py::TestRequestCancelInvocation::test_set_error_clears_registered_hook PASSED [ 55%]
tests/unit/services/sessions/test_session_registry.py::TestRequestCancelInvocation::test_discard_clears_registered_hook_idempotently PASSED [ 55%]
tests/unit/services/sessions/test_session_registry.py::TestCancelChainModuleBoundary::test_no_forbidden_intra_project_imports[from myvoice.services.tts_streaming] PASSED [ 55%]
tests/unit/services/sessions/test_session_registry.py::TestCancelChainModuleBoundary::test_no_forbidden_intra_project_imports[import myvoice.services.tts_streaming] PASSED [ 55%]
tests/unit/services/sessions/test_session_registry.py::TestCancelChainModuleBoundary::test_no_forbidden_intra_project_imports[from myvoice.services.audio_coordinator] PASSED [ 55%]
tests/unit/services/sessions/test_session_registry.py::TestCancelChainModuleBoundary::test_no_forbidden_intra_project_imports[import myvoice.services.audio_coordinator] PASSED [ 55%]
tests/unit/services/sessions/test_session_registry.py::TestCancelChainModuleBoundary::test_no_forbidden_intra_project_imports[from myvoice.services.qwen_tts_service] PASSED [ 55%]
tests/unit/services/sessions/test_session_registry.py::TestCancelChainModuleBoundary::test_no_forbidden_intra_project_imports[import myvoice.services.qwen_tts_service] PASSED [ 55%]
tests/unit/services/sessions/test_session_registry.py::TestCancelChainModuleBoundary::test_callable_import_present PASSED [ 55%]
tests/unit/services/sessions/test_session_registry.py::TestCancelChainModuleBoundary::test_observability_metrics_import_present PASSED [ 55%]
tests/unit/services/sessions/test_session_registry.py::TestCancelChainModuleBoundary::test_imports_via_ast_walk PASSED [ 55%]
tests/unit/services/test_audio_coordinator.py::TestCancelPlaybackPerSession::test_cancel_playback_stops_monitor_and_virtual_for_known_session PASSED [ 55%]
tests/unit/services/test_audio_coordinator.py::TestCancelPlaybackPerSession::test_cancel_playback_returns_false_for_unknown_session_id PASSED [ 55%]
tests/unit/services/test_audio_coordinator.py::TestCancelPlaybackPerSession::test_cancel_playback_continues_after_monitor_stop_raises PASSED [ 55%]
tests/unit/services/test_audio_coordinator.py::TestCancelPlaybackPerSession::test_cancel_playback_removes_session_from_map PASSED [ 55%]
tests/unit/services/test_audio_coordinator.py::TestCancelPlaybackPerSession::test_cancel_playback_with_no_sinks_returns_false PASSED [ 55%]
tests/unit/services/test_audio_coordinator.py::TestPlayDualStreamSessionMap::test_play_dual_stream_registers_session_to_coordination_map_on_entry PASSED [ 55%]
tests/unit/services/test_audio_coordinator.py::TestPlayDualStreamSessionMap::test_play_dual_stream_clears_map_on_no_healthy_services_path PASSED [ 55%]
tests/unit/services/test_audio_coordinator.py::TestPlayDualStreamSessionMap::test_play_dual_stream_clears_map_on_exception_path PASSED [ 55%]
tests/unit/services/test_audio_coordinator.py::TestPlayDualStreamSessionMap::test_play_dual_stream_without_session_id_does_not_touch_map PASSED [ 55%]
tests/unit/services/test_audio_coordinator.py::TestCancelPlaybackInitializationOrder::test_session_to_coordination_map_initialized_empty PASSED [ 55%]
tests/unit/services/test_audio_coordinator.py::TestCancelPlaybackInitializationOrder::test_cancel_playback_method_exists_on_uninitialized_coordinator PASSED [ 56%]
tests/unit/services/test_audio_coordinator.py::TestStopStreamingSessionDrain::test_default_no_wait_preserves_legacy_immediate_teardown PASSED [ 56%]
tests/unit/services/test_audio_coordinator.py::TestStopStreamingSessionDrain::test_wait_for_drain_true_waits_remaining_audio_duration PASSED [ 56%]
tests/unit/services/test_audio_coordinator.py::TestStopStreamingSessionDrain::test_wait_for_drain_true_with_already_drained_last_chunk_still_waits_safety PASSED [ 56%]
tests/unit/services/test_audio_coordinator.py::TestStopStreamingSessionDrain::test_wait_for_drain_caps_at_max_drain_wait PASSED [ 56%]
tests/unit/services/test_audio_coordinator.py::TestStopStreamingSessionDrain::test_wait_for_drain_under_producer_faster_than_realtime_waits_for_queued_audio PASSED [ 56%]
tests/unit/services/test_audio_coordinator.py::TestStopStreamingSessionDrain::test_wait_for_drain_under_producer_slower_than_realtime_still_uses_last_chunk_math PASSED [ 56%]
tests/unit/services/test_audio_coordinator.py::TestStopStreamingSessionDrain::test_wait_for_drain_with_no_writes_does_not_wait PASSED [ 56%]
tests/unit/services/test_audio_coordinator.py::TestStopStreamingSessionDrain::test_play_audio_chunk_records_drain_trackers PASSED [ 56%]
tests/unit/services/test_audio_coordinator.py::TestStopStreamingSessionDrain::test_play_audio_chunk_holds_below_watermark_then_dispatches PASSED [ 56%]
tests/unit/services/test_audio_coordinator.py::TestStopStreamingSessionDrain::test_stop_resets_drain_trackers_for_next_session PASSED [ 56%]
tests/unit/services/test_audio_coordinator.py::TestStopStreamingSessionDrain::test_M6_producer_bottleneck_workload_still_drains_last_chunk PASSED [ 56%]
tests/unit/services/test_audio_coordinator.py::TestStopStreamingSessionDrain::test_tail_silence_pad_dispatches_through_services_before_drain PASSED [ 56%]
tests/unit/services/test_audio_coordinator.py::TestStopStreamingSessionDrain::test_tail_silence_pad_skipped_when_no_streaming_session_active PASSED [ 56%]
tests/unit/services/test_audio_coordinator.py::TestTtfaFirstPlaybackWriteBoundary::test_boundary_fires_once_across_multiple_chunks PASSED [ 56%]
tests/unit/services/test_audio_coordinator.py::TestTtfaFirstPlaybackWriteBoundary::test_boundary_rearms_on_next_session_with_fresh_session_id PASSED [ 56%]
tests/unit/services/test_audio_coordinator.py::TestTtfaFirstPlaybackWriteBoundary::test_session_id_defaults_to_none_for_legacy_callers PASSED [ 56%]
tests/unit/services/test_audio_coordinator.py::TestTargetAudioSecondsEstimator::test_matches_the_long_fixture_within_five_percent PASSED [ 56%]
tests/unit/services/test_audio_coordinator.py::TestTargetAudioSecondsEstimator::test_matches_the_short_fixture_within_five_percent PASSED [ 56%]
tests/unit/services/test_audio_coordinator.py::TestTargetAudioSecondsEstimator::test_bias_stays_conservative_not_short PASSED [ 56%]
tests/unit/services/test_audio_coordinator.py::TestTargetAudioSecondsEstimator::test_beats_the_pre_20_4_proportional_estimator PASSED [ 56%]
tests/unit/services/test_audio_coordinator.py::TestTargetAudioSecondsEstimator::test_zero_and_negative_lengths_are_safe PASSED [ 56%]
tests/unit/services/test_audio_coordinator.py::TestTargetAudioSecondsEstimator::test_monotonic_in_character_count PASSED [ 56%]
tests/unit/services/test_audio_coordinator.py::TestTargetAudioSecondsEstimator::test_cushion_budget_constant_is_below_the_guardrail PASSED [ 56%]
tests/unit/services/test_category_service.py::TestCategoryServiceInit::test_service_creation PASSED [ 56%]
tests/unit/services/test_category_service.py::TestCategoryServiceInit::test_custom_categories_starts_empty PASSED [ 56%]
tests/unit/services/test_category_service.py::TestCategoryServiceInit::test_loads_existing_categories PASSED [ 56%]
tests/unit/services/test_category_service.py::TestCategoryServiceInit::test_handles_invalid_json PASSED [ 56%]
tests/unit/services/test_category_service.py::TestAddCategory::test_add_category_success PASSED [ 56%]
tests/unit/services/test_category_service.py::TestAddCategory::test_add_category_empty_name_fails PASSED [ 57%]
tests/unit/services/test_category_service.py::TestAddCategory::test_add_category_whitespace_name_fails PASSED [ 57%]
tests/unit/services/test_category_service.py::TestAddCategory::test_add_duplicate_builtin_fails PASSED [ 57%]
tests/unit/services/test_category_service.py::TestAddCategory::test_add_duplicate_builtin_case_insensitive PASSED [ 57%]
tests/unit/services/test_category_service.py::TestAddCategory::test_add_duplicate_custom_fails PASSED [ 57%]
tests/unit/services/test_category_service.py::TestAddCategory::test_add_duplicate_custom_case_insensitive PASSED [ 57%]
tests/unit/services/test_category_service.py::TestAddCategory::test_add_category_persists_to_file PASSED [ 57%]
tests/unit/services/test_category_service.py::TestAddCategory::test_add_multiple_categories PASSED [ 57%]
tests/unit/services/test_category_service.py::TestRemoveCategory::test_remove_category_success PASSED [ 57%]
tests/unit/services/test_category_service.py::TestRemoveCategory::test_remove_nonexistent_fails PASSED [ 57%]
tests/unit/services/test_category_service.py::TestRemoveCategory::test_remove_persists_to_file PASSED [ 57%]
tests/unit/services/test_category_service.py::TestCategoryExists::test_builtin_exists PASSED [ 57%]
tests/unit/services/test_category_service.py::TestCategoryExists::test_builtin_exists_case_insensitive PASSED [ 57%]
tests/unit/services/test_category_service.py::TestCategoryExists::test_custom_exists PASSED [ 57%]
tests/unit/services/test_category_service.py::TestCategoryExists::test_custom_exists_case_insensitive PASSED [ 57%]
tests/unit/services/test_category_service.py::TestCategoryExists::test_nonexistent_returns_false PASSED [ 57%]
tests/unit/services/test_category_service.py::TestReload::test_reload_picks_up_external_changes PASSED [ 57%]
tests/unit/services/test_category_service.py::TestGetCustomCategories::test_returns_copy PASSED [ 57%]
tests/unit/services/test_compile_priming_audio_suppression.py::test_priming_reaches_no_user_facing_channel PASSED [ 57%]
tests/unit/services/test_compile_priming_audio_suppression.py::test_cold_path_warmup_reaches_no_user_facing_channel PASSED [ 57%]
tests/unit/services/test_compile_priming_audio_suppression.py::test_unsuppressed_request_uses_every_channel PASSED [ 57%]
tests/unit/services/test_compile_priming_audio_suppression.py::test_user_generation_during_priming_still_reaches_consumer PASSED [ 57%]
tests/unit/services/test_compile_priming_audio_suppression.py::test_priming_does_not_clear_a_pending_user_cancel PASSED [ 57%]
tests/unit/services/test_compile_priming_audio_suppression.py::TestSuppressionMechanismIsHardToBypass::test_every_user_facing_channel_call_site_is_suppression_gated PASSED [ 57%]
tests/unit/services/test_compile_priming_audio_suppression.py::TestSuppressionMechanismIsHardToBypass::test_no_emit_site_reads_the_raw_callback PASSED [ 57%]
tests/unit/services/test_compile_priming_audio_suppression.py::TestSuppressionMechanismIsHardToBypass::test_audio_chunk_sink_returns_none_for_suppressed_request PASSED [ 57%]
tests/unit/services/test_compile_priming_audio_suppression.py::TestSuppressionMechanismIsHardToBypass::test_priming_request_carries_the_flag PASSED [ 57%]
tests/unit/services/test_compile_priming_audio_suppression.py::TestSuppressionMechanismIsHardToBypass::test_priming_refuses_to_dispatch_when_the_flag_is_lost PASSED [ 57%]
tests/unit/services/test_compile_priming_audio_suppression.py::TestSuppressionMechanismIsHardToBypass::test_suppress_flag_defaults_to_false PASSED [ 57%]
tests/unit/services/test_compile_priming_audio_suppression.py::TestSuppressionMechanismIsHardToBypass::test_sentence_stream_chunk_copy_preserves_the_flag PASSED [ 58%]
tests/unit/services/test_compile_priming_generate_gate.py::test_gate_engages_and_releases_around_priming[cold] PASSED [ 58%]
tests/unit/services/test_compile_priming_generate_gate.py::test_gate_engages_and_releases_around_priming[warm] PASSED [ 58%]
tests/unit/services/test_compile_priming_generate_gate.py::test_the_visible_reason_is_the_existing_indicator_message PASSED [ 58%]
tests/unit/services/test_compile_priming_generate_gate.py::test_gate_is_not_driven_by_a_timer_or_a_duration PASSED [ 58%]
tests/unit/services/test_compile_priming_generate_gate.py::test_priming_raises_and_the_gate_still_releases[cold] PASSED [ 58%]
tests/unit/services/test_compile_priming_generate_gate.py::test_priming_raises_and_the_gate_still_releases[warm] PASSED [ 58%]
tests/unit/services/test_compile_priming_generate_gate.py::test_priming_skipped_and_the_gate_still_releases[cold] PASSED [ 58%]
tests/unit/services/test_compile_priming_generate_gate.py::test_priming_skipped_and_the_gate_still_releases[warm] PASSED [ 58%]
tests/unit/services/test_compile_priming_generate_gate.py::test_cancellation_releases_the_gate PASSED [ 58%]
tests/unit/services/test_compile_priming_generate_gate.py::test_key_model_mismatch_early_return_releases_the_gate PASSED [ 58%]
tests/unit/services/test_compile_priming_generate_gate.py::test_a_raising_consumer_cannot_strand_the_gate PASSED [ 58%]
tests/unit/services/test_compile_priming_generate_gate.py::test_no_consumer_wired_is_not_an_error PASSED [ 58%]
tests/unit/services/test_compile_priming_generate_gate.py::test_every_priming_call_site_sits_in_a_try_that_releases_the_gate PASSED [ 58%]
tests/unit/services/test_compile_priming_generate_gate.py::test_the_release_is_the_first_statement_of_each_finally PASSED [ 58%]
tests/unit/services/test_compile_priming_generate_gate.py::test_the_declaration_helper_cannot_raise PASSED [ 58%]
tests/unit/services/test_compile_priming_generate_gate.py::test_the_precompute_path_does_not_touch_the_gate PASSED [ 58%]
tests/unit/services/test_compile_priming_generate_gate.py::test_the_precompute_message_still_flows_ungated PASSED [ 58%]
tests/unit/services/test_compile_priming_generate_gate.py::test_env_disabled_warmup_never_engages_the_gate PASSED [ 58%]
tests/unit/services/test_compile_priming_generate_gate.py::test_tts_compile_off_never_engages_the_gate PASSED [ 58%]
tests/unit/services/test_compile_priming_generate_gate.py::test_warm_priming_disable_env_never_engages_the_gate PASSED [ 58%]
tests/unit/services/test_compile_priming_generate_gate.py::test_each_early_exit_gate_leaves_the_button_enabled[no_registry] PASSED [ 58%]
tests/unit/services/test_compile_priming_generate_gate.py::test_each_early_exit_gate_leaves_the_button_enabled[no_model_loaded] PASSED [ 58%]
tests/unit/services/test_compile_priming_generate_gate.py::test_each_early_exit_gate_leaves_the_button_enabled[pre_ampere] PASSED [ 58%]
tests/unit/services/test_compile_priming_generate_gate.py::test_each_early_exit_gate_leaves_the_button_enabled[probe_raises] PASSED [ 58%]
tests/unit/services/test_compile_priming_generate_gate.py::test_cache_key_computation_failure_never_engages_the_gate PASSED [ 58%]
tests/unit/services/test_compile_priming_resident_model.py::test_base_resident_is_primed_with_the_active_profiles_cached_prompt PASSED [ 58%]
tests/unit/services/test_compile_priming_resident_model.py::test_base_resident_without_a_cached_prompt_skips_with_a_distinct_reason PASSED [ 58%]
tests/unit/services/test_compile_priming_resident_model.py::test_base_resident_skips_on_every_prompt_miss_shape[no_manager] PASSED [ 58%]
tests/unit/services/test_compile_priming_resident_model.py::test_base_resident_skips_on_every_prompt_miss_shape[no_active_profile] PASSED [ 58%]
tests/unit/services/test_compile_priming_resident_model.py::test_base_resident_skips_on_every_prompt_miss_shape[non_cloned_active_profile] PASSED [ 59%]
tests/unit/services/test_compile_priming_resident_model.py::test_base_resident_skips_on_every_prompt_miss_shape[missing_file] PASSED [ 59%]
tests/unit/services/test_compile_priming_resident_model.py::test_base_resident_without_a_prompt_dispatches_nothing PASSED [ 59%]
tests/unit/services/test_compile_priming_resident_model.py::test_custom_voice_resident_preserves_the_story_18_4_request PASSED [ 59%]
tests/unit/services/test_compile_priming_resident_model.py::test_voice_design_resident_is_primed_with_a_synthetic_instruct PASSED [ 59%]
tests/unit/services/test_compile_priming_resident_model.py::test_no_resident_model_skips_rather_than_guessing PASSED [ 59%]
tests/unit/services/test_compile_priming_resident_model.py::test_no_registry_skips PASSED [ 59%]
tests/unit/services/test_compile_priming_resident_model.py::test_every_resident_request_shape_is_suppressed[QwenModelType.CUSTOM_VOICE] PASSED [ 59%]
tests/unit/services/test_compile_priming_resident_model.py::test_every_resident_request_shape_is_suppressed[QwenModelType.VOICE_DESIGN] PASSED [ 59%]
tests/unit/services/test_compile_priming_resident_model.py::test_every_resident_request_shape_is_suppressed[QwenModelType.BASE] PASSED [ 59%]
tests/unit/services/test_compile_priming_resident_model.py::test_priming_carries_the_resident_checkpoint_path_verbatim PASSED [ 59%]
tests/unit/services/test_compile_priming_resident_model.py::test_priming_never_loads_or_unloads_the_resident_model PASSED [ 59%]
tests/unit/services/test_compile_priming_resident_model.py::test_priming_never_moves_a_resident_base_model PASSED [ 59%]
tests/unit/services/test_compile_priming_resident_model.py::test_control_the_pre_20_3_hardcoded_model_type_would_have_switched PASSED [ 59%]
tests/unit/services/test_compile_priming_resident_model.py::test_mark_warm_is_not_called_when_priming_exercised_another_model PASSED [ 59%]
tests/unit/services/test_compile_priming_resident_model.py::test_mark_warm_is_not_called_on_model_identity_alone PASSED [ 59%]
tests/unit/services/test_compile_priming_resident_model.py::test_mark_warm_is_not_called_when_the_model_vanished_during_priming PASSED [ 59%]
tests/unit/services/test_compile_priming_resident_model.py::test_mark_warm_is_not_called_when_the_primed_type_contradicts_the_key PASSED [ 59%]
tests/unit/services/test_compile_priming_resident_model.py::test_mark_warm_is_called_when_the_key_and_the_priming_agree PASSED [ 59%]
tests/unit/services/test_compile_priming_resident_model.py::test_cold_path_skip_leaves_the_cache_cold_and_reports_the_reason PASSED [ 59%]
tests/unit/services/test_compile_priming_resident_model.py::test_warm_path_skip_reports_the_reason_and_never_marks PASSED [ 59%]
tests/unit/services/test_compile_priming_resident_model.py::test_no_model_loaded_is_not_the_outcome_when_a_model_is_resident PASSED [ 59%]
tests/unit/services/test_consumer_crossfade_scoping.py::test_default_keeps_the_64_sample_crossfade PASSED [ 59%]
tests/unit/services/test_consumer_crossfade_scoping.py::test_explicit_zero_neutralises_the_crossfade PASSED [ 59%]
tests/unit/services/test_consumer_crossfade_scoping.py::test_explicit_none_is_the_default_not_zero PASSED [ 59%]
tests/unit/services/test_consumer_crossfade_scoping.py::test_non_default_crossfade_is_logged PASSED [ 59%]
tests/unit/services/test_consumer_crossfade_scoping.py::test_service_declares_not_continuous_before_any_generation PASSED [ 59%]
tests/unit/services/test_consumer_crossfade_scoping.py::test_flag_is_true_only_for_a_state_carrying_decode_fn PASSED [ 59%]
tests/unit/services/test_consumer_crossfade_scoping.py::test_every_audio_chunk_producer_declares_stream_continuity PASSED [ 59%]
tests/unit/services/test_consumer_crossfade_scoping.py::test_sentence_stream_declares_discontinuous PASSED [ 60%]
tests/unit/services/test_consumer_crossfade_scoping.py::test_true_stream_reads_the_declaration_off_the_decode_fn PASSED [ 60%]
tests/unit/services/test_consumer_crossfade_scoping.py::test_consumer_asks_the_producer_and_defaults_to_today_s_behaviour PASSED [ 60%]
tests/unit/services/test_consumer_crossfade_scoping.py::test_orchestrator_requests_the_right_crossfade[True-0] PASSED [ 60%]
tests/unit/services/test_consumer_crossfade_scoping.py::test_orchestrator_requests_the_right_crossfade[False-None] PASSED [ 60%]
tests/unit/services/test_consumer_crossfade_scoping.py::test_orchestrator_requests_the_right_crossfade[None-None] PASSED [ 60%]
tests/unit/services/test_decode_window_geometry_coherence.py::test_warmup_cache_key_uses_the_live_streamer_window PASSED [ 60%]
tests/unit/services/test_decode_window_geometry_coherence.py::test_warmup_cache_key_moves_with_a_streamer_retune PASSED [ 60%]
tests/unit/services/test_decode_window_geometry_coherence.py::test_warmup_cache_key_follows_the_committed_geometry PASSED [ 60%]
tests/unit/services/test_decode_window_geometry_coherence.py::test_warmup_cache_key_reverts_to_the_lookahead_window_under_the_kill_switch PASSED [ 60%]
tests/unit/services/test_decode_window_geometry_coherence.py::test_warmup_key_and_engage_key_agree PASSED [ 60%]
tests/unit/services/test_decode_window_geometry_coherence.py::test_no_source_file_passes_a_literal_decode_window_frames PASSED [ 60%]
tests/unit/services/test_decode_window_geometry_coherence.py::test_engage_compile_optimizations_has_no_hard_coded_geometry_defaults PASSED [ 60%]
tests/unit/services/test_decode_window_geometry_coherence.py::test_model_registry_threads_the_streamer_geometry_into_the_compile_call PASSED [ 60%]
tests/unit/services/test_decode_window_geometry_coherence.py::test_no_source_file_re_derives_the_compile_window_from_raw_constants PASSED [ 60%]
tests/unit/services/test_lookahead_retirement.py::test_carried_state_retires_the_lookahead PASSED [ 60%]
tests/unit/services/test_lookahead_retirement.py::test_no_carried_state_keeps_the_configured_lookahead_exactly PASSED [ 60%]
tests/unit/services/test_lookahead_retirement.py::test_the_module_constant_is_not_globally_retired PASSED [ 60%]
tests/unit/services/test_lookahead_retirement.py::test_apply_retires_the_lookahead_and_the_overlap_with_it PASSED [ 60%]
tests/unit/services/test_lookahead_retirement.py::test_apply_without_carried_state_leaves_the_pre_20_6_geometry_exactly PASSED [ 60%]
tests/unit/services/test_lookahead_retirement.py::test_flipping_the_declaration_never_leaves_a_half_retired_geometry PASSED [ 60%]
tests/unit/services/test_lookahead_retirement.py::test_geometry_may_not_change_mid_generation PASSED [ 60%]
tests/unit/services/test_lookahead_retirement.py::test_a_reset_streamer_can_be_re_declared PASSED [ 60%]
tests/unit/services/test_lookahead_retirement.py::test_the_stateful_decoder_is_built_in_the_retired_geometry PASSED [ 60%]
tests/unit/services/test_lookahead_retirement.py::test_the_kill_switch_returns_the_stateless_adapter_undeclared PASSED [ 60%]
tests/unit/services/test_lookahead_retirement.py::test_a_build_time_refusal_also_returns_the_stateless_adapter PASSED [ 60%]
tests/unit/services/test_lookahead_retirement.py::test_true_stream_dispatch_acts_on_the_declaration_it_reads PASSED [ 60%]
tests/unit/services/test_lookahead_retirement.py::test_every_streamer_construction_declares_its_geometry PASSED [ 60%]
tests/unit/services/test_lookahead_retirement.py::test_nothing_sets_the_lookahead_behind_the_single_entry_point PASSED [ 60%]
tests/unit/services/test_lookahead_retirement.py::test_the_fallback_path_keeps_lookahead_trim_and_blend_together PASSED [ 60%]
tests/unit/services/test_lookahead_retirement.py::test_compile_geometry_follows_the_retirement PASSED [ 61%]
tests/unit/services/test_lookahead_retirement.py::test_compile_geometry_reverts_under_the_kill_switch PASSED [ 61%]
tests/unit/services/test_model_registry.py::test_app_settings_none_falls_back_to_legacy_dtype_param PASSED [ 61%]
tests/unit/services/test_model_registry.py::test_app_settings_none_with_float32_dtype_legacy_path PASSED [ 61%]
tests/unit/services/test_model_registry.py::test_app_settings_with_tts_precision_none_falls_back_to_legacy PASSED [ 61%]
tests/unit/services/test_model_registry.py::test_app_settings_fp32_override_wins_over_legacy_dtype PASSED [ 61%]
tests/unit/services/test_model_registry.py::test_app_settings_bf16_override_engages_on_cpu PASSED [ 61%]
tests/unit/services/test_model_registry.py::test_app_settings_auto_on_ampere_resolves_to_bfloat16[capability0] PASSED [ 61%]
tests/unit/services/test_model_registry.py::test_app_settings_auto_on_ampere_resolves_to_bfloat16[capability1] PASSED [ 61%]
tests/unit/services/test_model_registry.py::test_app_settings_auto_on_ampere_resolves_to_bfloat16[capability2] PASSED [ 61%]
tests/unit/services/test_model_registry.py::test_app_settings_auto_on_ampere_resolves_to_bfloat16[capability3] PASSED [ 61%]
tests/unit/services/test_model_registry.py::test_app_settings_auto_on_ampere_logs_precision_source_at_info PASSED [ 61%]
tests/unit/services/test_model_registry.py::test_app_settings_auto_on_cpu_resolves_to_float32 PASSED [ 61%]
tests/unit/services/test_model_registry.py::test_app_settings_auto_on_pre_ampere_resolves_to_float32 PASSED [ 61%]
tests/unit/services/test_model_registry.py::test_app_settings_stored_on_self_for_load_model_compile_engagement PASSED [ 61%]
tests/unit/services/test_model_registry.py::test_modelregistry_init_info_log_includes_compile_engaged_deferred PASSED [ 61%]
tests/unit/services/test_model_registry.py::test_telemetry_metric_emitted_exactly_once_per_construction PASSED [ 61%]
tests/unit/services/test_model_registry.py::test_telemetry_device_capability_is_string PASSED [ 61%]
tests/unit/services/test_model_registry.py::test_unload_hygiene_calls_helpers_in_order PASSED [ 61%]
tests/unit/services/test_model_registry.py::test_unload_hygiene_individual_failure_does_not_abort PASSED [ 61%]
tests/unit/services/test_model_registry.py::test_unload_model_replaces_legacy_block_when_fix_post_gen PASSED [ 61%]
tests/unit/services/test_model_registry.py::test_unload_model_uses_legacy_block_when_fix_off PASSED [ 61%]
tests/unit/services/test_qwen_tts_metric_migration_static.py::TestNoInlineMetricMath::test_inline_running_average_pattern_absent PASSED [ 61%]
tests/unit/services/test_qwen_tts_metric_migration_static.py::TestNoInlineMetricMath::test_aggregator_class_present PASSED [ 61%]
tests/unit/services/test_qwen_tts_metric_migration_static.py::TestNoInlineMetricMath::test_aggregator_running_average_inside_class PASSED [ 61%]
tests/unit/services/test_qwen_tts_metric_migration_static.py::TestNoInlineMetricMath::test_metrics_record_call_present PASSED [ 61%]
tests/unit/services/test_qwen_tts_metric_migration_static.py::TestNoInlineMetricMath::test_human_readable_first_chunk_log_preserved PASSED [ 61%]
tests/unit/services/test_qwen_tts_metric_migration_static.py::TestNoInlineMetricMath::test_streaming_requests_increment_preserved PASSED [ 61%]
tests/unit/services/test_qwen_tts_metric_migration_static.py::TestNoInlineMetricMath::test_observability_import_present PASSED [ 61%]
tests/unit/services/test_qwen_tts_service_compile_warmup.py::test_warmup_cache_hit_primes_warm_path PASSED [ 62%]
tests/unit/services/test_qwen_tts_service_compile_warmup.py::test_warm_priming_failure_is_not_fatal_and_leaves_cache_warm PASSED [ 62%]
tests/unit/services/test_qwen_tts_service_compile_warmup.py::test_warm_priming_env_gate_restores_pre_story_cache_hit PASSED [ 62%]
tests/unit/services/test_qwen_tts_service_compile_warmup.py::test_warmup_cache_miss_primes_and_marks_warm PASSED [ 62%]
tests/unit/services/test_qwen_tts_service_compile_warmup.py::test_warmup_cache_miss_priming_failure_leaves_cache_cold PASSED [ 62%]
tests/unit/services/test_qwen_tts_service_compile_warmup.py::test_warmup_disabled_by_env_var_short_circuits PASSED [ 62%]
tests/unit/services/test_qwen_tts_service_compile_warmup.py::test_warmup_pre_ampere_skips_priming PASSED [ 62%]
tests/unit/services/test_qwen_tts_service_compile_warmup.py::test_warmup_tts_compile_off_skips_priming_and_gate_log PASSED [ 62%]
tests/unit/services/test_qwen_tts_service_compile_warmup.py::test_warmup_no_model_loaded_defers_to_first_generation PASSED [ 62%]
tests/unit/services/test_qwen_tts_service_compile_warmup.py::test_warmup_no_model_registry_skips PASSED [ 62%]
tests/unit/services/test_qwen_tts_service_compile_warmup.py::test_warm_priming_does_not_erase_a_concurrent_precompute_indicator PASSED [ 62%]
tests/unit/services/test_qwen_tts_service_compile_warmup.py::test_warm_priming_clears_its_own_indicator PASSED [ 62%]
tests/unit/services/test_qwen_tts_service_dispatch.py::TestResolveStreamingMode::test_returns_true_stream_when_override_is_true_stream PASSED [ 62%]
tests/unit/services/test_qwen_tts_service_dispatch.py::TestResolveStreamingMode::test_returns_sentence_stream_when_override_is_sentence_stream PASSED [ 62%]
tests/unit/services/test_qwen_tts_service_dispatch.py::TestResolveStreamingMode::test_returns_batch_when_override_is_batch PASSED [ 62%]
tests/unit/services/test_qwen_tts_service_dispatch.py::TestResolveStreamingMode::test_consults_hardware_probe_when_override_is_none_cuda_available PASSED [ 62%]
tests/unit/services/test_qwen_tts_service_dispatch.py::TestResolveStreamingMode::test_consults_hardware_probe_when_override_is_none_cpu_only PASSED [ 62%]
tests/unit/services/test_qwen_tts_service_dispatch.py::TestResolveStreamingMode::test_resolves_default_when_app_settings_is_none PASSED [ 62%]
tests/unit/services/test_qwen_tts_service_dispatch.py::TestResolveStreamingMode::test_repeated_calls_are_deterministic PASSED [ 62%]
tests/unit/services/test_qwen_tts_service_dispatch.py::TestResolveStreamingMode::test_set_app_settings_swaps_reference_so_resolve_sees_new_override PASSED [ 62%]
tests/unit/services/test_qwen_tts_service_dispatch.py::TestResolveStreamingMode::test_app_settings_tts_precision_flows_through_to_model_registry PASSED [ 62%]
tests/unit/services/test_qwen_tts_service_dispatch.py::TestResolveStreamingMode::test_app_settings_tts_precision_bf16_flows_through PASSED [ 62%]
tests/unit/services/test_qwen_tts_service_dispatch.py::TestResolveStreamingMode::test_emits_no_metric PASSED [ 62%]
tests/unit/services/test_qwen_tts_service_dispatch.py::TestResolveStreamingMode::test_does_not_mutate_registry PASSED [ 62%]
tests/unit/services/test_qwen_tts_service_dispatch.py::TestResolveStreamingMode::test_invalid_override_raises_value_error PASSED [ 62%]
tests/unit/services/test_qwen_tts_service_dispatch.py::TestResolveStreamingMode::test_thin_shim_delegates_to_effective_streaming_mode PASSED [ 62%]
tests/unit/services/test_qwen_tts_service_dispatch.py::TestDispatchForkBranches::test_true_stream_routes_to_generate_true_stream PASSED [ 62%]
tests/unit/services/test_qwen_tts_service_dispatch.py::TestDispatchForkBranches::test_sentence_stream_routes_to_generate_streaming PASSED [ 62%]
tests/unit/services/test_qwen_tts_service_dispatch.py::TestDispatchForkBranches::test_batch_routes_to_generate PASSED [ 62%]
tests/unit/services/test_qwen_tts_service_dispatch.py::TestDispatchForkBranches::test_request_streaming_false_forces_batch_regardless_of_mode PASSED [ 62%]
tests/unit/services/test_qwen_tts_service_dispatch.py::TestThreeModeFallbackChain::test_true_stream_failure_falls_back_to_sentence_stream PASSED [ 63%]
tests/unit/services/test_qwen_tts_service_dispatch.py::TestThreeModeFallbackChain::test_sentence_stream_failure_falls_back_to_batch PASSED [ 63%]
tests/unit/services/test_qwen_tts_service_dispatch.py::TestThreeModeFallbackChain::test_all_three_modes_fail_returns_unrecoverable_response PASSED [ 63%]
tests/unit/services/test_qwen_tts_service_dispatch.py::TestThreeModeFallbackChain::test_dispatch_call_order_is_exact_chain PASSED [ 63%]
tests/unit/services/test_qwen_tts_service_dispatch.py::TestThreeModeFallbackChain::test_failed_request_counter_incremented_once_not_per_attempt PASSED [ 63%]
tests/unit/services/test_qwen_tts_service_dispatch.py::TestThreeModeFallbackChain::test_failed_request_counter_not_double_incremented_when_inner_method_already_counted PASSED [ 63%]
tests/unit/services/test_qwen_tts_service_dispatch.py::TestThreeModeFallbackChain::test_fallback_count_incremented_per_successful_transition PASSED [ 63%]
tests/unit/services/test_qwen_tts_service_dispatch.py::TestThreeModeFallbackChain::test_cancelled_error_is_not_a_fallback_trigger PASSED [ 63%]
tests/unit/services/test_qwen_tts_service_dispatch.py::TestUserOverrideCapsStartingMode::test_sentence_stream_override_skips_true_stream PASSED [ 63%]
tests/unit/services/test_qwen_tts_service_dispatch.py::TestUserOverrideCapsStartingMode::test_sentence_stream_override_falls_back_to_batch_on_failure PASSED [ 63%]
tests/unit/services/test_qwen_tts_service_dispatch.py::TestUserOverrideCapsStartingMode::test_batch_override_skips_true_stream_and_sentence_stream PASSED [ 63%]
tests/unit/services/test_qwen_tts_service_dispatch.py::TestUserOverrideCapsStartingMode::test_batch_override_returns_unrecoverable_on_batch_failure PASSED [ 63%]
tests/unit/services/test_qwen_tts_service_dispatch.py::TestStreamingModeMetric::test_one_streaming_mode_metric_for_first_attempt_success PASSED [ 63%]
tests/unit/services/test_qwen_tts_service_dispatch.py::TestStreamingModeMetric::test_two_streaming_mode_metrics_when_falls_back_once PASSED [ 63%]
tests/unit/services/test_qwen_tts_service_dispatch.py::TestStreamingModeFallbackMetric::test_no_fallback_metric_on_first_attempt_success PASSED [ 63%]
tests/unit/services/test_qwen_tts_service_dispatch.py::TestStreamingModeFallbackMetric::test_fallback_metric_fires_with_from_mode_and_reason_tags PASSED [ 63%]
tests/unit/services/test_qwen_tts_service_dispatch.py::TestStreamingModeFallbackMetric::test_unrecoverable_fallback_metric_when_all_modes_fail PASSED [ 63%]
tests/unit/services/test_qwen_tts_service_dispatch.py::TestStreamingModeFallbackMetric::test_reason_tag_truncated_to_200_chars PASSED [ 63%]
tests/unit/services/test_qwen_tts_service_dispatch.py::TestStreamingModeFallbackMetric::test_truncated_reason_ends_with_ellipsis PASSED [ 63%]
tests/unit/services/test_qwen_tts_service_dispatch.py::TestStreamingModeFallbackMetric::test_short_reason_is_not_suffixed PASSED [ 63%]
tests/unit/services/test_qwen_tts_service_dispatch.py::TestPublicEntryPointsRouteThroughDispatch::test_generate_custom_voice_routes_through_dispatch PASSED [ 63%]
tests/unit/services/test_qwen_tts_service_dispatch.py::TestPublicEntryPointsRouteThroughDispatch::test_generate_voice_design_routes_through_dispatch PASSED [ 63%]
tests/unit/services/test_qwen_tts_service_dispatch.py::TestPublicEntryPointsRouteThroughDispatch::test_generate_voice_clone_routes_through_dispatch PASSED [ 63%]
tests/unit/services/test_qwen_tts_service_dispatch.py::TestPublicEntryPointsRouteThroughDispatch::test_generate_optimized_voice_routes_through_dispatch PASSED [ 63%]
tests/unit/services/test_qwen_tts_service_session_integration.py::TestNoDirectSlotCalls::test_only_allowed_registry_attrs_accessed PASSED [ 63%]
tests/unit/services/test_qwen_tts_service_session_integration.py::TestNoDirectSlotCalls::test_post_mutation_is_present PASSED [ 63%]
tests/unit/services/test_qwen_tts_service_session_integration.py::TestNoSessionStateReads::test_no_session_dot_state_reads PASSED [ 63%]
tests/unit/services/test_qwen_tts_service_session_integration.py::TestNoSessionStateReads::test_no_session_dot_is_audible_reads PASSED [ 63%]
tests/unit/services/test_qwen_tts_service_session_integration.py::TestModuleImports::test_session_registry_import_present PASSED [ 63%]
tests/unit/services/test_qwen_tts_service_session_integration.py::TestModuleImports::test_session_source_import_present PASSED [ 64%]
tests/unit/services/test_qwen_tts_service_session_integration.py::TestVoiceLabelResolution::test_explicit_speaker_takes_priority PASSED [ 64%]
tests/unit/services/test_qwen_tts_service_session_integration.py::TestVoiceLabelResolution::test_default_ryan_falls_through_to_voice_description PASSED [ 64%]
tests/unit/services/test_qwen_tts_service_session_integration.py::TestVoiceLabelResolution::test_default_ryan_falls_through_to_checkpoint_stem PASSED [ 64%]
tests/unit/services/test_qwen_tts_service_session_integration.py::TestVoiceLabelResolution::test_default_ryan_falls_through_to_ref_audio_stem PASSED [ 64%]
tests/unit/services/test_qwen_tts_service_session_integration.py::TestVoiceLabelResolution::test_explicit_ryan_with_no_other_fields_returns_ryan PASSED [ 64%]
tests/unit/services/test_qwen_tts_service_session_integration.py::TestVoiceLabelResolution::test_voice_description_when_no_speaker PASSED [ 64%]
tests/unit/services/test_qwen_tts_service_session_integration.py::TestVoiceLabelResolution::test_checkpoint_stem_when_no_speaker_or_description PASSED [ 64%]
tests/unit/services/test_qwen_tts_service_session_integration.py::TestVoiceLabelResolution::test_unknown_when_all_empty PASSED [ 64%]
tests/unit/services/test_qwen_tts_service_session_integration.py::TestVoiceLabelResolution::test_model_type_resolves_display_name PASSED [ 64%]
tests/unit/services/test_qwen_tts_service_session_integration.py::TestVoiceLabelResolution::test_model_type_default_when_none PASSED [ 64%]
tests/unit/services/test_qwen_tts_service_session_integration.py::TestRegistryConstructionGuard::test_constructs_with_registry_none PASSED [ 64%]
tests/unit/services/test_qwen_tts_service_session_integration.py::TestRegistryConstructionGuard::test_constructs_with_real_registry PASSED [ 64%]
tests/unit/services/test_qwen_tts_service_session_integration.py::TestRegistryConstructionGuard::test_keyword_only_session_registry_parameter PASSED [ 64%]
tests/unit/services/test_qwen_tts_service_true_stream_callback.py::TestTrueStreamChunkCallbackEmission::test_true_stream_emits_chunk_callback_per_append PASSED [ 64%]
tests/unit/services/test_qwen_tts_service_true_stream_callback.py::TestTrueStreamChunkCallbackEmission::test_true_stream_emits_final_chunk_on_finalize PASSED [ 64%]
tests/unit/services/test_qwen_tts_service_true_stream_callback.py::TestTrueStreamChunkCallbackEmission::test_true_stream_callback_exception_does_not_break_dispatch PASSED [ 64%]
tests/unit/services/test_qwen_tts_service_true_stream_instrumentation.py::TestTrueStreamProgressiveChunkEmitMetric::test_emit_metric_fires_per_append_chunk PASSED [ 64%]
tests/unit/services/test_qwen_tts_service_true_stream_instrumentation.py::TestTrueStreamProgressiveChunkEmitMetric::test_emit_metric_tags_have_session_id_and_monotonic_chunk_index PASSED [ 64%]
tests/unit/services/test_qwen_tts_service_true_stream_instrumentation.py::TestTrueStreamProgressiveChunkEmitMetric::test_emit_metric_value_is_monotonically_non_decreasing PASSED [ 64%]
tests/unit/services/test_qwen_tts_service_true_stream_instrumentation.py::TestTtfaGenerationStartMetric::test_generation_start_metric_fires_once_per_dispatch PASSED [ 64%]
tests/unit/services/test_streaming_chunk_buffer.py::TestConstruction::test_rejects_negative_watermark PASSED [ 64%]
tests/unit/services/test_streaming_chunk_buffer.py::TestConstruction::test_rejects_negative_crossfade PASSED [ 64%]
tests/unit/services/test_streaming_chunk_buffer.py::TestConstruction::test_rejects_non_int16_sample_width PASSED [ 64%]
tests/unit/services/test_streaming_chunk_buffer.py::TestConstruction::test_rejects_zero_channels PASSED [ 64%]
tests/unit/services/test_streaming_chunk_buffer.py::TestConstruction::test_rejects_zero_sample_rate PASSED [ 64%]
tests/unit/services/test_streaming_chunk_buffer.py::TestConstruction::test_zero_watermark_and_crossfade_are_legal PASSED [ 64%]
tests/unit/services/test_streaming_chunk_buffer.py::TestWatermark::test_chunks_below_threshold_held_back PASSED [ 64%]
tests/unit/services/test_streaming_chunk_buffer.py::TestWatermark::test_threshold_cross_flushes_combined_payload PASSED [ 64%]
tests/unit/services/test_streaming_chunk_buffer.py::TestWatermark::test_is_final_short_chunk_flushes_immediately PASSED [ 65%]
tests/unit/services/test_streaming_chunk_buffer.py::TestWatermark::test_passthrough_after_watermark_filled PASSED [ 65%]
tests/unit/services/test_streaming_chunk_buffer.py::TestWatermark::test_zero_watermark_first_push_dispatches PASSED [ 65%]
tests/unit/services/test_streaming_chunk_buffer.py::TestWatermark::test_empty_push_without_final_returns_nothing PASSED [ 65%]
tests/unit/services/test_streaming_chunk_buffer.py::TestCrossfade::test_first_chunk_unmodified PASSED [ 65%]
tests/unit/services/test_streaming_chunk_buffer.py::TestCrossfade::test_second_chunk_head_blended_with_first_chunk_tail PASSED [ 65%]
tests/unit/services/test_streaming_chunk_buffer.py::TestCrossfade::test_crossfade_disabled_passes_through_unchanged PASSED [ 65%]
tests/unit/services/test_streaming_chunk_buffer.py::TestCrossfade::test_short_chunk_blends_only_available_samples PASSED [ 65%]
tests/unit/services/test_streaming_chunk_buffer.py::TestCrossfade::test_crossfade_does_not_clip_at_int16_extremes PASSED [ 65%]
tests/unit/services/test_streaming_chunk_buffer.py::TestCrossfade::test_stereo_crossfade_blends_each_channel_independently PASSED [ 65%]
tests/unit/services/test_streaming_chunk_buffer.py::TestAdaptivePreBufferConstruction::test_adaptive_requires_target_audio_seconds PASSED [ 65%]
tests/unit/services/test_streaming_chunk_buffer.py::TestAdaptivePreBufferConstruction::test_rejects_negative_target_audio_seconds PASSED [ 65%]
tests/unit/services/test_streaming_chunk_buffer.py::TestAdaptivePreBufferConstruction::test_rejects_negative_max_pre_delay PASSED [ 65%]
tests/unit/services/test_streaming_chunk_buffer.py::TestAdaptivePreBufferConstruction::test_rejects_zero_max_hold_chunks PASSED [ 65%]
tests/unit/services/test_streaming_chunk_buffer.py::TestAdaptivePreBufferConstruction::test_rejects_negative_cushion_budget PASSED [ 65%]
tests/unit/services/test_streaming_chunk_buffer.py::TestAdaptivePreBufferConstruction::test_is_adaptive_reflects_setting PASSED [ 65%]
tests/unit/services/test_streaming_chunk_buffer.py::TestAdaptivePreBufferBehavior::test_static_mode_unchanged_when_adaptive_disabled PASSED [ 65%]
tests/unit/services/test_streaming_chunk_buffer.py::TestAdaptivePreBufferBehavior::test_first_chunk_alone_does_not_dispatch_yet PASSED [ 65%]
tests/unit/services/test_streaming_chunk_buffer.py::TestAdaptivePreBufferBehavior::test_fast_producer_dispatches_after_chunk_2 PASSED [ 65%]
tests/unit/services/test_streaming_chunk_buffer.py::TestAdaptivePreBufferBehavior::test_slow_producer_holds_until_cushion_met PASSED [ 65%]
tests/unit/services/test_streaming_chunk_buffer.py::TestAdaptivePreBufferBehavior::test_is_final_flushes_regardless_of_cushion PASSED [ 65%]
tests/unit/services/test_streaming_chunk_buffer.py::TestAdaptivePreBufferBehavior::test_max_pre_delay_cap_kicks_in PASSED [ 65%]
tests/unit/services/test_streaming_chunk_buffer.py::TestAdaptivePreBufferBehavior::test_worst_p_tracking_grows_cushion_on_mid_gen_slowdown PASSED [ 65%]
tests/unit/services/test_streaming_chunk_buffer.py::TestAdaptivePreBufferBehavior::test_worst_p_does_not_shrink_on_subsequent_fast_chunk PASSED [ 65%]
tests/unit/services/test_streaming_chunk_buffer.py::TestAdaptivePreBufferBehavior::test_max_hold_chunks_safety_bound PASSED [ 65%]
tests/unit/services/test_streaming_chunk_buffer.py::TestFlushAndReset::test_flush_remaining_drains_unfilled_watermark PASSED [ 65%]
tests/unit/services/test_streaming_chunk_buffer.py::TestFlushAndReset::test_flush_remaining_after_watermark_filled_is_noop PASSED [ 65%]
tests/unit/services/test_streaming_chunk_buffer.py::TestFlushAndReset::test_flush_remaining_on_empty_buffer_is_noop PASSED [ 65%]
tests/unit/services/test_streaming_chunk_buffer.py::TestFlushAndReset::test_reset_clears_watermark_and_tail PASSED [ 65%]
tests/unit/services/test_streaming_chunk_buffer.py::TestCushionFeasibilityPolicy::test_unreachable_cushion_falls_back_to_the_static_watermark PASSED [ 65%]
tests/unit/services/test_streaming_chunk_buffer.py::TestCushionFeasibilityPolicy::test_low_p_host_starts_materially_sooner_than_the_cap PASSED [ 66%]
tests/unit/services/test_streaming_chunk_buffer.py::TestCushionFeasibilityPolicy::test_feasible_cushion_is_still_waited_out PASSED [ 66%]
tests/unit/services/test_streaming_chunk_buffer.py::TestCushionFeasibilityPolicy::test_at_the_shipped_geometry_the_feasible_branch_is_granularity_bound PASSED [ 66%]
tests/unit/services/test_streaming_chunk_buffer.py::TestCushionFeasibilityPolicy::test_budget_boundary_is_inclusive PASSED [ 66%]
tests/unit/services/test_streaming_chunk_buffer.py::TestCushionFeasibilityPolicy::test_fast_producer_regime_is_unchanged PASSED [ 66%]
tests/unit/services/test_streaming_chunk_buffer.py::TestCushionFeasibilityPolicy::test_unmeasurable_rate_does_not_buy_a_wait PASSED [ 66%]
tests/unit/services/test_streaming_chunk_buffer.py::TestCushionFeasibilityPolicy::test_max_pre_delay_is_not_the_binding_escape_across_the_p_sweep PASSED [ 66%]
tests/unit/services/test_streaming_chunk_buffer.py::TestStaticWatermarkPathUntouched::test_cushion_budget_has_no_effect_on_the_static_path PASSED [ 66%]
tests/unit/services/test_streaming_chunk_buffer.py::TestStaticWatermarkPathUntouched::test_static_release_point_is_exactly_the_watermark PASSED [ 66%]
tests/unit/services/test_template_service.py::TestTemplateServiceInit::test_service_creation PASSED [ 66%]
tests/unit/services/test_template_service.py::TestTemplateServiceInit::test_custom_templates_starts_empty PASSED [ 66%]
tests/unit/services/test_template_service.py::TestTemplateServiceInit::test_loads_existing_templates PASSED [ 66%]
tests/unit/services/test_template_service.py::TestAddTemplate::test_add_template_success PASSED [ 66%]
tests/unit/services/test_template_service.py::TestAddTemplate::test_add_template_empty_name_fails PASSED [ 66%]
tests/unit/services/test_template_service.py::TestAddTemplate::test_add_template_empty_description_fails PASSED [ 66%]
tests/unit/services/test_template_service.py::TestAddTemplate::test_add_template_empty_category_fails PASSED [ 66%]
tests/unit/services/test_template_service.py::TestAddTemplate::test_add_duplicate_builtin_fails PASSED [ 66%]
tests/unit/services/test_template_service.py::TestAddTemplate::test_add_duplicate_builtin_case_insensitive PASSED [ 66%]
tests/unit/services/test_template_service.py::TestAddTemplate::test_add_duplicate_custom_fails PASSED [ 66%]
tests/unit/services/test_template_service.py::TestAddTemplate::test_add_duplicate_custom_case_insensitive PASSED [ 66%]
tests/unit/services/test_template_service.py::TestAddTemplate::test_add_template_creates_file PASSED [ 66%]
tests/unit/services/test_template_service.py::TestAddTemplate::test_add_multiple_templates_same_category PASSED [ 66%]
tests/unit/services/test_template_service.py::TestRemoveTemplate::test_remove_template_success PASSED [ 66%]
tests/unit/services/test_template_service.py::TestRemoveTemplate::test_remove_nonexistent_category_fails PASSED [ 66%]
tests/unit/services/test_template_service.py::TestRemoveTemplate::test_remove_nonexistent_template_fails PASSED [ 66%]
tests/unit/services/test_template_service.py::TestRemoveTemplate::test_remove_deletes_file PASSED [ 66%]
tests/unit/services/test_template_service.py::TestGetTemplates::test_get_custom_templates_returns_copy PASSED [ 66%]
tests/unit/services/test_template_service.py::TestGetTemplates::test_get_templates_for_category_empty PASSED [ 66%]
tests/unit/services/test_template_service.py::TestGetTemplates::test_get_templates_for_category_returns_copy PASSED [ 66%]
tests/unit/services/test_template_service.py::TestTemplateExists::test_builtin_exists PASSED [ 67%]
tests/unit/services/test_template_service.py::TestTemplateExists::test_builtin_exists_case_insensitive PASSED [ 67%]
tests/unit/services/test_template_service.py::TestTemplateExists::test_custom_exists PASSED [ 67%]
tests/unit/services/test_template_service.py::TestTemplateExists::test_custom_exists_case_insensitive PASSED [ 67%]
tests/unit/services/test_template_service.py::TestTemplateExists::test_nonexistent_returns_false PASSED [ 67%]
tests/unit/services/test_template_service.py::TestReload::test_reload_picks_up_external_changes PASSED [ 67%]
tests/unit/services/test_template_service.py::TestUpdateTemplate::test_update_template_description_only PASSED [ 67%]
tests/unit/services/test_template_service.py::TestUpdateTemplate::test_update_template_name_only PASSED [ 67%]
tests/unit/services/test_template_service.py::TestUpdateTemplate::test_update_template_both PASSED [ 67%]
tests/unit/services/test_template_service.py::TestUpdateTemplate::test_update_nonexistent_category_fails PASSED [ 67%]
tests/unit/services/test_template_service.py::TestUpdateTemplate::test_update_nonexistent_template_fails PASSED [ 67%]
tests/unit/services/test_template_service.py::TestUpdateTemplate::test_update_to_duplicate_name_fails PASSED [ 67%]
tests/unit/services/test_template_service.py::TestUpdateTemplate::test_update_to_builtin_name_fails PASSED [ 67%]
tests/unit/services/test_template_service.py::TestUpdateTemplate::test_update_empty_name_fails PASSED [ 67%]
tests/unit/services/test_template_service.py::TestUpdateTemplate::test_update_empty_description_fails PASSED [ 67%]
tests/unit/services/test_template_service.py::TestIsCustomTemplate::test_builtin_is_not_custom PASSED [ 67%]
tests/unit/services/test_template_service.py::TestIsCustomTemplate::test_custom_is_custom PASSED [ 67%]
tests/unit/services/test_template_service.py::TestIsCustomTemplate::test_nonexistent_is_not_custom PASSED [ 67%]
tests/unit/services/test_template_service.py::TestSanitizeFilename::test_spaces_replaced PASSED [ 67%]
tests/unit/services/test_template_service.py::TestSanitizeFilename::test_special_chars_removed PASSED [ 67%]
tests/unit/services/test_voice_clone_prompt_cache.py::TestFourConditionGate::test_streaming_false_skips_precompute PASSED [ 67%]
tests/unit/services/test_voice_clone_prompt_cache.py::TestFourConditionGate::test_cpu_resolve_skips_precompute PASSED [ 67%]
tests/unit/services/test_voice_clone_prompt_cache.py::TestFourConditionGate::test_x_vector_only_mode_skips_precompute PASSED [ 67%]
tests/unit/services/test_voice_clone_prompt_cache.py::TestCacheKeyAndSerialization::test_cache_hit_skips_precompute_and_sets_request_prompt PASSED [ 67%]
tests/unit/services/test_voice_clone_prompt_cache.py::TestCacheKeyAndSerialization::test_cache_miss_computes_once_and_populates_cache PASSED [ 67%]
tests/unit/services/test_voice_clone_prompt_cache.py::TestCacheKeyAndSerialization::test_concurrent_same_voice_serializes PASSED [ 67%]
tests/unit/services/test_voice_clone_prompt_cache.py::TestCacheKeyAndSerialization::test_concurrent_different_voices_run_in_parallel PASSED [ 67%]
tests/unit/services/test_voice_clone_prompt_cache.py::TestEnsureTranscriptionForCloneVoice::test_in_memory_transcription_short_circuits PASSED [ 67%]
tests/unit/services/test_voice_clone_prompt_cache.py::TestEnsureTranscriptionForCloneVoice::test_txt_sidecar_short_circuits_whisper PASSED [ 67%]
tests/unit/services/test_voice_clone_prompt_cache.py::TestEnsureTranscriptionForCloneVoice::test_whisper_invoked_and_writes_sidecar PASSED [ 67%]
tests/unit/services/test_voice_clone_prompt_cache.py::TestEnsureTranscriptionForCloneVoice::test_whisper_retry_then_success PASSED [ 68%]
tests/unit/services/test_voice_clone_prompt_cache.py::TestEnsureTranscriptionForCloneVoice::test_whisper_three_failures_marks_failed_and_raises PASSED [ 68%]
tests/unit/services/test_voice_clone_prompt_cache.py::TestEnsureTranscriptionForCloneVoice::test_whisper_service_none_raises_without_attempting PASSED [ 68%]
tests/unit/services/test_voice_clone_prompt_cache.py::TestEnsureVoiceClonePromptForVoice::test_compute_writes_pt_and_meta PASSED [ 68%]
tests/unit/services/test_voice_clone_prompt_cache.py::TestEnsureVoiceClonePromptForVoice::test_persisted_pt_loads_on_second_call PASSED [ 68%]
tests/unit/services/test_voice_clone_prompt_cache.py::TestEnsureVoiceClonePromptForVoice::test_meta_size_mismatch_invalidates_pt PASSED [ 68%]
tests/unit/services/test_voice_clone_prompt_cache.py::TestEnsureVoiceClonePromptForVoice::test_pin_mismatch_invalidates_pt PASSED [ 68%]
tests/unit/services/test_voice_clone_prompt_cache.py::TestHydrateVoiceClonePromptCache::test_hydration_with_no_voice_manager_is_noop PASSED [ 68%]
tests/unit/services/test_voice_clone_prompt_cache.py::TestHydrateVoiceClonePromptCache::test_hydration_loads_valid_pt_files PASSED [ 68%]
tests/unit/services/test_voice_clone_prompt_cache.py::TestPreparingVoiceIndicator::test_callback_fires_on_miss_entry_and_clears_on_exit PASSED [ 68%]
tests/unit/services/test_voice_clone_prompt_cache.py::TestPreparingVoiceIndicator::test_callback_silent_on_cache_hit PASSED [ 68%]
tests/unit/services/test_voice_clone_prompt_cache.py::TestPreparingVoiceIndicator::test_callback_clears_on_precompute_failure PASSED [ 68%]
tests/unit/services/test_voice_clone_prompt_cache.py::TestNFR7GracefulDegradation::test_precompute_succeeds_request_carries_voice_clone_prompt PASSED [ 68%]
tests/unit/services/test_voice_clone_prompt_cache.py::TestNFR7GracefulDegradation::test_request_voice_clone_prompt_is_a_list_not_bare_item PASSED [ 68%]
tests/unit/services/test_voice_clone_prompt_cache.py::TestNFR7GracefulDegradation::test_in_memory_cache_invalidates_when_ref_audio_changes PASSED [ 68%]
tests/unit/services/test_voice_clone_prompt_cache.py::TestNFR7GracefulDegradation::test_in_memory_cache_invalidates_when_txt_sidecar_changes PASSED [ 68%]
tests/unit/services/test_voice_clone_prompt_cache.py::TestNFR7GracefulDegradation::test_cache_lru_evicts_at_cap PASSED [ 68%]
tests/unit/services/test_voice_clone_prompt_cache.py::TestNFR7GracefulDegradation::test_cache_lru_promotes_on_hit PASSED [ 68%]
tests/unit/services/test_voice_clone_prompt_cache.py::TestNFR7GracefulDegradation::test_cache_hit_then_oom_falls_back_to_sentence_stream PASSED [ 68%]
tests/unit/services/test_voice_clone_prompt_cache.py::TestNFR7GracefulDegradation::test_persistent_whisper_failure_falls_back PASSED [ 68%]
tests/unit/services/test_voice_clone_prompt_cache.py::TestNFR7GracefulDegradation::test_embedding_compute_failure_falls_back PASSED [ 68%]
tests/unit/services/test_voice_profile_manager_embedding.py::TestScanEmbeddingsDirectory::test_scan_empty_directory PASSED [ 68%]
tests/unit/services/test_voice_profile_manager_embedding.py::TestScanEmbeddingsDirectory::test_scan_nonexistent_directory PASSED [ 68%]
tests/unit/services/test_voice_profile_manager_embedding.py::TestScanEmbeddingsDirectory::test_scan_finds_embedding_voice PASSED [ 68%]
tests/unit/services/test_voice_profile_manager_embedding.py::TestScanEmbeddingsDirectory::test_scan_skips_existing_profile PASSED [ 68%]
tests/unit/services/test_voice_profile_manager_embedding.py::TestScanEmbeddingsDirectory::test_scan_skips_directory_without_embedding PASSED [ 68%]
tests/unit/services/test_voice_profile_manager_embedding.py::TestScanEmbeddingsDirectory::test_scan_loads_metadata PASSED [ 68%]
tests/unit/services/test_voice_profile_manager_embedding.py::TestScanEmbeddingsDirectory::test_scan_uses_metadata_name PASSED [ 68%]
tests/unit/services/test_voice_profile_manager_embedding.py::TestScanEmbeddingsDirectory::test_scan_multiple_voices PASSED [ 68%]
tests/unit/services/test_voice_profile_manager_embedding.py::TestGetEmbeddingProfiles::test_returns_only_embedding_profiles PASSED [ 69%]
tests/unit/services/test_voice_profile_manager_embedding.py::TestGetEmbeddingProfiles::test_returns_empty_if_no_embeddings PASSED [ 69%]
tests/unit/services/test_voice_profile_manager_embedding.py::TestEmbeddingCacheLoading::test_cache_loads_embedding_voice PASSED [ 69%]
tests/unit/services/test_voice_profile_manager_embedding.py::TestEmbeddingCacheLoading::test_cache_invalidates_missing_embedding PASSED [ 69%]
tests/unit/services/test_voice_profile_manager_embedding.py::TestEmbeddingServiceStart::test_start_scans_embeddings PASSED [ 69%]
tests/unit/services/tts_streaming/test_codec_state_cache.py::test_single_chunk_streaming_is_bit_for_bit_identical_to_forward PASSED [ 69%]
tests/unit/services/tts_streaming/test_codec_state_cache.py::test_chunked_with_state_equals_whole_sequence_to_the_float_floor[5] PASSED [ 69%]
tests/unit/services/tts_streaming/test_codec_state_cache.py::test_chunked_with_state_equals_whole_sequence_to_the_float_floor[8] PASSED [ 69%]
tests/unit/services/tts_streaming/test_codec_state_cache.py::test_chunked_with_state_equals_whole_sequence_to_the_float_floor[10] PASSED [ 69%]
tests/unit/services/tts_streaming/test_codec_state_cache.py::test_chunked_with_state_equals_whole_sequence_to_the_float_floor[13] PASSED [ 69%]
tests/unit/services/tts_streaming/test_codec_state_cache.py::test_transposed_conv_bias_is_not_double_counted PASSED [ 69%]
tests/unit/services/tts_streaming/test_codec_state_cache.py::test_carried_state_removes_the_edge_loss_that_independent_decodes_pay PASSED [ 69%]
tests/unit/services/tts_streaming/test_codec_state_cache.py::test_independent_decodes_reproduce_the_story_20_4_cold_start_defect PASSED [ 69%]
tests/unit/services/tts_streaming/test_codec_state_cache.py::test_state_is_per_instance_not_module_or_class_level PASSED [ 69%]
tests/unit/services/tts_streaming/test_codec_state_cache.py::test_reset_returns_the_decoder_to_a_fresh_stream PASSED [ 69%]
tests/unit/services/tts_streaming/test_codec_state_cache.py::test_reset_is_idempotent_and_safe_before_any_decode PASSED [ 69%]
tests/unit/services/tts_streaming/test_codec_state_cache.py::test_state_size_is_bounded_and_does_not_grow_with_utterance_length PASSED [ 69%]
tests/unit/services/tts_streaming/test_codec_state_cache.py::test_first_decode_pays_the_edge_loss_and_every_later_one_does_not PASSED [ 69%]
tests/unit/services/tts_streaming/test_codec_state_cache.py::test_geometry_is_derived_from_the_loaded_modules_not_assumed PASSED [ 69%]
tests/unit/services/tts_streaming/test_codec_state_cache.py::test_shipping_constants_are_what_the_worker_pins PASSED [ 69%]
tests/unit/services/tts_streaming/test_codec_state_cache.py::test_lookahead_frames_are_decoded_but_not_committed PASSED [ 69%]
tests/unit/services/tts_streaming/test_codec_state_cache.py::test_residual_chunk_commits_all_of_its_frames PASSED [ 69%]
tests/unit/services/tts_streaming/test_codec_state_cache.py::test_stitched_stream_reconstructs_the_whole_sequence_decode PASSED [ 69%]
tests/unit/services/tts_streaming/test_codec_state_cache.py::test_overlap_add_is_an_identity_under_carried_state PASSED [ 69%]
tests/unit/services/tts_streaming/test_codec_state_cache.py::test_probe_accepts_the_real_decoder_graph PASSED [ 69%]
tests/unit/services/tts_streaming/test_codec_state_cache.py::test_probe_refuses_an_unknown_leaf_module PASSED [ 69%]
tests/unit/services/tts_streaming/test_codec_state_cache.py::test_probe_refuses_a_strided_causal_conv PASSED [ 69%]
tests/unit/services/tts_streaming/test_codec_state_cache.py::test_probe_refuses_a_non_sliding_transformer PASSED [ 69%]
tests/unit/services/tts_streaming/test_codec_state_cache.py::test_probe_refuses_a_decoder_missing_the_expected_attributes PASSED [ 69%]
tests/unit/services/tts_streaming/test_codec_state_cache.py::test_build_declines_when_the_kill_switch_is_set PASSED [ 69%]
tests/unit/services/tts_streaming/test_codec_state_cache.py::test_kill_switch_only_disables_on_explicit_falsey_values[1] PASSED [ 70%]
tests/unit/services/tts_streaming/test_codec_state_cache.py::test_kill_switch_only_disables_on_explicit_falsey_values[true] PASSED [ 70%]
tests/unit/services/tts_streaming/test_codec_state_cache.py::test_kill_switch_only_disables_on_explicit_falsey_values[on] PASSED [ 70%]
tests/unit/services/tts_streaming/test_codec_state_cache.py::test_kill_switch_only_disables_on_explicit_falsey_values[] PASSED [ 70%]
tests/unit/services/tts_streaming/test_codec_state_cache.py::test_kill_switch_only_disables_on_explicit_falsey_values[yes] PASSED [ 70%]
tests/unit/services/tts_streaming/test_codec_state_cache.py::test_build_declines_when_the_geometry_does_not_match_the_pinned_constants PASSED [ 70%]
tests/unit/services/tts_streaming/test_codec_state_cache.py::test_build_declines_on_an_unsupported_graph_without_raising PASSED [ 70%]
tests/unit/services/tts_streaming/test_codec_state_cache.py::test_numerical_self_test_passes_on_the_real_decoder PASSED [ 70%]
tests/unit/services/tts_streaming/test_codec_state_cache.py::test_numerical_self_test_catches_a_broken_traversal PASSED [ 70%]
tests/unit/services/tts_streaming/test_codec_state_cache.py::test_stateful_decoder_advertises_itself_to_the_worker PASSED [ 70%]
tests/unit/services/tts_streaming/test_codec_state_cache.py::test_output_length_mismatch_raises_rather_than_posting_misaligned_audio PASSED [ 70%]
tests/unit/services/tts_streaming/test_codec_state_cache.py::test_empty_chunk_is_a_no_op PASSED [ 70%]
tests/unit/services/tts_streaming/test_codec_state_cache.py::test_build_accepts_the_retired_geometry PASSED [ 70%]
tests/unit/services/tts_streaming/test_codec_state_cache.py::test_retired_lookahead_decode_is_single_pass PASSED [ 70%]
tests/unit/services/tts_streaming/test_codec_state_cache.py::test_retired_lookahead_stitched_stream_reconstructs_the_whole_decode PASSED [ 70%]
tests/unit/services/tts_streaming/test_codec_state_cache.py::test_retired_lookahead_matches_the_lookahead_geometrys_output PASSED [ 70%]
tests/unit/services/tts_streaming/test_codec_state_cache.py::test_worker_refuses_a_decode_fn_built_for_a_different_window PASSED [ 70%]
tests/unit/services/tts_streaming/test_codec_state_cache.py::test_the_mismatch_the_worker_refuses_really_does_desync PASSED [ 70%]
tests/unit/services/tts_streaming/test_codec_token_streamer.py::test_streamer_inherits_basestreamer PASSED [ 70%]
tests/unit/services/tts_streaming/test_codec_token_streamer.py::test_end_of_stream_is_module_singleton PASSED [ 70%]
tests/unit/services/tts_streaming/test_codec_token_streamer.py::test_end_of_stream_is_not_a_list PASSED [ 70%]
tests/unit/services/tts_streaming/test_codec_token_streamer.py::test_package_all_lists_expected_symbols_in_order PASSED [ 70%]
tests/unit/services/tts_streaming/test_codec_token_streamer.py::test_default_construction_uses_documented_constants PASSED [ 70%]
tests/unit/services/tts_streaming/test_codec_token_streamer.py::test_committed_chunk_geometry_is_25_plus_5_after_the_20_4_revert PASSED [ 70%]
tests/unit/services/tts_streaming/test_codec_token_streamer.py::test_custom_construction_honors_all_parameters PASSED [ 70%]
tests/unit/services/tts_streaming/test_codec_token_streamer.py::test_chunk_size_must_be_positive[0] PASSED [ 70%]
tests/unit/services/tts_streaming/test_codec_token_streamer.py::test_chunk_size_must_be_positive[-1] PASSED [ 70%]
tests/unit/services/tts_streaming/test_codec_token_streamer.py::test_chunk_size_must_be_positive[-100] PASSED [ 70%]
tests/unit/services/tts_streaming/test_codec_token_streamer.py::test_lookahead_must_be_non_negative[-1] PASSED [ 70%]
tests/unit/services/tts_streaming/test_codec_token_streamer.py::test_lookahead_must_be_non_negative[-5] PASSED [ 71%]
tests/unit/services/tts_streaming/test_codec_token_streamer.py::test_queue_max_factor_must_be_positive[0] PASSED [ 71%]
tests/unit/services/tts_streaming/test_codec_token_streamer.py::test_queue_max_factor_must_be_positive[-1] PASSED [ 71%]
tests/unit/services/tts_streaming/test_codec_token_streamer.py::test_put_below_threshold_does_not_push PASSED [ 71%]
tests/unit/services/tts_streaming/test_codec_token_streamer.py::test_put_at_threshold_pushes_first_chunk_and_keeps_lookahead_tail PASSED [ 71%]
tests/unit/services/tts_streaming/test_codec_token_streamer.py::test_subsequent_chunks_share_lookahead_with_previous PASSED [ 71%]
tests/unit/services/tts_streaming/test_codec_token_streamer.py::test_single_put_releasing_multiple_chunks PASSED [ 71%]
tests/unit/services/tts_streaming/test_codec_token_streamer.py::test_extract_tokens_handles_multiple_input_shapes[value0] PASSED [ 71%]
tests/unit/services/tts_streaming/test_codec_token_streamer.py::test_extract_tokens_handles_multiple_input_shapes[value1] PASSED [ 71%]
tests/unit/services/tts_streaming/test_codec_token_streamer.py::test_extract_tokens_handles_multiple_input_shapes[value2] PASSED [ 71%]
tests/unit/services/tts_streaming/test_codec_token_streamer.py::test_extract_tokens_handles_multiple_input_shapes[value3] PASSED [ 71%]
tests/unit/services/tts_streaming/test_codec_token_streamer.py::test_extract_tokens_handles_zero_dim_scalar_tensor PASSED [ 71%]
tests/unit/services/tts_streaming/test_codec_token_streamer.py::test_put_with_batch_greater_than_one_tensor_raises_value_error PASSED [ 71%]
tests/unit/services/tts_streaming/test_codec_token_streamer.py::test_put_with_empty_input_is_a_safe_noop[empty0] PASSED [ 71%]
tests/unit/services/tts_streaming/test_codec_token_streamer.py::test_put_with_empty_input_is_a_safe_noop[empty1] PASSED [ 71%]
tests/unit/services/tts_streaming/test_codec_token_streamer.py::test_put_with_empty_input_is_a_safe_noop[empty2] PASSED [ 71%]
tests/unit/services/tts_streaming/test_codec_token_streamer.py::test_put_with_empty_input_is_a_safe_noop[empty3] PASSED [ 71%]
tests/unit/services/tts_streaming/test_codec_token_streamer.py::test_lookahead_zero_produces_non_overlapping_chunks PASSED [ 71%]
tests/unit/services/tts_streaming/test_codec_token_streamer.py::test_put_blocks_when_queue_is_full PASSED [ 71%]
tests/unit/services/tts_streaming/test_codec_token_streamer.py::test_end_flushes_residual_buffer_then_pushes_marker PASSED [ 71%]
tests/unit/services/tts_streaming/test_codec_token_streamer.py::test_end_with_empty_buffer_pushes_only_marker PASSED [ 71%]
tests/unit/services/tts_streaming/test_codec_token_streamer.py::test_end_when_buffer_emptied_by_chunk_boundary_pushes_only_marker PASSED [ 71%]
tests/unit/services/tts_streaming/test_codec_token_streamer.py::test_set_cancel_event_makes_put_a_noop PASSED [ 71%]
tests/unit/services/tts_streaming/test_codec_token_streamer.py::test_cancel_does_not_drain_existing_chunks PASSED [ 71%]
tests/unit/services/tts_streaming/test_codec_token_streamer.py::test_injected_cancel_event_observed_by_streamer PASSED [ 71%]
tests/unit/services/tts_streaming/test_codec_token_streamer.py::test_cancel_set_mid_multi_chunk_batch_stops_subsequent_pushes PASSED [ 71%]
tests/unit/services/tts_streaming/test_codec_token_streamer.py::test_reset_clears_buffer_queue_and_cancel_event PASSED [ 71%]
tests/unit/services/tts_streaming/test_codec_token_streamer.py::test_reset_allows_reuse_for_subsequent_session PASSED [ 71%]
tests/unit/services/tts_streaming/test_codec_token_streamer.py::test_module_does_not_import_forbidden_peers PASSED [ 71%]
tests/unit/services/tts_streaming/test_compile_cache.py::test_compute_key_is_stable_across_invocations PASSED [ 72%]
tests/unit/services/tts_streaming/test_compile_cache.py::test_compute_key_is_stable_across_python_processes PASSED [ 72%]
tests/unit/services/tts_streaming/test_compile_cache.py::test_compute_key_varies_with_each_of_seven_dimensions[qwen_tts_pin_hash-1ab0dd75] PASSED [ 72%]
tests/unit/services/tts_streaming/test_compile_cache.py::test_compute_key_varies_with_each_of_seven_dimensions[model_id-Qwen/Qwen3-TTS-12Hz-1.7B-Custom] PASSED [ 72%]
tests/unit/services/tts_streaming/test_compile_cache.py::test_compute_key_varies_with_each_of_seven_dimensions[precision_str-fp32] PASSED [ 72%]
tests/unit/services/tts_streaming/test_compile_cache.py::test_compute_key_varies_with_each_of_seven_dimensions[torch_version-2.9.0+cu121] PASSED [ 72%]
tests/unit/services/tts_streaming/test_compile_cache.py::test_compute_key_varies_with_each_of_seven_dimensions[decode_window_frames-80] PASSED [ 72%]
tests/unit/services/tts_streaming/test_compile_cache.py::test_compute_key_varies_with_each_of_seven_dimensions[cuda_capability-perturbed_value5] PASSED [ 72%]
tests/unit/services/tts_streaming/test_compile_cache.py::test_compute_key_varies_with_each_of_seven_dimensions[compile_mode-max-autotune] PASSED [ 72%]
tests/unit/services/tts_streaming/test_compile_cache.py::test_cache_root_windows_uses_localappdata PASSED [ 72%]
tests/unit/services/tts_streaming/test_compile_cache.py::test_cache_root_non_windows_uses_xdg_style_home PASSED [ 72%]
tests/unit/services/tts_streaming/test_compile_cache.py::test_is_warm_round_trip_with_mark_warm PASSED [ 72%]
tests/unit/services/tts_streaming/test_compile_cache.py::test_is_warm_returns_false_when_meta_deleted PASSED [ 72%]
tests/unit/services/tts_streaming/test_compile_cache.py::test_is_warm_defends_against_directory_prefix_collision PASSED [ 72%]
tests/unit/services/tts_streaming/test_compile_cache.py::test_is_warm_returns_false_for_unparseable_meta PASSED [ 72%]
tests/unit/services/tts_streaming/test_compile_cache.py::test_set_torchinductor_cache_dir_is_idempotent PASSED [ 72%]
tests/unit/services/tts_streaming/test_streaming_decoder.py::test_worker_importable_from_package_top_level PASSED [ 72%]
tests/unit/services/tts_streaming/test_streaming_decoder.py::test_package_all_lists_expected_symbols_in_declaration_order PASSED [ 72%]
tests/unit/services/tts_streaming/test_streaming_decoder.py::test_worker_class_has_documented_public_surface PASSED [ 72%]
tests/unit/services/tts_streaming/test_streaming_decoder.py::test_worker_is_not_a_thread_subclass_owns_thread_internally PASSED [ 72%]
tests/unit/services/tts_streaming/test_streaming_decoder.py::test_worker_does_not_auto_start_on_construction PASSED [ 72%]
tests/unit/services/tts_streaming/test_streaming_decoder.py::test_constructor_holds_streamer_decode_post_mutation_session_id_by_identity PASSED [ 72%]
tests/unit/services/tts_streaming/test_streaming_decoder.py::test_constructor_snapshots_streamer_chunk_size_and_lookahead PASSED [ 72%]
tests/unit/services/tts_streaming/test_streaming_decoder.py::test_constructor_shares_cancel_event_with_streamer PASSED [ 72%]
tests/unit/services/tts_streaming/test_streaming_decoder.py::test_constructor_default_tags PASSED [ 72%]
tests/unit/services/tts_streaming/test_streaming_decoder.py::test_constructor_custom_tags_pass_through_verbatim PASSED [ 72%]
tests/unit/services/tts_streaming/test_streaming_decoder.py::test_constructor_rejects_invalid_inputs[kwargs0-streamer] PASSED [ 72%]
tests/unit/services/tts_streaming/test_streaming_decoder.py::test_constructor_rejects_invalid_inputs[kwargs1-decode_fn] PASSED [ 72%]
tests/unit/services/tts_streaming/test_streaming_decoder.py::test_constructor_rejects_invalid_inputs[kwargs2-post_mutation] PASSED [ 72%]
tests/unit/services/tts_streaming/test_streaming_decoder.py::test_constructor_rejects_invalid_inputs[kwargs3-session_id] PASSED [ 72%]
tests/unit/services/tts_streaming/test_streaming_decoder.py::test_constructor_rejects_invalid_inputs[kwargs4-session_id] PASSED [ 73%]
tests/unit/services/tts_streaming/test_streaming_decoder.py::test_worker_uses_snapshot_geometry_after_streamer_mutated PASSED [ 73%]
tests/unit/services/tts_streaming/test_streaming_decoder.py::test_start_spawns_daemon_thread_with_named_for_session PASSED [ 73%]
tests/unit/services/tts_streaming/test_streaming_decoder.py::test_join_blocks_until_thread_exits PASSED [ 73%]
tests/unit/services/tts_streaming/test_streaming_decoder.py::test_double_start_raises_runtime_error PASSED [ 73%]
tests/unit/services/tts_streaming/test_streaming_decoder.py::test_happy_path_three_chunks_then_end_of_stream PASSED [ 73%]
tests/unit/services/tts_streaming/test_streaming_decoder.py::test_happy_path_trim_arithmetic_per_chunk PASSED [ 73%]
tests/unit/services/tts_streaming/test_streaming_decoder.py::test_residual_final_chunk_posted_without_trim PASSED [ 73%]
tests/unit/services/tts_streaming/test_streaming_decoder.py::test_cancel_set_before_consumption_drains_queue_no_decode PASSED [ 73%]
tests/unit/services/tts_streaming/test_streaming_decoder.py::test_cancel_set_mid_stream_drains_remaining_chunks PASSED [ 73%]
tests/unit/services/tts_streaming/test_streaming_decoder.py::test_cancel_event_flipped_during_decode_still_posts_in_flight_chunk_then_cancels PASSED [ 73%]
tests/unit/services/tts_streaming/test_streaming_decoder.py::test_decode_exception_caught_posts_cancel_and_records_decode_error_metric PASSED [ 73%]
tests/unit/services/tts_streaming/test_streaming_decoder.py::test_decode_exception_drains_remaining_queue PASSED [ 73%]
tests/unit/services/tts_streaming/test_streaming_decoder.py::test_decode_exception_on_second_chunk_posts_first_then_cancels PASSED [ 73%]
tests/unit/services/tts_streaming/test_streaming_decoder.py::test_decode_exception_uses_numeric_metric_value_so_real_metrics_record_does_not_crash PASSED [ 73%]
tests/unit/services/tts_streaming/test_streaming_decoder.py::test_drain_records_metric_on_unexpected_exception_and_still_posts_cancel PASSED [ 73%]
tests/unit/services/tts_streaming/test_streaming_decoder.py::test_post_terminal_records_metric_when_post_mutation_raises_and_does_not_kill_thread PASSED [ 73%]
tests/unit/services/tts_streaming/test_streaming_decoder.py::test_end_of_stream_with_no_chunks_routes_to_try_set_error_and_discard PASSED [ 73%]
tests/unit/services/tts_streaming/test_streaming_decoder.py::test_metrics_record_decode_chunk_latency_ms_per_chunk PASSED [ 73%]
tests/unit/services/tts_streaming/test_streaming_decoder.py::test_metrics_record_skipped_for_failed_decode PASSED [ 73%]
tests/unit/services/tts_streaming/test_streaming_decoder.py::test_module_imports_match_architecture_line_674_via_ast PASSED [ 73%]
tests/unit/services/tts_streaming/test_streaming_decoder.py::test_existing_tests_discover_and_import_module PASSED [ 73%]
tests/unit/services/tts_streaming/test_streaming_decoder.py::test_metrics_record_ttfa_first_decode_complete_only_for_first_chunk PASSED [ 73%]
tests/unit/services/tts_streaming/test_streaming_decoder.py::test_exact_splice_advances_by_chunk_size_frames_of_audio PASSED [ 73%]
tests/unit/services/tts_streaming/test_streaming_decoder.py::test_stitched_stream_is_time_contiguous_across_the_seam PASSED [ 73%]
tests/unit/services/tts_streaming/test_streaming_decoder.py::test_overlap_add_blends_the_previously_discarded_tail PASSED [ 73%]
tests/unit/services/tts_streaming/test_streaming_decoder.py::test_overlap_add_is_clamped_to_the_audio_the_chunks_actually_share PASSED [ 73%]
tests/unit/services/tts_streaming/test_streaming_decoder.py::test_residual_chunk_still_posted_whole_and_still_blended PASSED [ 73%]
tests/unit/services/tts_streaming/test_streaming_decoder.py::test_unrecognised_codec_geometry_falls_back_and_says_so PASSED [ 73%]
tests/unit/services/tts_streaming/test_streaming_decoder.py::test_codec_geometry_constants_match_the_measured_model PASSED [ 74%]
tests/unit/services/tts_streaming/test_streaming_decoder.py::test_worker_reads_the_carries_codec_state_flag_off_the_decode_fn PASSED [ 74%]
tests/unit/services/tts_streaming/test_streaming_decoder.py::test_state_cached_first_chunk_splices_short_by_the_edge_loss PASSED [ 74%]
tests/unit/services/tts_streaming/test_streaming_decoder.py::test_state_cached_stream_is_time_contiguous_through_every_seam PASSED [ 74%]
tests/unit/services/tts_streaming/test_streaming_decoder.py::test_state_cached_total_equals_a_whole_sequence_decode_to_the_sample PASSED [ 74%]
tests/unit/services/tts_streaming/test_streaming_decoder.py::test_state_cached_residual_chunk_is_posted_whole PASSED [ 74%]
tests/unit/services/tts_streaming/test_streaming_decoder.py::test_commit_predicate_matches_the_workers_full_window_predicate PASSED [ 74%]
tests/unit/services/tts_streaming/test_streaming_decoder.py::test_state_cached_overlap_add_blends_identical_audio PASSED [ 74%]
tests/unit/services/tts_streaming/test_streaming_decoder.py::test_stateless_path_is_untouched_by_the_state_cached_geometry PASSED [ 74%]
tests/unit/services/tts_streaming/test_streaming_decoder.py::test_state_cached_geometry_violation_still_falls_back_and_says_so PASSED [ 74%]
tests/unit/services/tts_streaming/test_streaming_decoder.py::test_codec_state_is_reset_on_session_start_and_on_completion PASSED [ 74%]
tests/unit/services/tts_streaming/test_streaming_decoder.py::test_codec_state_is_reset_on_cancel_before_the_cancel_post PASSED [ 74%]
tests/unit/services/tts_streaming/test_streaming_decoder.py::test_mid_stream_cancel_resets_codec_state PASSED [ 74%]
tests/unit/services/tts_streaming/test_streaming_decoder.py::test_a_raising_reset_cannot_break_the_cancel_chain PASSED [ 74%]
tests/unit/services/tts_streaming/test_streaming_decoder.py::test_decode_fn_without_reset_is_tolerated PASSED [ 74%]
tests/unit/services/tts_streaming/test_streaming_decoder.py::test_retired_lookahead_posts_the_whole_decode_untrimmed PASSED [ 74%]
tests/unit/services/tts_streaming/test_streaming_decoder.py::test_retired_lookahead_retains_no_tail_so_the_seam_blend_is_gone PASSED [ 74%]
tests/unit/services/tts_streaming/test_streaming_decoder.py::test_retired_lookahead_stream_is_time_contiguous_through_every_seam PASSED [ 74%]
tests/unit/services/tts_streaming/test_streaming_decoder.py::test_retired_lookahead_total_equals_a_whole_sequence_decode PASSED [ 74%]
tests/unit/services/tts_streaming/test_streaming_decoder.py::test_retired_commit_predicate_still_matches_the_decode_fn PASSED [ 74%]
tests/unit/services/tts_streaming/test_streaming_decoder.py::test_retired_lookahead_keeps_the_geometry_trip_wire_live PASSED [ 74%]
tests/unit/services/tts_streaming/test_streaming_mode.py::test_streaming_mode_has_exactly_three_members PASSED [ 74%]
tests/unit/services/tts_streaming/test_streaming_mode.py::test_streaming_mode_values_are_lowercase_strings PASSED [ 74%]
tests/unit/services/tts_streaming/test_streaming_mode.py::test_streaming_mode_round_trips_from_string PASSED [ 74%]
tests/unit/services/tts_streaming/test_streaming_mode.py::test_default_for_hardware_returns_true_stream_when_cuda_available PASSED [ 74%]
tests/unit/services/tts_streaming/test_streaming_mode.py::test_default_for_hardware_returns_sentence_stream_when_cuda_unavailable PASSED [ 74%]
tests/unit/services/tts_streaming/test_streaming_mode.py::test_effective_mode_with_none_override_delegates_to_probe_gpu PASSED [ 74%]
tests/unit/services/tts_streaming/test_streaming_mode.py::test_effective_mode_with_none_override_delegates_to_probe_cpu PASSED [ 74%]
tests/unit/services/tts_streaming/test_streaming_mode.py::test_effective_mode_with_override_returns_override_verbatim PASSED [ 74%]
tests/unit/services/tts_streaming/test_streaming_mode.py::test_effective_mode_with_true_stream_override_on_cpu_returns_true_stream PASSED [ 74%]
tests/unit/services/tts_streaming/test_streaming_mode.py::test_effective_mode_rejects_string_argument PASSED [ 75%]
tests/unit/services/tts_streaming/test_streaming_mode.py::test_app_settings_default_streaming_mode_override_is_none PASSED [ 75%]
tests/unit/services/tts_streaming/test_streaming_mode.py::test_app_settings_streaming_mode_override_round_trips_via_to_dict_from_dict PASSED [ 75%]
tests/unit/services/tts_streaming/test_streaming_mode.py::test_app_settings_default_override_round_trips_as_none_via_to_dict_from_dict PASSED [ 75%]
tests/unit/services/tts_streaming/test_streaming_mode.py::test_app_settings_invalid_override_falls_back_to_none_in_post_init PASSED [ 75%]
tests/unit/services/tts_streaming/test_streaming_mode.py::test_app_settings_invalid_override_emits_unknown_warning_code PASSED [ 75%]
tests/unit/services/tts_streaming/test_streaming_mode.py::test_reset_to_defaults_clears_streaming_mode_override PASSED [ 75%]
tests/unit/services/tts_streaming/test_torch_runtime.py::test_is_ampere_or_newer_returns_true_when_ampere_cuda_available PASSED [ 75%]
tests/unit/services/tts_streaming/test_torch_runtime.py::test_enable_engages_on_ampere_cuda_and_sets_all_three_flags PASSED [ 75%]
tests/unit/services/tts_streaming/test_torch_runtime.py::test_enable_logs_info_on_ampere_engagement PASSED [ 75%]
tests/unit/services/tts_streaming/test_torch_runtime.py::test_is_ampere_or_newer_returns_false_for_turing PASSED [ 75%]
tests/unit/services/tts_streaming/test_torch_runtime.py::test_enable_skips_on_pre_ampere_and_does_not_mutate_flags PASSED [ 75%]
tests/unit/services/tts_streaming/test_torch_runtime.py::test_is_ampere_or_newer_returns_false_when_cuda_unavailable PASSED [ 75%]
tests/unit/services/tts_streaming/test_torch_runtime.py::test_enable_skips_on_cpu_only_and_does_not_call_get_device_capability PASSED [ 75%]
tests/unit/services/tts_streaming/test_torch_runtime.py::test_enable_is_idempotent_second_call_does_not_re_emit PASSED [ 75%]
tests/unit/services/tts_streaming/test_torch_runtime.py::test_enable_called_twice_back_to_back_emits_metric_only_once PASSED [ 75%]
tests/unit/services/tts_streaming/test_torch_runtime.py::test_metric_tag_schema_is_string_device_capability[True-capability0-1.0-None-8.9] PASSED [ 75%]
tests/unit/services/tts_streaming/test_torch_runtime.py::test_metric_tag_schema_is_string_device_capability[True-capability1-1.0-None-10.0] PASSED [ 75%]
tests/unit/services/tts_streaming/test_torch_runtime.py::test_metric_tag_schema_is_string_device_capability[True-capability2-1.0-None-9.0] PASSED [ 75%]
tests/unit/services/tts_streaming/test_torch_runtime.py::test_metric_tag_schema_is_string_device_capability[True-capability3-0.0-pre_ampere-7.5] PASSED [ 75%]
tests/unit/services/tts_streaming/test_torch_runtime.py::test_metric_tag_schema_is_string_device_capability[False-None-0.0-cuda_unavailable-none] PASSED [ 75%]
tests/unit/services/tts_streaming/test_torch_runtime.py::test_enable_completes_when_a_metrics_listener_raises PASSED [ 75%]
tests/unit/services/tts_streaming/test_torch_runtime.py::test_resolve_tts_precision_fp32_override_returns_float32_regardless_of_hardware PASSED [ 75%]
tests/unit/services/tts_streaming/test_torch_runtime.py::test_resolve_tts_precision_fp32_override_returns_float32_on_cpu PASSED [ 75%]
tests/unit/services/tts_streaming/test_torch_runtime.py::test_resolve_tts_precision_bf16_override_returns_bfloat16_regardless_of_hardware PASSED [ 75%]
tests/unit/services/tts_streaming/test_torch_runtime.py::test_resolve_tts_precision_bf16_override_returns_bfloat16_on_pre_ampere PASSED [ 75%]
tests/unit/services/tts_streaming/test_torch_runtime.py::test_resolve_tts_precision_auto_returns_bfloat16_on_ampere_plus[capability0] PASSED [ 75%]
tests/unit/services/tts_streaming/test_torch_runtime.py::test_resolve_tts_precision_auto_returns_bfloat16_on_ampere_plus[capability1] PASSED [ 75%]
tests/unit/services/tts_streaming/test_torch_runtime.py::test_resolve_tts_precision_auto_returns_bfloat16_on_ampere_plus[capability2] PASSED [ 75%]
tests/unit/services/tts_streaming/test_torch_runtime.py::test_resolve_tts_precision_auto_returns_bfloat16_on_ampere_plus[capability3] PASSED [ 76%]
tests/unit/services/tts_streaming/test_torch_runtime.py::test_resolve_tts_precision_auto_returns_float32_on_pre_ampere PASSED [ 76%]
tests/unit/services/tts_streaming/test_torch_runtime.py::test_resolve_tts_precision_auto_returns_float32_on_cpu_only PASSED [ 76%]
tests/unit/services/tts_streaming/test_torch_runtime.py::test_resolve_tts_precision_none_behaves_identically_to_auto_on_ampere PASSED [ 76%]
tests/unit/services/tts_streaming/test_torch_runtime.py::test_resolve_tts_precision_none_behaves_identically_to_auto_on_cpu PASSED [ 76%]
tests/unit/services/tts_streaming/test_torch_runtime.py::test_resolve_tts_precision_does_not_emit_metrics PASSED [ 76%]
tests/unit/services/tts_streaming/test_torch_runtime.py::test_resolve_tts_precision_does_not_mutate_torch_backends_flags PASSED [ 76%]
tests/unit/services/tts_streaming/test_torch_runtime.py::test_engage_compile_cuda_unavailable_returns_eager_fallback PASSED [ 76%]
tests/unit/services/tts_streaming/test_torch_runtime.py::test_engage_compile_pre_ampere_returns_eager_fallback PASSED [ 76%]
tests/unit/services/tts_streaming/test_torch_runtime.py::test_engage_compile_user_disabled_returns_eager_fallback PASSED [ 76%]
tests/unit/services/tts_streaming/test_torch_runtime.py::test_engage_compile_pre_ampere_user_explicit_warns_and_returns_eager PASSED [ 76%]
tests/unit/services/tts_streaming/test_torch_runtime.py::test_engage_compile_engaged_cold_compile_populates_cache PASSED [ 76%]
tests/unit/services/tts_streaming/test_torch_runtime.py::test_engage_compile_engaged_warm_cache_short_circuits_probe_label PASSED [ 76%]
tests/unit/services/tts_streaming/test_torch_runtime.py::test_engage_compile_compile_failed_returns_eager_fallback PASSED [ 76%]
tests/unit/services/tts_streaming/test_torch_runtime.py::test_engage_compile_d25_invariant_raises_on_explicit_window_mismatch PASSED [ 76%]
tests/unit/services/tts_streaming/test_torch_runtime.py::test_engage_compile_resolves_window_from_live_streamer_constants PASSED [ 76%]
tests/unit/services/tts_streaming/test_torch_runtime.py::test_engage_compile_probe_failed_returns_eager_fallback PASSED [ 76%]
tests/unit/services/tts_streaming/test_torch_runtime.py::test_collect_diagnostic_returns_expected_keys_and_types PASSED [ 76%]
tests/unit/services/tts_streaming/test_torch_runtime.py::test_collect_diagnostic_probe_error_yields_sentinel PASSED [ 76%]
tests/unit/services/tts_streaming/test_torch_runtime.py::test_apply_reload_compile_fix_off_is_noop PASSED [ 76%]
tests/unit/services/tts_streaming/test_torch_runtime.py::test_apply_reload_compile_fix_unknown_warns_and_skips PASSED [ 76%]
tests/unit/services/tts_streaming/test_torch_runtime.py::test_apply_reload_compile_fix_unknown_stage_returns_silently PASSED [ 76%]
tests/unit/services/tts_streaming/test_torch_runtime.py::test_apply_reload_compile_fix_rthook_non_frozen_noop PASSED [ 76%]
tests/unit/test_app_compile_warmup_qasync.py::test_warmup_reaches_the_metric_under_a_real_qasync_loop PASSED [ 76%]
tests/unit/test_app_compile_warmup_qasync.py::test_the_plain_hand_off_is_destroyed_under_the_same_loop PASSED [ 76%]
tests/unit/test_app_compile_warmup_qasync.py::test_shield_wait_for_hand_off_is_also_destroyed PASSED [ 76%]
tests/unit/test_app_compile_warmup_sequencing.py::test_compile_warmup_is_scheduled_after_the_model_preload PASSED [ 76%]
tests/unit/test_app_compile_warmup_sequencing.py::test_warmup_is_not_awaited_inline_on_the_startup_path PASSED [ 76%]
tests/unit/test_app_compile_warmup_sequencing.py::test_warmup_hand_off_uses_the_qasync_safe_scheduler PASSED [ 76%]
tests/unit/test_app_compile_warmup_sequencing.py::test_hydration_task_handle_is_retained PASSED [ 76%]
tests/unit/test_app_compile_warmup_sequencing.py::test_entrypoint_runs_the_warmup_when_hydration_is_done PASSED [ 77%]
tests/unit/test_app_compile_warmup_sequencing.py::test_entrypoint_proceeds_without_awaiting_an_unfinished_hydration PASSED [ 77%]
tests/unit/test_app_compile_warmup_sequencing.py::test_entrypoint_warns_when_hydration_has_not_finished PASSED [ 77%]
tests/unit/test_app_compile_warmup_sequencing.py::test_entrypoint_runs_when_there_is_no_hydration_task PASSED [ 77%]
tests/unit/test_app_compile_warmup_sequencing.py::test_hand_off_defers_while_another_task_is_mid_step PASSED [ 77%]
tests/unit/test_app_compile_warmup_sequencing.py::test_hand_off_gives_up_deferring_rather_than_never_scheduling PASSED [ 77%]
tests/unit/test_app_compile_warmup_sequencing.py::test_run_async_task_returns_the_scheduled_future PASSED [ 77%]
tests/unit/test_app_progressive_playback.py::TestProgressivePlaybackConsumer::test_first_chunk_opens_streaming_session PASSED [ 77%]
tests/unit/test_app_progressive_playback.py::TestProgressivePlaybackConsumer::test_subsequent_chunks_call_play_audio_chunk PASSED [ 77%]
tests/unit/test_app_progressive_playback.py::TestProgressivePlaybackConsumer::test_final_chunk_closes_streaming_session PASSED [ 77%]
tests/unit/test_app_progressive_playback.py::TestProgressivePlaybackConsumer::test_sentence_stream_final_chunk_with_audio_is_played PASSED [ 77%]
tests/unit/test_app_progressive_playback.py::TestProgressivePlaybackConsumer::test_sentence_stream_play_then_close_ordering PASSED [ 77%]
tests/unit/test_app_progressive_playback.py::TestProgressivePlaybackSampleRateAndFailure::test_session_open_failure_falls_through_to_batch PASSED [ 77%]
tests/unit/test_app_progressive_playback.py::TestProgressivePlaybackSampleRateAndFailure::test_session_open_partial_success_keeps_progressive_active PASSED [ 77%]
tests/unit/test_app_progressive_playback.py::TestProgressivePlaybackSampleRateAndFailure::test_session_open_exception_falls_through_to_batch PASSED [ 77%]
tests/unit/test_app_progressive_playback.py::TestProgressivePlaybackSampleRateAndFailure::test_chunk_sample_rate_passed_to_session_open PASSED [ 77%]
tests/unit/test_app_progressive_playback.py::TestProgressivePlaybackSampleRateAndFailure::test_session_open_log_includes_session_ids PASSED [ 77%]
tests/unit/test_app_progressive_playback.py::TestProgressivePlaybackNFR7Fallback::test_true_stream_raises_mid_progressive_then_sentence_stream_restarts PASSED [ 77%]
tests/unit/test_app_progressive_playback.py::TestProgressivePlaybackNFR7Fallback::test_true_stream_raises_before_chunk_0 PASSED [ 77%]
tests/unit/test_app_progressive_playback.py::TestProgressivePlaybackNFR7Fallback::test_dispatch_chain_unchanged_under_normal_path PASSED [ 77%]
tests/unit/test_app_progressive_playback.py::TestProgressivePlaybackSkipRaceRegression::test_stale_terminal_chunk_does_not_reopen_session PASSED [ 77%]
tests/unit/test_app_progressive_playback.py::TestProgressivePlaybackSkipRaceRegression::test_stale_non_terminal_chunk_silent_drop PASSED [ 77%]
tests/unit/test_app_progressive_playback.py::TestProgressivePlaybackSkipRaceRegression::test_chunk_zero_still_opens_when_flag_cleared PASSED [ 77%]
tests/unit/test_app_progressive_playback.py::TestProgressivePlaybackCancelEpoch::test_chunk_with_stale_epoch_is_dropped PASSED [ 77%]
tests/unit/test_app_progressive_playback.py::TestProgressivePlaybackCancelEpoch::test_chunk_with_current_epoch_is_processed PASSED [ 77%]
tests/unit/test_app_progressive_playback.py::TestProgressivePlaybackCancelEpoch::test_legacy_none_epoch_skips_check PASSED [ 77%]
tests/unit/test_app_progressive_playback.py::TestProgressivePlaybackTrampoline::test_trampoline_short_circuits_when_loop_missing PASSED [ 77%]
tests/unit/test_app_progressive_playback.py::TestProgressivePlaybackTrampoline::test_trampoline_short_circuits_when_loop_closed PASSED [ 77%]
tests/unit/test_app_progressive_playback.py::TestProgressivePlaybackTrampoline::test_trampoline_schedules_with_captured_epoch PASSED [ 77%]
tests/unit/test_app_progressive_playback.py::TestProgressivePlaybackTrampoline::test_trampoline_swallows_scheduling_exception PASSED [ 78%]
tests/unit/test_app_progressive_playback_cancel.py::TestProgressivePlaybackCancel::test_cancel_mid_stream_stops_streaming_session PASSED [ 78%]
tests/unit/test_app_progressive_playback_cancel.py::TestProgressivePlaybackCancel::test_cancel_when_progressive_inactive_no_extra_call PASSED [ 78%]
tests/unit/test_app_progressive_playback_cancel.py::TestProgressivePlaybackCancel::test_cancel_bumps_epoch_for_inflight_chunk_drop PASSED [ 78%]
tests/unit/test_app_progressive_playback_instrumentation.py::TestProgressivePlaybackInstrumentation::test_arrival_metric_emitted_after_play_audio_chunk PASSED [ 78%]
tests/unit/test_app_progressive_playback_instrumentation.py::TestProgressivePlaybackInstrumentation::test_audio_duration_metric_emitted_per_data_chunk PASSED [ 78%]
tests/unit/test_app_progressive_playback_instrumentation.py::TestProgressivePlaybackInstrumentation::test_no_metrics_emitted_for_zero_size_terminal_chunk PASSED [ 78%]
tests/unit/test_app_progressive_playback_instrumentation.py::TestProgressivePlaybackInstrumentation::test_arrival_and_duration_emitted_for_each_progressive_chunk PASSED [ 78%]
tests/unit/test_app_progressive_playback_instrumentation.py::TestProgressivePlaybackInstrumentation::test_session_id_separates_chunks_from_two_generations PASSED [ 78%]
tests/unit/test_app_progressive_playback_instrumentation.py::TestProgressivePlaybackInstrumentation::test_fallback_restart_does_not_double_emit_chunk_zero_metrics PASSED [ 78%]
tests/unit/test_app_qwen_tts_construction.py::test_app_py_constructs_qwen_tts_service_at_least_once PASSED [ 78%]
tests/unit/test_app_qwen_tts_construction.py::test_app_py_passes_app_settings_to_qwen_tts_service PASSED [ 78%]
tests/unit/test_app_qwen_tts_construction.py::test_app_py_app_settings_kwarg_value_is_self_app_settings PASSED [ 78%]
tests/unit/ui/dialogs/settings/test_clear_comms_settings_panel.py::test_loads_mono_wav_returns_float32_1d_with_native_rate PASSED [ 78%]
tests/unit/ui/dialogs/settings/test_clear_comms_settings_panel.py::test_loads_multichannel_wav_downmixes_via_mean[2] PASSED [ 78%]
tests/unit/ui/dialogs/settings/test_clear_comms_settings_panel.py::test_loads_multichannel_wav_downmixes_via_mean[3] PASSED [ 78%]
tests/unit/ui/dialogs/settings/test_clear_comms_settings_panel.py::test_native_sample_rate_preserved[8000] PASSED [ 78%]
tests/unit/ui/dialogs/settings/test_clear_comms_settings_panel.py::test_native_sample_rate_preserved[22050] PASSED [ 78%]
tests/unit/ui/dialogs/settings/test_clear_comms_settings_panel.py::test_native_sample_rate_preserved[44100] PASSED [ 78%]
tests/unit/ui/dialogs/settings/test_clear_comms_settings_panel.py::test_native_sample_rate_preserved[48000] PASSED [ 78%]
tests/unit/ui/dialogs/settings/test_clear_comms_settings_panel.py::test_missing_path_raises_chains_file_not_found_and_logs_error PASSED [ 78%]
tests/unit/ui/dialogs/settings/test_clear_comms_settings_panel.py::test_directory_path_raises_no_cause_no_log PASSED [ 78%]
tests/unit/ui/dialogs/settings/test_clear_comms_settings_panel.py::test_permission_error_during_stat_wraps_as_could_not_access PASSED [ 78%]
tests/unit/ui/dialogs/settings/test_clear_comms_settings_panel.py::test_toctou_file_vanished_between_check_and_read_reports_access_error PASSED [ 78%]
tests/unit/ui/dialogs/settings/test_clear_comms_settings_panel.py::test_non_wav_extension_raises_wav_only_message[.mp3] PASSED [ 78%]
tests/unit/ui/dialogs/settings/test_clear_comms_settings_panel.py::test_non_wav_extension_raises_wav_only_message[.m4a] PASSED [ 78%]
tests/unit/ui/dialogs/settings/test_clear_comms_settings_panel.py::test_non_wav_extension_raises_wav_only_message[.flac] PASSED [ 78%]
tests/unit/ui/dialogs/settings/test_clear_comms_settings_panel.py::test_non_wav_extension_raises_wav_only_message[] PASSED [ 78%]
tests/unit/ui/dialogs/settings/test_clear_comms_settings_panel.py::test_corrupt_or_spoofed_wav_raises_corrupt_message[NOT A WAV HEADER\x00\x00\x00\x00] PASSED [ 78%]
tests/unit/ui/dialogs/settings/test_clear_comms_settings_panel.py::test_corrupt_or_spoofed_wav_raises_corrupt_message[hello world] PASSED [ 79%]
tests/unit/ui/dialogs/settings/test_clear_comms_settings_panel.py::test_load_error_message_is_user_facing PASSED [ 79%]
tests/unit/ui/dialogs/settings/test_clear_comms_settings_panel.py::test_wav_file_dialog_filter_constant PASSED [ 79%]
tests/unit/ui/dialogs/settings/test_clear_comms_settings_panel.py::test_loaded_audio_constructs_valid_replay_clone_session PASSED [ 79%]
tests/unit/ui/dialogs/voice_design_studio/test_add_category_dialog.py::TestAddCategoryDialogInit::test_dialog_creation PASSED [ 79%]
tests/unit/ui/dialogs/voice_design_studio/test_add_category_dialog.py::TestAddCategoryDialogInit::test_dialog_is_modal PASSED [ 79%]
tests/unit/ui/dialogs/voice_design_studio/test_add_category_dialog.py::TestAddCategoryDialogInit::test_has_name_edit PASSED [ 79%]
tests/unit/ui/dialogs/voice_design_studio/test_add_category_dialog.py::TestAddCategoryDialogInit::test_has_create_button PASSED [ 79%]
tests/unit/ui/dialogs/voice_design_studio/test_add_category_dialog.py::TestAddCategoryDialogInit::test_has_cancel_button PASSED [ 79%]
tests/unit/ui/dialogs/voice_design_studio/test_add_category_dialog.py::TestAddCategoryDialogInit::test_has_error_label PASSED [ 79%]
tests/unit/ui/dialogs/voice_design_studio/test_add_category_dialog.py::TestAddCategoryDialogInit::test_error_label_initially_hidden PASSED [ 79%]
tests/unit/ui/dialogs/voice_design_studio/test_add_category_dialog.py::TestNameField::test_name_starts_empty PASSED [ 79%]
tests/unit/ui/dialogs/voice_design_studio/test_add_category_dialog.py::TestNameField::test_name_has_placeholder PASSED [ 79%]
tests/unit/ui/dialogs/voice_design_studio/test_add_category_dialog.py::TestNameField::test_name_has_max_length PASSED [ 79%]
tests/unit/ui/dialogs/voice_design_studio/test_add_category_dialog.py::TestNameField::test_can_enter_name PASSED [ 79%]
tests/unit/ui/dialogs/voice_design_studio/test_add_category_dialog.py::TestCreateButtonState::test_create_button_initially_disabled PASSED [ 79%]
tests/unit/ui/dialogs/voice_design_studio/test_add_category_dialog.py::TestCreateButtonState::test_create_button_enables_with_name PASSED [ 79%]
tests/unit/ui/dialogs/voice_design_studio/test_add_category_dialog.py::TestCreateButtonState::test_create_button_disables_when_cleared PASSED [ 79%]
tests/unit/ui/dialogs/voice_design_studio/test_add_category_dialog.py::TestCreateButtonState::test_create_button_disabled_with_whitespace PASSED [ 79%]
tests/unit/ui/dialogs/voice_design_studio/test_add_category_dialog.py::TestValidation::test_duplicate_shows_error PASSED [ 79%]
tests/unit/ui/dialogs/voice_design_studio/test_add_category_dialog.py::TestValidation::test_duplicate_case_insensitive PASSED [ 79%]
tests/unit/ui/dialogs/voice_design_studio/test_add_category_dialog.py::TestValidation::test_error_clears_on_text_change PASSED [ 79%]
tests/unit/ui/dialogs/voice_design_studio/test_add_category_dialog.py::TestValidation::test_empty_name_shows_error PASSED [ 79%]
tests/unit/ui/dialogs/voice_design_studio/test_add_category_dialog.py::TestDialogResult::test_get_category_name_initially_none PASSED [ 79%]
tests/unit/ui/dialogs/voice_design_studio/test_add_category_dialog.py::TestDialogResult::test_cancel_returns_none PASSED [ 79%]
tests/unit/ui/dialogs/voice_design_studio/test_add_category_dialog.py::TestDialogResult::test_create_valid_name_returns_name PASSED [ 79%]
tests/unit/ui/dialogs/voice_design_studio/test_add_category_dialog.py::TestDialogResult::test_name_is_trimmed PASSED [ 79%]
tests/unit/ui/dialogs/voice_design_studio/test_add_category_dialog.py::TestStaticMethod::test_get_new_category_exists PASSED [ 79%]
tests/unit/ui/dialogs/voice_design_studio/test_add_category_dialog.py::TestAccessibility::test_name_edit_has_accessible_name PASSED [ 79%]
tests/unit/ui/dialogs/voice_design_studio/test_add_category_dialog.py::TestAccessibility::test_name_edit_has_accessible_description PASSED [ 79%]
tests/unit/ui/dialogs/voice_design_studio/test_add_category_dialog.py::TestUILayout::test_dialog_has_minimum_width PASSED [ 80%]
tests/unit/ui/dialogs/voice_design_studio/test_add_category_dialog.py::TestUILayout::test_create_button_is_default PASSED [ 80%]
tests/unit/ui/dialogs/voice_design_studio/test_add_template_dialog.py::TestAddTemplateDialogInit::test_dialog_creation PASSED [ 80%]
tests/unit/ui/dialogs/voice_design_studio/test_add_template_dialog.py::TestAddTemplateDialogInit::test_dialog_is_modal PASSED [ 80%]
tests/unit/ui/dialogs/voice_design_studio/test_add_template_dialog.py::TestAddTemplateDialogInit::test_has_name_edit PASSED [ 80%]
tests/unit/ui/dialogs/voice_design_studio/test_add_template_dialog.py::TestAddTemplateDialogInit::test_has_description_edit PASSED [ 80%]
tests/unit/ui/dialogs/voice_design_studio/test_add_template_dialog.py::TestAddTemplateDialogInit::test_has_category_display PASSED [ 80%]
tests/unit/ui/dialogs/voice_design_studio/test_add_template_dialog.py::TestAddTemplateDialogInit::test_has_create_button PASSED [ 80%]
tests/unit/ui/dialogs/voice_design_studio/test_add_template_dialog.py::TestAddTemplateDialogInit::test_has_cancel_button PASSED [ 80%]
tests/unit/ui/dialogs/voice_design_studio/test_add_template_dialog.py::TestAddTemplateDialogInit::test_has_error_label PASSED [ 80%]
tests/unit/ui/dialogs/voice_design_studio/test_add_template_dialog.py::TestAddTemplateDialogInit::test_error_label_initially_hidden PASSED [ 80%]
tests/unit/ui/dialogs/voice_design_studio/test_add_template_dialog.py::TestCategoryDisplay::test_category_displayed PASSED [ 80%]
tests/unit/ui/dialogs/voice_design_studio/test_add_template_dialog.py::TestCategoryDisplay::test_get_category PASSED [ 80%]
tests/unit/ui/dialogs/voice_design_studio/test_add_template_dialog.py::TestDescriptionPrePopulation::test_description_prepopulated PASSED [ 80%]
tests/unit/ui/dialogs/voice_design_studio/test_add_template_dialog.py::TestDescriptionPrePopulation::test_description_editable PASSED [ 80%]
tests/unit/ui/dialogs/voice_design_studio/test_add_template_dialog.py::TestNameField::test_name_starts_empty PASSED [ 80%]
tests/unit/ui/dialogs/voice_design_studio/test_add_template_dialog.py::TestNameField::test_name_has_placeholder PASSED [ 80%]
tests/unit/ui/dialogs/voice_design_studio/test_add_template_dialog.py::TestNameField::test_name_has_max_length PASSED [ 80%]
tests/unit/ui/dialogs/voice_design_studio/test_add_template_dialog.py::TestNameField::test_can_enter_name PASSED [ 80%]
tests/unit/ui/dialogs/voice_design_studio/test_add_template_dialog.py::TestCreateButtonState::test_create_button_initially_disabled PASSED [ 80%]
tests/unit/ui/dialogs/voice_design_studio/test_add_template_dialog.py::TestCreateButtonState::test_create_button_enabled_with_both_fields PASSED [ 80%]
tests/unit/ui/dialogs/voice_design_studio/test_add_template_dialog.py::TestCreateButtonState::test_create_button_disabled_without_name PASSED [ 80%]
tests/unit/ui/dialogs/voice_design_studio/test_add_template_dialog.py::TestCreateButtonState::test_create_button_disabled_without_description PASSED [ 80%]
tests/unit/ui/dialogs/voice_design_studio/test_add_template_dialog.py::TestValidation::test_duplicate_shows_error PASSED [ 80%]
tests/unit/ui/dialogs/voice_design_studio/test_add_template_dialog.py::TestValidation::test_duplicate_case_insensitive PASSED [ 80%]
tests/unit/ui/dialogs/voice_design_studio/test_add_template_dialog.py::TestValidation::test_error_clears_on_text_change PASSED [ 80%]
tests/unit/ui/dialogs/voice_design_studio/test_add_template_dialog.py::TestDialogResult::test_get_template_name_initially_none PASSED [ 80%]
tests/unit/ui/dialogs/voice_design_studio/test_add_template_dialog.py::TestDialogResult::test_get_template_description_initially_none PASSED [ 80%]
tests/unit/ui/dialogs/voice_design_studio/test_add_template_dialog.py::TestDialogResult::test_cancel_returns_none PASSED [ 80%]
tests/unit/ui/dialogs/voice_design_studio/test_add_template_dialog.py::TestDialogResult::test_create_valid_returns_values PASSED [ 81%]
tests/unit/ui/dialogs/voice_design_studio/test_add_template_dialog.py::TestDialogResult::test_name_is_trimmed PASSED [ 81%]
tests/unit/ui/dialogs/voice_design_studio/test_add_template_dialog.py::TestDialogResult::test_description_is_trimmed PASSED [ 81%]
tests/unit/ui/dialogs/voice_design_studio/test_add_template_dialog.py::TestStaticMethod::test_get_new_template_exists PASSED [ 81%]
tests/unit/ui/dialogs/voice_design_studio/test_add_template_dialog.py::TestAccessibility::test_name_edit_has_accessible_name PASSED [ 81%]
tests/unit/ui/dialogs/voice_design_studio/test_add_template_dialog.py::TestAccessibility::test_description_edit_has_accessible_name PASSED [ 81%]
tests/unit/ui/dialogs/voice_design_studio/test_add_template_dialog.py::TestUILayout::test_dialog_has_minimum_width PASSED [ 81%]
tests/unit/ui/dialogs/voice_design_studio/test_add_template_dialog.py::TestUILayout::test_dialog_has_minimum_height PASSED [ 81%]
tests/unit/ui/dialogs/voice_design_studio/test_add_template_dialog.py::TestUILayout::test_create_button_is_default PASSED [ 81%]
tests/unit/ui/dialogs/voice_design_studio/test_audio_player_widget.py::TestAudioPlayerWidgetInit::test_widget_creation PASSED [ 81%]
tests/unit/ui/dialogs/voice_design_studio/test_audio_player_widget.py::TestAudioPlayerWidgetInit::test_play_button_exists PASSED [ 81%]
tests/unit/ui/dialogs/voice_design_studio/test_audio_player_widget.py::TestAudioPlayerWidgetInit::test_duration_label_exists PASSED [ 81%]
tests/unit/ui/dialogs/voice_design_studio/test_audio_player_widget.py::TestAudioPlayerWidgetInit::test_play_button_initially_disabled PASSED [ 81%]
tests/unit/ui/dialogs/voice_design_studio/test_audio_player_widget.py::TestAudioPlayerWidgetInit::test_initial_duration_is_zero PASSED [ 81%]
tests/unit/ui/dialogs/voice_design_studio/test_audio_player_widget.py::TestAudioFileManagement::test_set_audio_file_enables_play PASSED [ 81%]en media. FFmpeg error description: No such file or directory

tests/unit/ui/dialogs/voice_design_studio/test_audio_player_widget.py::TestAudioFileManagement::test_set_audio_file_updates_duration PASSED [ 81%]
tests/unit/ui/dialogs/voice_design_studio/test_audio_player_widget.py::TestAudioFileManagement::test_set_audio_file_updates_duration ERROR [ 81%]
tests/unit/ui/dialogs/voice_design_studio/test_audio_player_widget.py::TestAudioFileManagement::test_set_invalid_file_disables_play PASSED [ 81%]
tests/unit/ui/dialogs/voice_design_studio/test_audio_player_widget.py::TestAudioFileManagement::test_set_none_disables_play PASSED [ 81%]
tests/unit/ui/dialogs/voice_design_studio/test_audio_player_widget.py::TestAudioFileManagement::test_set_none_disables_play ERROR [ 81%]
tests/unit/ui/dialogs/voice_design_studio/test_audio_player_widget.py::TestAudioFileManagement::test_get_audio_path PASSED [ 81%]
tests/unit/ui/dialogs/voice_design_studio/test_audio_player_widget.py::TestAudioFileManagement::test_get_audio_path ERROR [ 81%]
tests/unit/ui/dialogs/voice_design_studio/test_audio_player_widget.py::TestAudioFileManagement::test_get_audio_path_none_initially PASSED [ 81%]
tests/unit/ui/dialogs/voice_design_studio/test_audio_player_widget.py::TestAudioFileManagement::test_clear_resets_state PASSED [ 81%]
tests/unit/ui/dialogs/voice_design_studio/test_audio_player_widget.py::TestPlaybackState::test_is_playing_initially_false PASSED [ 81%]
tests/unit/ui/dialogs/voice_design_studio/test_audio_player_widget.py::TestPlaybackState::test_get_duration PASSED [ 81%]
tests/unit/ui/dialogs/voice_design_studio/test_audio_player_widget.py::TestPlaybackState::test_get_duration ERROR [ 81%]
tests/unit/ui/dialogs/voice_design_studio/test_audio_player_widget.py::TestSignals::test_playback_started_signal_exists PASSED [ 81%]
tests/unit/ui/dialogs/voice_design_studio/test_audio_player_widget.py::TestSignals::test_playback_stopped_signal_exists PASSED [ 81%]
tests/unit/ui/dialogs/voice_design_studio/test_audio_player_widget.py::TestAccessibility::test_play_button_has_accessible_name PASSED [ 81%]
tests/unit/ui/dialogs/voice_design_studio/test_audio_player_widget.py::TestAccessibility::test_duration_label_has_accessible_name PASSED [ 81%]
tests/unit/ui/dialogs/voice_design_studio/test_audio_player_widget.py::TestDurationFormatting::test_format_duration_seconds PASSED [ 81%]
tests/unit/ui/dialogs/voice_design_studio/test_audio_player_widget.py::TestDurationFormatting::test_format_duration_minutes PASSED [ 81%]
tests/unit/ui/dialogs/voice_design_studio/test_audio_player_widget.py::TestDurationFormatting::test_format_duration_zero PASSED [ 81%]
tests/unit/ui/dialogs/voice_design_studio/test_description_path_panel.py::TestDescriptionPathPanelInit::test_panel_creation PASSED [ 82%]
tests/unit/ui/dialogs/voice_design_studio/test_description_path_panel.py::TestDescriptionPathPanelInit::test_description_edit_exists PASSED [ 82%]
tests/unit/ui/dialogs/voice_design_studio/test_description_path_panel.py::TestDescriptionPathPanelInit::test_preview_text_edit_exists PASSED [ 82%]
tests/unit/ui/dialogs/voice_design_studio/test_description_path_panel.py::TestDescriptionPathPanelInit::test_generate_button_exists PASSED [ 82%]
tests/unit/ui/dialogs/voice_design_studio/test_description_path_panel.py::TestDescriptionTextArea::test_description_is_multiline PASSED [ 82%]
tests/unit/ui/dialogs/voice_design_studio/test_description_path_panel.py::TestDescriptionTextArea::test_description_minimum_height PASSED [ 82%]
tests/unit/ui/dialogs/voice_design_studio/test_description_path_panel.py::TestDescriptionTextArea::test_description_has_placeholder PASSED [ 82%]
tests/unit/ui/dialogs/voice_design_studio/test_description_path_panel.py::TestDescriptionTextArea::test_description_starts_empty PASSED [ 82%]
tests/unit/ui/dialogs/voice_design_studio/test_description_path_panel.py::TestDescriptionTextArea::test_can_enter_description PASSED [ 82%]
tests/unit/ui/dialogs/voice_design_studio/test_description_path_panel.py::TestPreviewTextField::test_preview_text_is_multiline PASSED [ 82%]
tests/unit/ui/dialogs/voice_design_studio/test_description_path_panel.py::TestPreviewTextField::test_preview_text_has_placeholder PASSED [ 82%]
tests/unit/ui/dialogs/voice_design_studio/test_description_path_panel.py::TestPreviewTextField::test_preview_text_starts_empty PASSED [ 82%]
tests/unit/ui/dialogs/voice_design_studio/test_description_path_panel.py::TestPreviewTextField::test_can_enter_preview_text PASSED [ 82%]
tests/unit/ui/dialogs/voice_design_studio/test_description_path_panel.py::TestGenerateButtonState::test_generate_button_initially_disabled PASSED [ 82%]
tests/unit/ui/dialogs/voice_design_studio/test_description_path_panel.py::TestGenerateButtonState::test_generate_disabled_with_only_description PASSED [ 82%]
tests/unit/ui/dialogs/voice_design_studio/test_description_path_panel.py::TestGenerateButtonState::test_generate_disabled_with_only_preview_text PASSED [ 82%]
tests/unit/ui/dialogs/voice_design_studio/test_description_path_panel.py::TestGenerateButtonState::test_generate_enabled_with_both_fields PASSED [ 82%]
tests/unit/ui/dialogs/voice_design_studio/test_description_path_panel.py::TestGenerateButtonState::test_generate_disabled_with_whitespace_description PASSED [ 82%]
tests/unit/ui/dialogs/voice_design_studio/test_description_path_panel.py::TestGenerateButtonState::test_generate_enables_on_text_change PASSED [ 82%]
tests/unit/ui/dialogs/voice_design_studio/test_description_path_panel.py::TestGettersAndSetters::test_get_description PASSED [ 82%]
tests/unit/ui/dialogs/voice_design_studio/test_description_path_panel.py::TestGettersAndSetters::test_get_preview_text PASSED [ 82%]
tests/unit/ui/dialogs/voice_design_studio/test_description_path_panel.py::TestGettersAndSetters::test_get_preview_text_default PASSED [ 82%]
tests/unit/ui/dialogs/voice_design_studio/test_description_path_panel.py::TestGettersAndSetters::test_set_description PASSED [ 82%]
tests/unit/ui/dialogs/voice_design_studio/test_description_path_panel.py::TestGettersAndSetters::test_set_preview_text PASSED [ 82%]
tests/unit/ui/dialogs/voice_design_studio/test_description_path_panel.py::TestGettersAndSetters::test_clear PASSED [ 82%]
tests/unit/ui/dialogs/voice_design_studio/test_description_path_panel.py::TestSignals::test_generate_requested_signal_exists PASSED [ 82%]
tests/unit/ui/dialogs/voice_design_studio/test_description_path_panel.py::TestSignals::test_content_changed_signal_exists PASSED [ 82%]
tests/unit/ui/dialogs/voice_design_studio/test_description_path_panel.py::TestSignals::test_generate_requested_emits_on_click PASSED [ 82%]
tests/unit/ui/dialogs/voice_design_studio/test_description_path_panel.py::TestSignals::test_content_changed_emits_on_description_change PASSED [ 82%]
tests/unit/ui/dialogs/voice_design_studio/test_description_path_panel.py::TestSignals::test_content_changed_emits_on_preview_change PASSED [ 83%]
tests/unit/ui/dialogs/voice_design_studio/test_description_path_panel.py::TestAccessibility::test_description_has_accessible_name PASSED [ 83%]
tests/unit/ui/dialogs/voice_design_studio/test_description_path_panel.py::TestAccessibility::test_preview_text_has_accessible_name PASSED [ 83%]
tests/unit/ui/dialogs/voice_design_studio/test_description_path_panel.py::TestAccessibility::test_generate_button_has_accessible_name PASSED [ 83%]
tests/unit/ui/dialogs/voice_design_studio/test_description_path_panel.py::TestHasContent::test_has_content_false_when_empty PASSED [ 83%]
tests/unit/ui/dialogs/voice_design_studio/test_description_path_panel.py::TestHasContent::test_has_content_true_with_description PASSED [ 83%]
tests/unit/ui/dialogs/voice_design_studio/test_description_path_panel.py::TestHasContent::test_has_content_true_with_preview PASSED [ 83%]
tests/unit/ui/dialogs/voice_design_studio/test_description_path_panel.py::TestGenerateButtonOverride::test_set_generate_enabled_overrides PASSED [ 83%]
tests/unit/ui/dialogs/voice_design_studio/test_description_path_panel.py::TestGenerateButtonOverride::test_is_generate_enabled PASSED [ 83%]
tests/unit/ui/dialogs/voice_design_studio/test_description_path_panel.py::TestGenerationState::test_is_generating_initially_false PASSED [ 83%]
tests/unit/ui/dialogs/voice_design_studio/test_description_path_panel.py::TestGenerationState::test_set_generating_true PASSED [ 83%]
tests/unit/ui/dialogs/voice_design_studio/test_description_path_panel.py::TestGenerationState::test_set_generating_false PASSED [ 83%]
tests/unit/ui/dialogs/voice_design_studio/test_description_path_panel.py::TestGenerationState::test_set_generating_disables_button PASSED [ 83%]
tests/unit/ui/dialogs/voice_design_studio/test_description_path_panel.py::TestGenerationState::test_set_generating_shows_progress PASSED [ 83%]
tests/unit/ui/dialogs/voice_design_studio/test_description_path_panel.py::TestGenerationState::test_set_generating_false_hides_progress PASSED [ 83%]
tests/unit/ui/dialogs/voice_design_studio/test_description_path_panel.py::TestGenerationProgress::test_progress_bar_exists PASSED [ 83%]
tests/unit/ui/dialogs/voice_design_studio/test_description_path_panel.py::TestGenerationProgress::test_progress_bar_initially_hidden PASSED [ 83%]
tests/unit/ui/dialogs/voice_design_studio/test_description_path_panel.py::TestGenerationProgress::test_progress_label_exists PASSED [ 83%]
tests/unit/ui/dialogs/voice_design_studio/test_description_path_panel.py::TestGenerationProgress::test_progress_label_initially_hidden PASSED [ 83%]
tests/unit/ui/dialogs/voice_design_studio/test_description_path_panel.py::TestGenerationProgress::test_progress_message_customizable PASSED [ 83%]
tests/unit/ui/dialogs/voice_design_studio/test_description_path_panel.py::TestGenerationComplete::test_result_group_initially_hidden PASSED [ 83%]
tests/unit/ui/dialogs/voice_design_studio/test_description_path_panel.py::TestGenerationComplete::test_audio_player_exists PASSED [ 83%]
tests/unit/ui/dialogs/voice_design_studio/test_description_path_panel.py::TestGenerationComplete::test_has_generated_audio_initially_false PASSED [ 83%]
tests/unit/ui/dialogs/voice_design_studio/test_description_path_panel.py::TestGenerationComplete::test_get_generated_audio_path_initially_none PASSED [ 83%]
tests/unit/ui/dialogs/voice_design_studio/test_description_path_panel.py::TestGenerationError::test_has_error_initially_false PASSED [ 83%]
tests/unit/ui/dialogs/voice_design_studio/test_description_path_panel.py::TestGenerationError::test_set_generation_error_shows_message PASSED [ 83%]
tests/unit/ui/dialogs/voice_design_studio/test_description_path_panel.py::TestGenerationError::test_set_generation_error_shows_retry PASSED [ 83%]
tests/unit/ui/dialogs/voice_design_studio/test_description_path_panel.py::TestGenerationError::test_retry_button_exists PASSED [ 83%]
tests/unit/ui/dialogs/voice_design_studio/test_description_path_panel.py::TestGenerationError::test_retry_button_initially_hidden PASSED [ 83%]
tests/unit/ui/dialogs/voice_design_studio/test_description_path_panel.py::TestGenerationError::test_retry_signal_exists PASSED [ 83%]
tests/unit/ui/dialogs/voice_design_studio/test_description_path_panel.py::TestGenerationError::test_retry_emits_signal PASSED [ 84%]
tests/unit/ui/dialogs/voice_design_studio/test_description_path_panel.py::TestGenerationError::test_retry_clears_error PASSED [ 84%]
tests/unit/ui/dialogs/voice_design_studio/test_description_path_panel.py::TestRetryAccessibility::test_retry_button_has_accessible_name PASSED [ 84%]
tests/unit/ui/dialogs/voice_design_studio/test_description_path_panel.py::TestVoiceNameField::test_voice_name_edit_exists PASSED [ 84%]
tests/unit/ui/dialogs/voice_design_studio/test_description_path_panel.py::TestVoiceNameField::test_voice_name_has_placeholder PASSED [ 84%]
tests/unit/ui/dialogs/voice_design_studio/test_description_path_panel.py::TestVoiceNameField::test_voice_name_starts_empty PASSED [ 84%]
tests/unit/ui/dialogs/voice_design_studio/test_description_path_panel.py::TestVoiceNameField::test_can_enter_voice_name PASSED [ 84%]
tests/unit/ui/dialogs/voice_design_studio/test_description_path_panel.py::TestVoiceNameField::test_get_voice_name PASSED [ 84%]
tests/unit/ui/dialogs/voice_design_studio/test_description_path_panel.py::TestVoiceNameField::test_set_voice_name PASSED [ 84%]
tests/unit/ui/dialogs/voice_design_studio/test_description_path_panel.py::TestVoiceNameField::test_voice_name_has_accessible_name PASSED [ 84%]
tests/unit/ui/dialogs/voice_design_studio/test_description_path_panel.py::TestSaveReadiness::test_is_save_ready_initially_false PASSED [ 84%]
tests/unit/ui/dialogs/voice_design_studio/test_description_path_panel.py::TestSaveReadiness::test_is_save_ready_false_without_embedding PASSED [ 84%]
tests/unit/ui/dialogs/voice_design_studio/test_description_path_panel.py::TestSaveReadiness::test_get_generated_embedding_path_initially_none PASSED [ 84%]
tests/unit/ui/dialogs/voice_design_studio/test_description_path_panel.py::TestSaveReadiness::test_save_ready_changed_signal_exists PASSED [ 84%]
tests/unit/ui/dialogs/voice_design_studio/test_description_path_panel.py::TestSaveState::test_is_saving_initially_false PASSED [ 84%]
tests/unit/ui/dialogs/voice_design_studio/test_description_path_panel.py::TestSaveState::test_set_saving_true PASSED [ 84%]
tests/unit/ui/dialogs/voice_design_studio/test_description_path_panel.py::TestSaveState::test_set_saving_false PASSED [ 84%]
tests/unit/ui/dialogs/voice_design_studio/test_description_path_panel.py::TestSaveState::test_set_saving_disables_name_field PASSED [ 84%]
tests/unit/ui/dialogs/voice_design_studio/test_description_path_panel.py::TestSaveState::test_set_saving_shows_message PASSED [ 84%]
tests/unit/ui/dialogs/voice_design_studio/test_description_path_panel.py::TestSaveState::test_set_saving_false_enables_name_field PASSED [ 84%]
tests/unit/ui/dialogs/voice_design_studio/test_description_path_panel.py::TestSaveComplete::test_set_save_complete_updates_status PASSED [ 84%]
tests/unit/ui/dialogs/voice_design_studio/test_description_path_panel.py::TestSaveComplete::test_set_save_complete_clears_saving_state PASSED [ 84%]
tests/unit/ui/dialogs/voice_design_studio/test_description_path_panel.py::TestSaveComplete::test_set_save_complete_enables_name_field PASSED [ 84%]
tests/unit/ui/dialogs/voice_design_studio/test_description_path_panel.py::TestSaveError::test_set_save_error_shows_message PASSED [ 84%]
tests/unit/ui/dialogs/voice_design_studio/test_description_path_panel.py::TestSaveError::test_set_save_error_clears_saving_state PASSED [ 84%]
tests/unit/ui/dialogs/voice_design_studio/test_description_path_panel.py::TestSaveError::test_set_save_error_enables_name_field PASSED [ 84%]
tests/unit/ui/dialogs/voice_design_studio/test_description_path_panel.py::TestGenerationCompleteWithEmbedding::test_set_generation_complete_with_embedding PASSED [ 84%]
tests/unit/ui/dialogs/voice_design_studio/test_description_path_panel.py::TestGenerationCompleteWithEmbedding::test_clear_clears_embedding_path PASSED [ 84%]
tests/unit/ui/dialogs/voice_design_studio/test_description_path_panel.py::TestGenerationCompleteWithEmbedding::test_clear_clears_voice_name PASSED [ 84%]
tests/unit/ui/dialogs/voice_design_studio/test_description_path_panel.py::TestVariantList::test_variant_list_exists PASSED [ 85%]
tests/unit/ui/dialogs/voice_design_studio/test_description_path_panel.py::TestVariantList::test_generate_button_text PASSED [ 85%]
tests/unit/ui/dialogs/voice_design_studio/test_description_path_panel.py::TestVariantList::test_regenerate_requested_signal_exists PASSED [ 85%]
tests/unit/ui/dialogs/voice_design_studio/test_description_path_panel.py::TestVariantList::test_variant_selected_signal_exists PASSED [ 85%]
tests/unit/ui/dialogs/voice_design_studio/test_description_path_panel.py::TestVariantGeneration::test_set_generating_shows_result_group PASSED [ 85%]
tests/unit/ui/dialogs/voice_design_studio/test_description_path_panel.py::TestVariantGeneration::test_set_generating_starts_variant_list PASSED [ 85%]
tests/unit/ui/dialogs/voice_design_studio/test_description_path_panel.py::TestVariantGeneration::test_set_variant_generating PASSED [ 85%]
tests/unit/ui/dialogs/voice_design_studio/test_description_path_panel.py::TestVariantGeneration::test_set_variant_complete PASSED [ 85%]
tests/unit/ui/dialogs/voice_design_studio/test_description_path_panel.py::TestVariantGeneration::test_set_variant_error PASSED [ 85%]
tests/unit/ui/dialogs/voice_design_studio/test_description_path_panel.py::TestVariantGeneration::test_finish_generation PASSED [ 85%]
tests/unit/ui/dialogs/voice_design_studio/test_description_path_panel.py::TestVariantSelection::test_has_variant_selection_initially_false PASSED [ 85%]
tests/unit/ui/dialogs/voice_design_studio/test_description_path_panel.py::TestVariantSelection::test_has_complete_variants_initially_false PASSED [ 85%]
tests/unit/ui/dialogs/voice_design_studio/test_description_path_panel.py::TestVariantSelection::test_get_selected_variant_index_initially_none PASSED [ 85%]
tests/unit/ui/dialogs/voice_design_studio/test_description_path_panel.py::TestVariantSelection::test_variant_selection_updates_embedding_path PASSED [ 85%]
tests/unit/ui/dialogs/voice_design_studio/test_description_path_panel.py::TestVariantSelection::test_complete_variant_count PASSED [ 85%]
tests/unit/ui/dialogs/voice_design_studio/test_description_path_panel.py::TestVariantSaveReadiness::test_save_ready_when_variant_selected PASSED [ 85%]
tests/unit/ui/dialogs/voice_design_studio/test_description_path_panel.py::TestVariantSaveReadiness::test_save_not_ready_without_selection PASSED [ 85%]
tests/unit/ui/dialogs/voice_design_studio/test_description_path_panel.py::TestTemplateSelectionUI::test_category_combo_exists PASSED [ 85%]
tests/unit/ui/dialogs/voice_design_studio/test_description_path_panel.py::TestTemplateSelectionUI::test_template_combo_exists PASSED [ 85%]
tests/unit/ui/dialogs/voice_design_studio/test_description_path_panel.py::TestTemplateSelectionUI::test_category_combo_has_categories PASSED [ 85%]
tests/unit/ui/dialogs/voice_design_studio/test_description_path_panel.py::TestTemplateSelectionUI::test_template_combo_initially_disabled PASSED [ 85%]
tests/unit/ui/dialogs/voice_design_studio/test_description_path_panel.py::TestTemplateSelectionUI::test_vocal_recipe_formula_constant PASSED [ 85%]
tests/unit/ui/dialogs/voice_design_studio/test_description_path_panel.py::TestCategorySelection::test_selecting_category_enables_template_combo PASSED [ 85%]
tests/unit/ui/dialogs/voice_design_studio/test_description_path_panel.py::TestCategorySelection::test_selecting_placeholder_disables_template_combo PASSED [ 85%]
tests/unit/ui/dialogs/voice_design_studio/test_description_path_panel.py::TestCategorySelection::test_category_populates_template_dropdown PASSED [ 85%]
tests/unit/ui/dialogs/voice_design_studio/test_description_path_panel.py::TestTemplateSelection::test_selecting_template_populates_description PASSED [ 85%]
tests/unit/ui/dialogs/voice_design_studio/test_description_path_panel.py::TestTemplateSelection::test_template_description_is_editable PASSED [ 85%]
tests/unit/ui/dialogs/voice_design_studio/test_description_path_panel.py::TestTemplateSelection::test_selecting_placeholder_template_doesnt_change_description PASSED [ 85%]
tests/unit/ui/dialogs/voice_design_studio/test_description_path_panel.py::TestTemplateAccessibility::test_category_combo_has_accessible_name PASSED [ 85%]
tests/unit/ui/dialogs/voice_design_studio/test_description_path_panel.py::TestTemplateAccessibility::test_template_combo_has_accessible_name PASSED [ 86%]
tests/unit/ui/dialogs/voice_design_studio/test_description_path_panel.py::TestVoiceTemplatesData::test_voice_templates_has_narrators PASSED [ 86%]
tests/unit/ui/dialogs/voice_design_studio/test_description_path_panel.py::TestVoiceTemplatesData::test_voice_templates_has_characters PASSED [ 86%]
tests/unit/ui/dialogs/voice_design_studio/test_description_path_panel.py::TestVoiceTemplatesData::test_voice_templates_has_regional PASSED [ 86%]
tests/unit/ui/dialogs/voice_design_studio/test_description_path_panel.py::TestVoiceTemplatesData::test_each_template_has_description PASSED [ 86%]
tests/unit/ui/dialogs/voice_design_studio/test_description_path_panel.py::TestCustomCategoryConstant::test_add_category_option_constant PASSED [ 86%]
tests/unit/ui/dialogs/voice_design_studio/test_description_path_panel.py::TestCategoryDropdownWithAddOption::test_add_category_option_in_dropdown PASSED [ 86%]
tests/unit/ui/dialogs/voice_design_studio/test_description_path_panel.py::TestCategoryDropdownWithAddOption::test_add_category_option_is_last PASSED [ 86%]
tests/unit/ui/dialogs/voice_design_studio/test_description_path_panel.py::TestCategoryDropdownWithAddOption::test_builtin_categories_before_add_option PASSED [ 86%]
tests/unit/ui/dialogs/voice_design_studio/test_description_path_panel.py::TestCategoryService::test_panel_has_category_service PASSED [ 86%]
tests/unit/ui/dialogs/voice_design_studio/test_description_path_panel.py::TestCategoryService::test_get_all_category_names PASSED [ 86%]
tests/unit/ui/dialogs/voice_design_studio/test_description_path_panel.py::TestPopulateCategoryDropdown::test_populate_clears_and_rebuilds PASSED [ 86%]
tests/unit/ui/dialogs/voice_design_studio/test_description_path_panel.py::TestPopulateCategoryDropdown::test_placeholder_is_first PASSED [ 86%]
tests/unit/ui/dialogs/voice_design_studio/test_description_path_panel.py::TestAddCategorySelection::test_selecting_add_category_resets_to_placeholder PASSED [ 86%]
tests/unit/ui/dialogs/voice_design_studio/test_description_path_panel.py::TestAddCategorySelection::test_selecting_add_category_disables_template_combo PASSED [ 86%]
tests/unit/ui/dialogs/voice_design_studio/test_description_path_panel.py::TestCustomCategoryInDropdown::test_custom_category_added_to_dropdown PASSED [ 86%]
tests/unit/ui/dialogs/voice_design_studio/test_description_path_panel.py::TestSelectingCustomCategory::test_custom_category_enables_template_dropdown PASSED [ 86%]
tests/unit/ui/dialogs/voice_design_studio/test_description_path_panel.py::TestCustomTemplateConstant::test_add_template_option_constant PASSED [ 86%]
tests/unit/ui/dialogs/voice_design_studio/test_description_path_panel.py::TestTemplateService::test_panel_has_template_service PASSED [ 86%]
tests/unit/ui/dialogs/voice_design_studio/test_description_path_panel.py::TestTemplateDropdownWithAddOption::test_add_template_option_in_dropdown PASSED [ 86%]
tests/unit/ui/dialogs/voice_design_studio/test_description_path_panel.py::TestTemplateDropdownWithAddOption::test_add_template_option_is_last PASSED [ 86%]
tests/unit/ui/dialogs/voice_design_studio/test_description_path_panel.py::TestTemplateDropdownWithAddOption::test_builtin_templates_before_add_option PASSED [ 86%]
tests/unit/ui/dialogs/voice_design_studio/test_description_path_panel.py::TestPopulateTemplateDropdown::test_populate_includes_builtin_templates PASSED [ 86%]
tests/unit/ui/dialogs/voice_design_studio/test_description_path_panel.py::TestPopulateTemplateDropdown::test_populate_includes_add_template_option PASSED [ 86%]
tests/unit/ui/dialogs/voice_design_studio/test_description_path_panel.py::TestPopulateTemplateDropdown::test_placeholder_is_first PASSED [ 86%]
tests/unit/ui/dialogs/voice_design_studio/test_description_path_panel.py::TestAddTemplateSelection::test_selecting_add_template_resets_to_placeholder PASSED [ 86%]
tests/unit/ui/dialogs/voice_design_studio/test_description_path_panel.py::TestGetTemplateNamesForCategory::test_returns_builtin_templates PASSED [ 86%]
tests/unit/ui/dialogs/voice_design_studio/test_description_path_panel.py::TestGetTemplateNamesForCategory::test_returns_empty_for_unknown_category PASSED [ 86%]
tests/unit/ui/dialogs/voice_design_studio/test_description_path_panel.py::TestCustomTemplateApplied::test_custom_template_populates_description PASSED [ 86%]
tests/unit/ui/dialogs/voice_design_studio/test_description_path_panel.py::TestEditDeleteButtons::test_edit_button_exists PASSED [ 86%]
tests/unit/ui/dialogs/voice_design_studio/test_description_path_panel.py::TestEditDeleteButtons::test_delete_button_exists PASSED [ 87%]
tests/unit/ui/dialogs/voice_design_studio/test_description_path_panel.py::TestEditDeleteButtons::test_edit_button_initially_disabled PASSED [ 87%]
tests/unit/ui/dialogs/voice_design_studio/test_description_path_panel.py::TestEditDeleteButtons::test_delete_button_initially_disabled PASSED [ 87%]
tests/unit/ui/dialogs/voice_design_studio/test_description_path_panel.py::TestEditDeleteButtons::test_edit_button_has_tooltip PASSED [ 87%]
tests/unit/ui/dialogs/voice_design_studio/test_description_path_panel.py::TestEditDeleteButtons::test_delete_button_has_tooltip PASSED [ 87%]
tests/unit/ui/dialogs/voice_design_studio/test_description_path_panel.py::TestEditDeleteButtonState::test_buttons_disabled_for_builtin_template PASSED [ 87%]
tests/unit/ui/dialogs/voice_design_studio/test_description_path_panel.py::TestEditDeleteButtonState::test_buttons_enabled_for_custom_template PASSED [ 87%]
tests/unit/ui/dialogs/voice_design_studio/test_description_path_panel.py::TestEditDeleteButtonState::test_buttons_disabled_when_placeholder_selected PASSED [ 87%]
tests/unit/ui/dialogs/voice_design_studio/test_description_path_panel.py::TestEditTemplateHandler::test_edit_handler_exists PASSED [ 87%]
tests/unit/ui/dialogs/voice_design_studio/test_description_path_panel.py::TestDeleteTemplateHandler::test_delete_handler_exists PASSED [ 87%]
tests/unit/ui/dialogs/voice_design_studio/test_description_path_panel.py::TestDeleteTemplateHandler::test_delete_shows_confirmation PASSED [ 87%]
tests/unit/ui/dialogs/voice_design_studio/test_edit_template_dialog.py::TestEditTemplateDialogInit::test_dialog_creation PASSED [ 87%]
tests/unit/ui/dialogs/voice_design_studio/test_edit_template_dialog.py::TestEditTemplateDialogInit::test_dialog_is_modal PASSED [ 87%]
tests/unit/ui/dialogs/voice_design_studio/test_edit_template_dialog.py::TestEditTemplateDialogInit::test_has_name_edit PASSED [ 87%]
tests/unit/ui/dialogs/voice_design_studio/test_edit_template_dialog.py::TestEditTemplateDialogInit::test_has_description_edit PASSED [ 87%]
tests/unit/ui/dialogs/voice_design_studio/test_edit_template_dialog.py::TestEditTemplateDialogInit::test_has_category_display PASSED [ 87%]
tests/unit/ui/dialogs/voice_design_studio/test_edit_template_dialog.py::TestEditTemplateDialogInit::test_has_save_button PASSED [ 87%]
tests/unit/ui/dialogs/voice_design_studio/test_edit_template_dialog.py::TestEditTemplateDialogInit::test_has_cancel_button PASSED [ 87%]
tests/unit/ui/dialogs/voice_design_studio/test_edit_template_dialog.py::TestEditTemplateDialogInit::test_has_error_label PASSED [ 87%]
tests/unit/ui/dialogs/voice_design_studio/test_edit_template_dialog.py::TestEditTemplateDialogInit::test_error_label_initially_hidden PASSED [ 87%]
tests/unit/ui/dialogs/voice_design_studio/test_edit_template_dialog.py::TestPrePopulation::test_name_prepopulated PASSED [ 87%]
tests/unit/ui/dialogs/voice_design_studio/test_edit_template_dialog.py::TestPrePopulation::test_description_prepopulated PASSED [ 87%]
tests/unit/ui/dialogs/voice_design_studio/test_edit_template_dialog.py::TestPrePopulation::test_category_displayed PASSED [ 87%]
tests/unit/ui/dialogs/voice_design_studio/test_edit_template_dialog.py::TestGetters::test_get_original_name PASSED [ 87%]
tests/unit/ui/dialogs/voice_design_studio/test_edit_template_dialog.py::TestGetters::test_get_category PASSED [ 87%]
tests/unit/ui/dialogs/voice_design_studio/test_edit_template_dialog.py::TestGetters::test_get_new_name_initially_none PASSED [ 87%]
tests/unit/ui/dialogs/voice_design_studio/test_edit_template_dialog.py::TestGetters::test_get_new_description_initially_none PASSED [ 87%]
tests/unit/ui/dialogs/voice_design_studio/test_edit_template_dialog.py::TestEditing::test_can_edit_name PASSED [ 87%]
tests/unit/ui/dialogs/voice_design_studio/test_edit_template_dialog.py::TestEditing::test_can_edit_description PASSED [ 87%]
tests/unit/ui/dialogs/voice_design_studio/test_edit_template_dialog.py::TestValidation::test_empty_name_shows_error PASSED [ 88%]
tests/unit/ui/dialogs/voice_design_studio/test_edit_template_dialog.py::TestValidation::test_empty_description_shows_error PASSED [ 88%]
tests/unit/ui/dialogs/voice_design_studio/test_edit_template_dialog.py::TestValidation::test_duplicate_name_shows_error PASSED [ 88%]
tests/unit/ui/dialogs/voice_design_studio/test_edit_template_dialog.py::TestValidation::test_duplicate_check_case_insensitive PASSED [ 88%]
tests/unit/ui/dialogs/voice_design_studio/test_edit_template_dialog.py::TestValidation::test_error_clears_on_text_change PASSED [ 88%]
tests/unit/ui/dialogs/voice_design_studio/test_edit_template_dialog.py::TestValidation::test_same_name_as_original_allowed PASSED [ 88%]
tests/unit/ui/dialogs/voice_design_studio/test_edit_template_dialog.py::TestDialogResult::test_save_returns_values PASSED [ 88%]
tests/unit/ui/dialogs/voice_design_studio/test_edit_template_dialog.py::TestDialogResult::test_cancel_returns_none PASSED [ 88%]
tests/unit/ui/dialogs/voice_design_studio/test_edit_template_dialog.py::TestDialogResult::test_name_is_trimmed PASSED [ 88%]
tests/unit/ui/dialogs/voice_design_studio/test_edit_template_dialog.py::TestDialogResult::test_description_is_trimmed PASSED [ 88%]
tests/unit/ui/dialogs/voice_design_studio/test_edit_template_dialog.py::TestHasChanges::test_no_changes_before_save PASSED [ 88%]
tests/unit/ui/dialogs/voice_design_studio/test_edit_template_dialog.py::TestHasChanges::test_has_changes_when_name_changed PASSED [ 88%]
tests/unit/ui/dialogs/voice_design_studio/test_edit_template_dialog.py::TestHasChanges::test_has_changes_when_description_changed PASSED [ 88%]
tests/unit/ui/dialogs/voice_design_studio/test_edit_template_dialog.py::TestHasChanges::test_no_changes_when_same_values PASSED [ 88%]
tests/unit/ui/dialogs/voice_design_studio/test_edit_template_dialog.py::TestStaticMethod::test_edit_template_exists PASSED [ 88%]
tests/unit/ui/dialogs/voice_design_studio/test_edit_template_dialog.py::TestAccessibility::test_name_edit_has_accessible_name PASSED [ 88%]
tests/unit/ui/dialogs/voice_design_studio/test_edit_template_dialog.py::TestAccessibility::test_description_edit_has_accessible_name PASSED [ 88%]
tests/unit/ui/dialogs/voice_design_studio/test_edit_template_dialog.py::TestUILayout::test_dialog_has_minimum_width PASSED [ 88%]
tests/unit/ui/dialogs/voice_design_studio/test_edit_template_dialog.py::TestUILayout::test_dialog_has_minimum_height PASSED [ 88%]
tests/unit/ui/dialogs/voice_design_studio/test_edit_template_dialog.py::TestUILayout::test_save_button_is_default PASSED [ 88%]
tests/unit/ui/dialogs/voice_design_studio/test_edit_template_dialog.py::TestExistingTemplatesFiltering::test_current_template_excluded_from_duplicates PASSED [ 88%]
tests/unit/ui/dialogs/voice_design_studio/test_sample_path_panel.py::TestSamplePathPanelInit::test_panel_creation PASSED [ 88%]
tests/unit/ui/dialogs/voice_design_studio/test_sample_path_panel.py::TestSamplePathPanelInit::test_browse_button_exists PASSED [ 88%]
tests/unit/ui/dialogs/voice_design_studio/test_sample_path_panel.py::TestSamplePathPanelInit::test_file_label_exists PASSED [ 88%]
tests/unit/ui/dialogs/voice_design_studio/test_sample_path_panel.py::TestSamplePathPanelInit::test_voice_name_edit_exists PASSED [ 88%]
tests/unit/ui/dialogs/voice_design_studio/test_sample_path_panel.py::TestSamplePathPanelInit::test_audio_player_exists PASSED [ 88%]
tests/unit/ui/dialogs/voice_design_studio/test_sample_path_panel.py::TestSamplePathPanelInit::test_info_group_initially_hidden PASSED [ 88%]
tests/unit/ui/dialogs/voice_design_studio/test_sample_path_panel.py::TestSupportedFormats::test_supported_formats_constant PASSED [ 88%]
tests/unit/ui/dialogs/voice_design_studio/test_sample_path_panel.py::TestSupportedFormats::test_file_filter_includes_all_formats PASSED [ 88%]
tests/unit/ui/dialogs/voice_design_studio/test_sample_path_panel.py::TestDurationThresholds::test_min_duration_threshold PASSED [ 88%]
tests/unit/ui/dialogs/voice_design_studio/test_sample_path_panel.py::TestDurationThresholds::test_max_duration_threshold PASSED [ 89%]
tests/unit/ui/dialogs/voice_design_studio/test_sample_path_panel.py::TestFileLoading::test_load_valid_wav_file PASSED [ 89%]
tests/unit/ui/dialogs/voice_design_studio/test_sample_path_panel.py::TestFileLoading::test_load_file_updates_file_label PASSED [ 89%]
tests/unit/ui/dialogs/voice_design_studio/test_sample_path_panel.py::TestFileLoading::test_load_file_emits_file_loaded_signal PASSED [ 89%]
tests/unit/ui/dialogs/voice_design_studio/test_sample_path_panel.py::TestFileLoading::test_load_nonexistent_file_shows_error PASSED [ 89%]
tests/unit/ui/dialogs/voice_design_studio/test_sample_path_panel.py::TestUnsupportedFormats::test_unsupported_format_shows_error PASSED [ 89%]
tests/unit/ui/dialogs/voice_design_studio/test_sample_path_panel.py::TestUnsupportedFormats::test_unsupported_ogg_format PASSED [ 89%]
tests/unit/ui/dialogs/voice_design_studio/test_sample_path_panel.py::TestDurationWarnings::test_short_audio_shows_warning PASSED [ 89%]
tests/unit/ui/dialogs/voice_design_studio/test_sample_path_panel.py::TestDurationWarnings::test_long_audio_shows_warning PASSED [ 89%]
tests/unit/ui/dialogs/voice_design_studio/test_sample_path_panel.py::TestDurationWarnings::test_good_duration_no_warning PASSED [ 89%]
tests/unit/ui/dialogs/voice_design_studio/test_sample_path_panel.py::TestFileInfo::test_duration_displayed PASSED [ 89%]
tests/unit/ui/dialogs/voice_design_studio/test_sample_path_panel.py::TestFileInfo::test_format_displayed PASSED [ 89%]
tests/unit/ui/dialogs/voice_design_studio/test_sample_path_panel.py::TestSaveReadiness::test_initially_not_save_ready PASSED [ 89%]
tests/unit/ui/dialogs/voice_design_studio/test_sample_path_panel.py::TestSaveReadiness::test_save_ready_with_file_and_name PASSED [ 89%]
tests/unit/ui/dialogs/voice_design_studio/test_sample_path_panel.py::TestSaveReadiness::test_save_not_ready_without_name PASSED [ 89%]
tests/unit/ui/dialogs/voice_design_studio/test_sample_path_panel.py::TestSaveReadiness::test_save_ready_changed_signal PASSED [ 89%]
tests/unit/ui/dialogs/voice_design_studio/test_sample_path_panel.py::TestVoiceName::test_get_voice_name_empty PASSED [ 89%]
tests/unit/ui/dialogs/voice_design_studio/test_sample_path_panel.py::TestVoiceName::test_set_voice_name PASSED [ 89%]
tests/unit/ui/dialogs/voice_design_studio/test_sample_path_panel.py::TestVoiceName::test_get_voice_name_strips_whitespace PASSED [ 89%]
tests/unit/ui/dialogs/voice_design_studio/test_sample_path_panel.py::TestClear::test_clear_resets_state PASSED [ 89%]
tests/unit/ui/dialogs/voice_design_studio/test_sample_path_panel.py::TestAccessibility::test_browse_button_has_accessible_name PASSED [ 89%]
tests/unit/ui/dialogs/voice_design_studio/test_sample_path_panel.py::TestAccessibility::test_voice_name_has_accessible_name PASSED [ 89%]
tests/unit/ui/dialogs/voice_design_studio/test_sample_path_panel.py::TestSignals::test_file_loaded_signal_exists PASSED [ 89%]
tests/unit/ui/dialogs/voice_design_studio/test_sample_path_panel.py::TestSignals::test_content_changed_signal_exists PASSED [ 89%]
tests/unit/ui/dialogs/voice_design_studio/test_sample_path_panel.py::TestSignals::test_save_ready_changed_signal_exists PASSED [ 89%]
tests/unit/ui/dialogs/voice_design_studio/test_sample_path_panel.py::TestSignals::test_content_changed_emits_on_file_load PASSED [ 89%]
tests/unit/ui/dialogs/voice_design_studio/test_sample_path_panel.py::TestTranscriptSectionInit::test_transcript_group_exists PASSED [ 89%]
tests/unit/ui/dialogs/voice_design_studio/test_sample_path_panel.py::TestTranscriptSectionInit::test_transcript_group_initially_hidden PASSED [ 89%]
tests/unit/ui/dialogs/voice_design_studio/test_sample_path_panel.py::TestTranscriptSectionInit::test_transcript_edit_exists PASSED [ 89%]
tests/unit/ui/dialogs/voice_design_studio/test_sample_path_panel.py::TestTranscriptSectionInit::test_transcribe_button_exists PASSED [ 90%]
tests/unit/ui/dialogs/voice_design_studio/test_sample_path_panel.py::TestTranscriptSectionInit::test_transcribe_progress_exists PASSED [ 90%]
tests/unit/ui/dialogs/voice_design_studio/test_sample_path_panel.py::TestTranscriptSectionInit::test_transcribe_retry_button_exists PASSED [ 90%]
tests/unit/ui/dialogs/voice_design_studio/test_sample_path_panel.py::TestTranscriptVisibility::test_transcript_visible_after_file_load FAILED [ 90%]
tests/unit/ui/dialogs/voice_design_studio/test_sample_path_panel.py::TestTranscriptVisibility::test_transcript_hidden_after_clear PASSED [ 90%]
tests/unit/ui/dialogs/voice_design_studio/test_sample_path_panel.py::TestTranscriptionSignals::test_transcribe_requested_signal_exists PASSED [ 90%]
tests/unit/ui/dialogs/voice_design_studio/test_sample_path_panel.py::TestTranscriptionSignals::test_transcript_changed_signal_exists PASSED [ 90%]
tests/unit/ui/dialogs/voice_design_studio/test_sample_path_panel.py::TestTranscriptionSignals::test_transcribe_button_emits_signal PASSED [ 90%]
tests/unit/ui/dialogs/voice_design_studio/test_sample_path_panel.py::TestTranscriptionSignals::test_transcript_changed_emits_on_text_change PASSED [ 90%]
tests/unit/ui/dialogs/voice_design_studio/test_sample_path_panel.py::TestTranscriptionState::test_set_transcribing_shows_progress FAILED [ 90%]
tests/unit/ui/dialogs/voice_design_studio/test_sample_path_panel.py::TestTranscriptionState::test_set_transcribing_false_hides_progress PASSED [ 90%]
tests/unit/ui/dialogs/voice_design_studio/test_sample_path_panel.py::TestTranscriptionState::test_is_transcribing_tracks_state PASSED [ 90%]
tests/unit/ui/dialogs/voice_design_studio/test_sample_path_panel.py::TestTranscriptionComplete::test_set_transcription_complete_sets_text PASSED [ 90%]
tests/unit/ui/dialogs/voice_design_studio/test_sample_path_panel.py::TestTranscriptionComplete::test_set_transcription_complete_hides_progress PASSED [ 90%]
tests/unit/ui/dialogs/voice_design_studio/test_sample_path_panel.py::TestTranscriptionComplete::test_set_transcription_complete_shows_success_status PASSED [ 90%]
tests/unit/ui/dialogs/voice_design_studio/test_sample_path_panel.py::TestTranscriptionError::test_set_transcription_error_shows_error PASSED [ 90%]
tests/unit/ui/dialogs/voice_design_studio/test_sample_path_panel.py::TestTranscriptionError::test_set_transcription_error_shows_retry FAILED [ 90%]
tests/unit/ui/dialogs/voice_design_studio/test_sample_path_panel.py::TestTranscriptionError::test_set_transcription_error_enables_controls PASSED [ 90%]
tests/unit/ui/dialogs/voice_design_studio/test_sample_path_panel.py::TestTranscriptionError::test_has_transcription_error PASSED [ 90%]
tests/unit/ui/dialogs/voice_design_studio/test_sample_path_panel.py::TestTranscriptionError::test_retry_button_emits_transcribe_requested PASSED [ 90%]
tests/unit/ui/dialogs/voice_design_studio/test_sample_path_panel.py::TestTranscriptText::test_get_transcript_empty_initially PASSED [ 90%]
tests/unit/ui/dialogs/voice_design_studio/test_sample_path_panel.py::TestTranscriptText::test_set_transcript PASSED [ 90%]
tests/unit/ui/dialogs/voice_design_studio/test_sample_path_panel.py::TestTranscriptText::test_get_transcript_strips_whitespace PASSED [ 90%]
tests/unit/ui/dialogs/voice_design_studio/test_sample_path_panel.py::TestTranscriptText::test_has_transcript_false_when_empty PASSED [ 90%]
tests/unit/ui/dialogs/voice_design_studio/test_sample_path_panel.py::TestTranscriptText::test_has_transcript_true_when_text PASSED [ 90%]
tests/unit/ui/dialogs/voice_design_studio/test_sample_path_panel.py::TestTranscriptionClear::test_clear_resets_transcript_text PASSED [ 90%]
tests/unit/ui/dialogs/voice_design_studio/test_sample_path_panel.py::TestTranscriptionClear::test_clear_resets_transcribing_state PASSED [ 90%]
tests/unit/ui/dialogs/voice_design_studio/test_sample_path_panel.py::TestTranscriptionClear::test_clear_resets_error_state PASSED [ 90%]
tests/unit/ui/dialogs/voice_design_studio/test_sample_path_panel.py::TestTranscriptionClear::test_clear_hides_retry_button PASSED [ 90%]
tests/unit/ui/dialogs/voice_design_studio/test_sample_path_panel.py::TestTranscriptionClear::test_clear_hides_progress PASSED [ 90%]
tests/unit/ui/dialogs/voice_design_studio/test_sample_path_panel.py::TestTranscriptionAccessibility::test_transcript_edit_has_accessible_name PASSED [ 91%]
tests/unit/ui/dialogs/voice_design_studio/test_sample_path_panel.py::TestTranscriptionAccessibility::test_transcribe_button_has_accessible_name PASSED [ 91%]
tests/unit/ui/dialogs/voice_design_studio/test_sample_path_panel.py::TestTranscriptionAccessibility::test_retry_button_has_accessible_name PASSED [ 91%]
tests/unit/ui/dialogs/voice_design_studio/test_sample_path_panel.py::TestExtractSectionInit::test_extract_group_exists PASSED [ 91%]
tests/unit/ui/dialogs/voice_design_studio/test_sample_path_panel.py::TestExtractSectionInit::test_extract_group_initially_hidden PASSED [ 91%]
tests/unit/ui/dialogs/voice_design_studio/test_sample_path_panel.py::TestExtractSectionInit::test_preview_text_edit_exists PASSED [ 91%]
tests/unit/ui/dialogs/voice_design_studio/test_sample_path_panel.py::TestExtractSectionInit::test_extract_button_exists PASSED [ 91%]
tests/unit/ui/dialogs/voice_design_studio/test_sample_path_panel.py::TestExtractSectionInit::test_extract_button_initially_disabled PASSED [ 91%]
tests/unit/ui/dialogs/voice_design_studio/test_sample_path_panel.py::TestExtractSectionInit::test_extract_progress_exists PASSED [ 91%]
tests/unit/ui/dialogs/voice_design_studio/test_sample_path_panel.py::TestExtractSectionInit::test_extract_retry_button_exists PASSED [ 91%]
tests/unit/ui/dialogs/voice_design_studio/test_sample_path_panel.py::TestExtractSectionInit::test_preview_audio_group_exists PASSED [ 91%]
tests/unit/ui/dialogs/voice_design_studio/test_sample_path_panel.py::TestExtractSectionInit::test_preview_audio_player_exists PASSED [ 91%]
tests/unit/ui/dialogs/voice_design_studio/test_sample_path_panel.py::TestExtractVisibility::test_extract_visible_after_file_load FAILED [ 91%]
tests/unit/ui/dialogs/voice_design_studio/test_sample_path_panel.py::TestExtractVisibility::test_extract_hidden_after_clear PASSED [ 91%]
tests/unit/ui/dialogs/voice_design_studio/test_sample_path_panel.py::TestExtractButtonState::test_extract_button_disabled_without_preview_text PASSED [ 91%]
tests/unit/ui/dialogs/voice_design_studio/test_sample_path_panel.py::TestExtractButtonState::test_extract_button_enabled_with_preview_text PASSED [ 91%]
tests/unit/ui/dialogs/voice_design_studio/test_sample_path_panel.py::TestExtractButtonState::test_extract_button_disabled_when_text_cleared PASSED [ 91%]
tests/unit/ui/dialogs/voice_design_studio/test_sample_path_panel.py::TestExtractionSignals::test_extract_requested_signal_exists PASSED [ 91%]
tests/unit/ui/dialogs/voice_design_studio/test_sample_path_panel.py::TestExtractionSignals::test_preview_text_changed_signal_exists PASSED [ 91%]
tests/unit/ui/dialogs/voice_design_studio/test_sample_path_panel.py::TestExtractionSignals::test_extract_button_emits_signal PASSED [ 91%]
tests/unit/ui/dialogs/voice_design_studio/test_sample_path_panel.py::TestExtractionSignals::test_preview_text_changed_emits_on_change PASSED [ 91%]
tests/unit/ui/dialogs/voice_design_studio/test_sample_path_panel.py::TestExtractionState::test_set_extracting_shows_progress FAILED [ 91%]
tests/unit/ui/dialogs/voice_design_studio/test_sample_path_panel.py::TestExtractionState::test_set_extracting_false_hides_progress PASSED [ 91%]
tests/unit/ui/dialogs/voice_design_studio/test_sample_path_panel.py::TestExtractionState::test_is_extracting_tracks_state PASSED [ 91%]
tests/unit/ui/dialogs/voice_design_studio/test_sample_path_panel.py::TestExtractionComplete::test_set_extraction_complete_shows_preview FAILED [ 91%]
tests/unit/ui/dialogs/voice_design_studio/test_sample_path_panel.py::TestExtractionComplete::test_set_extraction_complete_sets_audio_path PASSED [ 91%]
tests/unit/ui/dialogs/voice_design_studio/test_sample_path_panel.py::TestExtractionComplete::test_set_extraction_complete_enables_save PASSED [ 91%]
tests/unit/ui/dialogs/voice_design_studio/test_sample_path_panel.py::TestExtractionComplete::test_has_generated_preview PASSED [ 91%]
tests/unit/ui/dialogs/voice_design_studio/test_sample_path_panel.py::TestExtractionError::test_set_extraction_error_shows_error PASSED [ 91%]
tests/unit/ui/dialogs/voice_design_studio/test_sample_path_panel.py::TestExtractionError::test_set_extraction_error_shows_suggestions PASSED [ 92%]
tests/unit/ui/dialogs/voice_design_studio/test_sample_path_panel.py::TestExtractionError::test_set_extraction_error_shows_retry FAILED [ 92%]
tests/unit/ui/dialogs/voice_design_studio/test_sample_path_panel.py::TestExtractionError::test_set_extraction_error_hides_preview PASSED [ 92%]
tests/unit/ui/dialogs/voice_design_studio/test_sample_path_panel.py::TestExtractionError::test_has_extraction_error PASSED [ 92%]
tests/unit/ui/dialogs/voice_design_studio/test_sample_path_panel.py::TestExtractionError::test_retry_button_emits_extract_requested PASSED [ 92%]
tests/unit/ui/dialogs/voice_design_studio/test_sample_path_panel.py::TestPreviewText::test_get_preview_text_empty_initially PASSED [ 92%]
tests/unit/ui/dialogs/voice_design_studio/test_sample_path_panel.py::TestPreviewText::test_set_preview_text PASSED [ 92%]
tests/unit/ui/dialogs/voice_design_studio/test_sample_path_panel.py::TestPreviewText::test_get_preview_text_strips_whitespace PASSED [ 92%]
tests/unit/ui/dialogs/voice_design_studio/test_sample_path_panel.py::TestPreviewText::test_has_preview_text_false_when_empty PASSED [ 92%]
tests/unit/ui/dialogs/voice_design_studio/test_sample_path_panel.py::TestPreviewText::test_has_preview_text_true_when_text PASSED [ 92%]
tests/unit/ui/dialogs/voice_design_studio/test_sample_path_panel.py::TestExtractionClear::test_clear_resets_preview_text PASSED [ 92%]
tests/unit/ui/dialogs/voice_design_studio/test_sample_path_panel.py::TestExtractionClear::test_clear_resets_extracting_state PASSED [ 92%]
tests/unit/ui/dialogs/voice_design_studio/test_sample_path_panel.py::TestExtractionClear::test_clear_resets_extraction_error_state PASSED [ 92%]
tests/unit/ui/dialogs/voice_design_studio/test_sample_path_panel.py::TestExtractionClear::test_clear_hides_extract_retry_button PASSED [ 92%]
tests/unit/ui/dialogs/voice_design_studio/test_sample_path_panel.py::TestExtractionClear::test_clear_hides_extract_progress PASSED [ 92%]
tests/unit/ui/dialogs/voice_design_studio/test_sample_path_panel.py::TestExtractionClear::test_clear_hides_preview_audio PASSED [ 92%]
tests/unit/ui/dialogs/voice_design_studio/test_sample_path_panel.py::TestExtractionClear::test_clear_resets_generated_audio_path PASSED [ 92%]
tests/unit/ui/dialogs/voice_design_studio/test_sample_path_panel.py::TestExtractionAccessibility::test_preview_text_edit_has_accessible_name PASSED [ 92%]
tests/unit/ui/dialogs/voice_design_studio/test_sample_path_panel.py::TestExtractionAccessibility::test_extract_button_has_accessible_name PASSED [ 92%]
tests/unit/ui/dialogs/voice_design_studio/test_sample_path_panel.py::TestExtractionAccessibility::test_extract_retry_button_has_accessible_name PASSED [ 92%]
tests/unit/ui/dialogs/voice_design_studio/test_sample_path_panel.py::TestSaveReadinessWithExtraction::test_not_save_ready_without_extraction PASSED [ 92%]
tests/unit/ui/dialogs/voice_design_studio/test_sample_path_panel.py::TestSaveReadinessWithExtraction::test_save_ready_after_extraction_with_name PASSED [ 92%]
tests/unit/ui/dialogs/voice_design_studio/test_sample_path_panel.py::TestTranscriptModifiedIndicator::test_transcript_modified_label_exists PASSED [ 92%]
tests/unit/ui/dialogs/voice_design_studio/test_sample_path_panel.py::TestTranscriptModifiedIndicator::test_transcript_modified_label_initially_hidden PASSED [ 92%]
tests/unit/ui/dialogs/voice_design_studio/test_sample_path_panel.py::TestTranscriptModifiedIndicator::test_no_modified_state_before_extraction PASSED [ 92%]
tests/unit/ui/dialogs/voice_design_studio/test_sample_path_panel.py::TestTranscriptModifiedIndicator::test_modified_indicator_after_transcript_change FAILED [ 92%]
tests/unit/ui/dialogs/voice_design_studio/test_sample_path_panel.py::TestTranscriptModifiedIndicator::test_modified_indicator_hidden_after_re_extraction FAILED [ 92%]
tests/unit/ui/dialogs/voice_design_studio/test_sample_path_panel.py::TestTranscriptModifiedIndicator::test_modified_indicator_false_when_reverted FAILED [ 92%]
tests/unit/ui/dialogs/voice_design_studio/test_sample_path_panel.py::TestLastExtractedTranscript::test_get_last_extracted_transcript_initially_none PASSED [ 92%]
tests/unit/ui/dialogs/voice_design_studio/test_sample_path_panel.py::TestLastExtractedTranscript::test_get_last_extracted_transcript_after_extraction PASSED [ 93%]
tests/unit/ui/dialogs/voice_design_studio/test_sample_path_panel.py::TestLastExtractedTranscript::test_has_had_extraction_false_initially PASSED [ 93%]
tests/unit/ui/dialogs/voice_design_studio/test_sample_path_panel.py::TestLastExtractedTranscript::test_has_had_extraction_true_after_extraction PASSED [ 93%]
tests/unit/ui/dialogs/voice_design_studio/test_sample_path_panel.py::TestReExtractionBehavior::test_extract_button_remains_available_after_extraction PASSED [ 93%]
tests/unit/ui/dialogs/voice_design_studio/test_sample_path_panel.py::TestReExtractionBehavior::test_re_extraction_clears_previous_preview PASSED [ 93%]
tests/unit/ui/dialogs/voice_design_studio/test_sample_path_panel.py::TestReExtractionBehavior::test_only_most_recent_extraction_retained PASSED [ 93%]
tests/unit/ui/dialogs/voice_design_studio/test_sample_path_panel.py::TestReExtractionBehavior::test_changing_preview_text_after_extraction PASSED [ 93%]
tests/unit/ui/dialogs/voice_design_studio/test_sample_path_panel.py::TestReExtractionClear::test_clear_resets_last_extracted_transcript PASSED [ 93%]
tests/unit/ui/dialogs/voice_design_studio/test_sample_path_panel.py::TestReExtractionClear::test_clear_resets_transcript_modified_state PASSED [ 93%]
tests/unit/ui/dialogs/voice_design_studio/test_sample_path_panel.py::TestReExtractionClear::test_clear_hides_modified_indicator FAILED [ 93%]
tests/unit/ui/dialogs/voice_design_studio/test_sample_path_panel.py::TestTranscriptModifiedAccessibility::test_transcript_modified_label_has_accessible_name PASSED [ 93%]
tests/unit/ui/dialogs/voice_design_studio/test_voice_design_studio_dialog.py::TestVoiceDesignStudioDialogInit::test_dialog_creation PASSED [ 93%]
tests/unit/ui/dialogs/voice_design_studio/test_voice_design_studio_dialog.py::TestVoiceDesignStudioDialogInit::test_dialog_title PASSED [ 93%]
tests/unit/ui/dialogs/voice_design_studio/test_voice_design_studio_dialog.py::TestVoiceDesignStudioDialogInit::test_dialog_is_modal PASSED [ 93%]
tests/unit/ui/dialogs/voice_design_studio/test_voice_design_studio_dialog.py::TestVoiceDesignStudioDialogInit::test_dialog_has_close_button PASSED [ 93%]
tests/unit/ui/dialogs/voice_design_studio/test_voice_design_studio_dialog.py::TestVoiceDesignStudioTabs::test_tab_widget_exists PASSED [ 93%]
tests/unit/ui/dialogs/voice_design_studio/test_voice_design_studio_dialog.py::TestVoiceDesignStudioTabs::test_has_two_tabs FAILED [ 93%]
tests/unit/ui/dialogs/voice_design_studio/test_voice_design_studio_dialog.py::TestVoiceDesignStudioTabs::test_first_tab_is_from_description PASSED [ 93%]
tests/unit/ui/dialogs/voice_design_studio/test_voice_design_studio_dialog.py::TestVoiceDesignStudioTabs::test_second_tab_is_from_sample FAILED [ 93%]
tests/unit/ui/dialogs/voice_design_studio/test_voice_design_studio_dialog.py::TestVoiceDesignStudioTabs::test_from_description_tab_active_by_default PASSED [ 93%]
tests/unit/ui/dialogs/voice_design_studio/test_voice_design_studio_dialog.py::TestVoiceDesignStudioTabs::test_tab_switching_works PASSED [ 93%]
tests/unit/ui/dialogs/voice_design_studio/test_voice_design_studio_dialog.py::TestVoiceDesignStudioTabs::test_get_active_path_description PASSED [ 93%]
tests/unit/ui/dialogs/voice_design_studio/test_voice_design_studio_dialog.py::TestVoiceDesignStudioTabs::test_get_active_path_sample PASSED [ 93%]
tests/unit/ui/dialogs/voice_design_studio/test_voice_design_studio_dialog.py::TestVoiceDesignStudioButtons::test_cancel_button_exists PASSED [ 93%]
tests/unit/ui/dialogs/voice_design_studio/test_voice_design_studio_dialog.py::TestVoiceDesignStudioButtons::test_save_button_exists FAILED [ 93%]
tests/unit/ui/dialogs/voice_design_studio/test_voice_design_studio_dialog.py::TestVoiceDesignStudioButtons::test_save_button_initially_disabled FAILED [ 93%]
tests/unit/ui/dialogs/voice_design_studio/test_voice_design_studio_dialog.py::TestVoiceDesignStudioSignals::test_voice_saved_signal_exists PASSED [ 93%]
tests/unit/ui/dialogs/voice_design_studio/test_voice_design_studio_dialog.py::TestVoiceDesignStudioSignals::test_dialog_closing_signal_exists PASSED [ 93%]
tests/unit/ui/dialogs/voice_design_studio/test_voice_design_studio_dialog.py::TestVoiceDesignStudioSignals::test_dialog_closing_emits_on_cancel PASSED [ 93%]
tests/unit/ui/dialogs/voice_design_studio/test_voice_design_studio_dialog.py::TestVoiceDesignStudioAccessibility::test_dialog_has_accessible_name PASSED [ 93%]
tests/unit/ui/dialogs/voice_design_studio/test_voice_design_studio_dialog.py::TestVoiceDesignStudioAccessibility::test_tab_widget_has_accessible_name FAILED [ 94%]
tests/unit/ui/dialogs/voice_design_studio/test_voice_design_studio_dialog.py::TestVoiceDesignStudioAccessibility::test_cancel_button_has_accessible_name PASSED [ 94%]
tests/unit/ui/dialogs/voice_design_studio/test_voice_design_studio_dialog.py::TestVoiceDesignStudioAccessibility::test_save_button_has_accessible_name FAILED [ 94%]
tests/unit/ui/dialogs/voice_design_studio/test_voice_design_studio_dialog.py::TestVoiceDesignStudioUnsavedWorkTracking::test_initial_no_unsaved_work PASSED [ 94%]
tests/unit/ui/dialogs/voice_design_studio/test_voice_design_studio_dialog.py::TestVoiceDesignStudioUnsavedWorkTracking::test_set_has_unsaved_work PASSED [ 94%]
tests/unit/ui/dialogs/voice_design_studio/test_voice_design_studio_dialog.py::TestVoiceDesignStudioUnsavedWorkTracking::test_closing_emits_unsaved_work_flag PASSED [ 94%]
tests/unit/ui/dialogs/voice_design_studio/test_voice_design_studio_dialog.py::TestSaveButtonState::test_save_button_initially_disabled FAILED [ 94%]
tests/unit/ui/dialogs/voice_design_studio/test_voice_design_studio_dialog.py::TestSaveButtonState::test_save_button_enabled_when_save_ready FAILED [ 94%]
tests/unit/ui/dialogs/voice_design_studio/test_voice_design_studio_dialog.py::TestSaveButtonState::test_save_button_disabled_when_save_not_ready FAILED [ 94%]
tests/unit/ui/dialogs/voice_design_studio/test_voice_design_studio_dialog.py::TestSaveButtonState::test_tab_switch_disables_save_on_sample_tab FAILED [ 94%]
tests/unit/ui/dialogs/voice_design_studio/test_voice_design_studio_dialog.py::TestSaveButtonState::test_tab_switch_restores_save_state_on_description_tab FAILED [ 94%]
tests/unit/ui/dialogs/voice_design_studio/test_voice_design_studio_dialog.py::TestGetEmbeddingsSaveDir::test_get_embeddings_save_dir_returns_path PASSED [ 94%]
tests/unit/ui/dialogs/voice_design_studio/test_voice_design_studio_dialog.py::TestGetEmbeddingsSaveDir::test_get_embeddings_save_dir_ends_with_embeddings PASSED [ 94%]
tests/unit/ui/dialogs/voice_design_studio/test_voice_design_studio_dialog.py::TestSaveFromDescription::test_voice_saved_signal_emits_on_save PASSED [ 94%]
tests/unit/ui/dialogs/voice_design_studio/test_voice_design_studio_dialog.py::TestSaveFromDescription::test_save_creates_directory PASSED [ 94%]
tests/unit/ui/dialogs/voice_design_studio/test_voice_design_studio_dialog.py::TestSaveFromDescription::test_save_creates_embedding_file PASSED [ 94%]
tests/unit/ui/dialogs/voice_design_studio/test_voice_design_studio_dialog.py::TestSaveFromDescription::test_save_creates_metadata_file PASSED [ 94%]
tests/unit/ui/dialogs/voice_design_studio/test_voice_design_studio_dialog.py::TestSaveFromDescription::test_save_clears_unsaved_work_flag PASSED [ 94%]
tests/unit/ui/dialogs/voice_design_studio/test_voice_design_studio_dialog.py::TestRegenerateAllVariations::test_regenerate_requested_signal_connected PASSED [ 94%]
tests/unit/ui/dialogs/voice_design_studio/test_voice_design_studio_dialog.py::TestRegenerateAllVariations::test_regenerate_uses_current_description PASSED [ 94%]
tests/unit/ui/dialogs/voice_design_studio/test_voice_design_studio_dialog.py::TestRegenerateAllVariations::test_regenerate_uses_current_preview_text PASSED [ 94%]
tests/unit/ui/dialogs/voice_design_studio/test_voice_design_studio_dialog.py::TestSampleTab::test_sample_panel_exists FAILED [ 94%]
tests/unit/ui/dialogs/voice_design_studio/test_voice_design_studio_dialog.py::TestSampleTab::test_sample_panel_is_sample_path_panel FAILED [ 94%]
tests/unit/ui/dialogs/voice_design_studio/test_voice_design_studio_dialog.py::TestSampleTab::test_sample_tab_has_browse_button FAILED [ 94%]
tests/unit/ui/dialogs/voice_design_studio/test_voice_design_studio_dialog.py::TestSampleTab::test_switch_to_sample_tab PASSED [ 94%]
tests/unit/ui/dialogs/voice_design_studio/test_voice_design_studio_dialog.py::TestSampleTab::test_save_button_disabled_on_sample_tab_initially FAILED [ 94%]
tests/unit/ui/dialogs/voice_design_studio/test_voice_design_studio_dialog.py::TestSampleTabSaveReady::test_save_button_enabled_when_sample_ready FAILED [ 94%]
tests/unit/ui/dialogs/voice_design_studio/test_voice_design_studio_dialog.py::TestSampleTabSaveReady::test_tab_switch_updates_save_button FAILED [ 94%]
tests/unit/ui/dialogs/voice_design_studio/test_voice_design_studio_dialog.py::TestSampleTabSignals::test_file_loaded_sets_unsaved_work FAILED [ 94%]
tests/unit/ui/dialogs/voice_design_studio/test_voice_design_studio_dialog.py::TestSessionManagement::test_dialog_creates_session_manager PASSED [ 95%]
tests/unit/ui/dialogs/voice_design_studio/test_voice_design_studio_dialog.py::TestSessionManagement::test_dialog_has_session_dir_property PASSED [ 95%]
tests/unit/ui/dialogs/voice_design_studio/test_voice_design_studio_dialog.py::TestSessionManagement::test_session_dir_is_unique FAILED [ 95%]
tests/unit/ui/dialogs/voice_design_studio/test_voice_design_studio_dialog.py::TestSessionManagement::test_close_event_preserves_session PASSED [ 95%]
tests/unit/ui/dialogs/voice_design_studio/test_voice_design_studio_dialog.py::TestSessionManagement::test_cancel_button_preserves_session PASSED [ 95%]
tests/unit/ui/dialogs/voice_design_studio/test_voice_design_studio_dialog.py::TestSessionManagement::test_session_files_preserved_until_regenerate PASSED [ 95%]
tests/unit/ui/dialogs/voice_design_studio/test_voice_variant_list.py::TestVoiceVariantListInit::test_list_creation PASSED [ 95%]
tests/unit/ui/dialogs/voice_design_studio/test_voice_variant_list.py::TestVoiceVariantListInit::test_list_has_5_rows PASSED [ 95%]
tests/unit/ui/dialogs/voice_design_studio/test_voice_variant_list.py::TestVoiceVariantListInit::test_list_has_status_label PASSED [ 95%]
tests/unit/ui/dialogs/voice_design_studio/test_voice_variant_list.py::TestVoiceVariantListInit::test_list_has_regenerate_button PASSED [ 95%]
tests/unit/ui/dialogs/voice_design_studio/test_voice_variant_list.py::TestVoiceVariantListInit::test_regenerate_button_initially_hidden PASSED [ 95%]
tests/unit/ui/dialogs/voice_design_studio/test_voice_variant_list.py::TestVoiceVariantListInit::test_no_initial_selection PASSED [ 95%]
tests/unit/ui/dialogs/voice_design_studio/test_voice_variant_list.py::TestVoiceVariantListStartGeneration::test_start_generation_sets_all_waiting PASSED [ 95%]
tests/unit/ui/dialogs/voice_design_studio/test_voice_variant_list.py::TestVoiceVariantListStartGeneration::test_start_generation_clears_selection PASSED [ 95%]
tests/unit/ui/dialogs/voice_design_studio/test_voice_variant_list.py::TestVoiceVariantListStartGeneration::test_is_generating_returns_true PASSED [ 95%]
tests/unit/ui/dialogs/voice_design_studio/test_voice_variant_list.py::TestVoiceVariantListProgressiveReveal::test_set_variant_generating PASSED [ 95%]
tests/unit/ui/dialogs/voice_design_studio/test_voice_variant_list.py::TestVoiceVariantListProgressiveReveal::test_other_rows_remain_waiting PASSED [ 95%]
tests/unit/ui/dialogs/voice_design_studio/test_voice_variant_list.py::TestVoiceVariantListProgressiveReveal::test_set_variant_complete PASSED [ 95%]
tests/unit/ui/dialogs/voice_design_studio/test_voice_variant_list.py::TestVoiceVariantListProgressiveReveal::test_complete_count_updates PASSED [ 95%]
tests/unit/ui/dialogs/voice_design_studio/test_voice_variant_list.py::TestVoiceVariantListAllComplete::test_all_complete_signal_emitted PASSED [ 95%]
tests/unit/ui/dialogs/voice_design_studio/test_voice_variant_list.py::TestVoiceVariantListAllComplete::test_is_generating_false_when_all_complete PASSED [ 95%]
tests/unit/ui/dialogs/voice_design_studio/test_voice_variant_list.py::TestVoiceVariantListAllComplete::test_regenerate_button_shown_when_complete PASSED [ 95%]
tests/unit/ui/dialogs/voice_design_studio/test_voice_variant_list.py::TestVoiceVariantListAllComplete::test_status_shows_5_ready PASSED [ 95%]
tests/unit/ui/dialogs/voice_design_studio/test_voice_variant_list.py::TestVoiceVariantListSelection::test_variant_selected_signal PASSED [ 95%]
tests/unit/ui/dialogs/voice_design_studio/test_voice_variant_list.py::TestVoiceVariantListSelection::test_get_selected_index PASSED [ 95%]
tests/unit/ui/dialogs/voice_design_studio/test_voice_variant_list.py::TestVoiceVariantListSelection::test_get_selected_variant_returns_paths PASSED [ 95%]
tests/unit/ui/dialogs/voice_design_studio/test_voice_variant_list.py::TestVoiceVariantListSelection::test_only_one_selection_at_a_time PASSED [ 95%]
tests/unit/ui/dialogs/voice_design_studio/test_voice_variant_list.py::TestVoiceVariantListError::test_set_variant_error PASSED [ 95%]
tests/unit/ui/dialogs/voice_design_studio/test_voice_variant_list.py::TestVoiceVariantListError::test_partial_success PASSED [ 95%]
tests/unit/ui/dialogs/voice_design_studio/test_voice_variant_list.py::TestVoiceVariantListClear::test_clear_resets_all_rows PASSED [ 95%]
tests/unit/ui/dialogs/voice_design_studio/test_voice_variant_list.py::TestVoiceVariantListClear::test_clear_clears_selection PASSED [ 96%]
tests/unit/ui/dialogs/voice_design_studio/test_voice_variant_list.py::TestVoiceVariantListSignals::test_variant_selected_signal_exists PASSED [ 96%]
tests/unit/ui/dialogs/voice_design_studio/test_voice_variant_list.py::TestVoiceVariantListSignals::test_variant_deselected_signal_exists PASSED [ 96%]
tests/unit/ui/dialogs/voice_design_studio/test_voice_variant_list.py::TestVoiceVariantListSignals::test_all_complete_signal_exists PASSED [ 96%]
tests/unit/ui/dialogs/voice_design_studio/test_voice_variant_list.py::TestVoiceVariantListSignals::test_generation_progress_signal_exists PASSED [ 96%]
tests/unit/ui/dialogs/voice_design_studio/test_voice_variant_list.py::TestVoiceVariantListAccessibility::test_list_has_accessible_name PASSED [ 96%]
tests/unit/ui/dialogs/voice_design_studio/test_voice_variant_list.py::TestVoiceVariantListAccessibility::test_regenerate_button_has_accessible_name PASSED [ 96%]
tests/unit/ui/dialogs/voice_design_studio/test_voice_variant_row.py::TestVoiceVariantRowInit::test_row_creation PASSED [ 96%]
tests/unit/ui/dialogs/voice_design_studio/test_voice_variant_row.py::TestVoiceVariantRowInit::test_row_has_variant_index PASSED [ 96%]
tests/unit/ui/dialogs/voice_design_studio/test_voice_variant_row.py::TestVoiceVariantRowInit::test_row_initial_state_is_waiting PASSED [ 96%]
tests/unit/ui/dialogs/voice_design_studio/test_voice_variant_row.py::TestVoiceVariantRowInit::test_row_has_radio_button PASSED [ 96%]
tests/unit/ui/dialogs/voice_design_studio/test_voice_variant_row.py::TestVoiceVariantRowInit::test_row_has_variant_label PASSED [ 96%]
tests/unit/ui/dialogs/voice_design_studio/test_voice_variant_row.py::TestVoiceVariantRowInit::test_row_has_status_label PASSED [ 96%]
tests/unit/ui/dialogs/voice_design_studio/test_voice_variant_row.py::TestVoiceVariantRowInit::test_row_has_play_button PASSED [ 96%]
tests/unit/ui/dialogs/voice_design_studio/test_voice_variant_row.py::TestVoiceVariantRowWaitingState::test_waiting_state_shows_waiting_text PASSED [ 96%]
tests/unit/ui/dialogs/voice_design_studio/test_voice_variant_row.py::TestVoiceVariantRowWaitingState::test_waiting_state_disables_radio_button PASSED [ 96%]
tests/unit/ui/dialogs/voice_design_studio/test_voice_variant_row.py::TestVoiceVariantRowWaitingState::test_waiting_state_hides_play_button PASSED [ 96%]
tests/unit/ui/dialogs/voice_design_studio/test_voice_variant_row.py::TestVoiceVariantRowWaitingState::test_waiting_state_hides_duration PASSED [ 96%]
tests/unit/ui/dialogs/voice_design_studio/test_voice_variant_row.py::TestVoiceVariantRowGeneratingState::test_generating_state_shows_generating_text PASSED [ 96%]
tests/unit/ui/dialogs/voice_design_studio/test_voice_variant_row.py::TestVoiceVariantRowGeneratingState::test_generating_state_disables_radio_button PASSED [ 96%]
tests/unit/ui/dialogs/voice_design_studio/test_voice_variant_row.py::TestVoiceVariantRowGeneratingState::test_generating_state_hides_play_button PASSED [ 96%]
tests/unit/ui/dialogs/voice_design_studio/test_voice_variant_row.py::TestVoiceVariantRowCompleteState::test_complete_state_shows_ready PASSED [ 96%]
tests/unit/ui/dialogs/voice_design_studio/test_voice_variant_row.py::TestVoiceVariantRowCompleteState::test_complete_state_enables_radio_button PASSED [ 96%]
tests/unit/ui/dialogs/voice_design_studio/test_voice_variant_row.py::TestVoiceVariantRowCompleteState::test_complete_state_shows_play_button PASSED [ 96%]
tests/unit/ui/dialogs/voice_design_studio/test_voice_variant_row.py::TestVoiceVariantRowCompleteState::test_complete_state_shows_duration PASSED [ 96%]
tests/unit/ui/dialogs/voice_design_studio/test_voice_variant_row.py::TestVoiceVariantRowCompleteState::test_complete_state_stores_paths PASSED [ 96%]
tests/unit/ui/dialogs/voice_design_studio/test_voice_variant_row.py::TestVoiceVariantRowCompleteState::test_is_complete_returns_true PASSED [ 96%]
tests/unit/ui/dialogs/voice_design_studio/test_voice_variant_row.py::TestVoiceVariantRowErrorState::test_error_state_shows_failed PASSED [ 96%]
tests/unit/ui/dialogs/voice_design_studio/test_voice_variant_row.py::TestVoiceVariantRowErrorState::test_error_state_disables_radio_button PASSED [ 96%]
tests/unit/ui/dialogs/voice_design_studio/test_voice_variant_row.py::TestVoiceVariantRowErrorState::test_error_state_hides_play_button PASSED [ 97%]
tests/unit/ui/dialogs/voice_design_studio/test_voice_variant_row.py::TestVoiceVariantRowErrorState::test_is_error_returns_true PASSED [ 97%]
tests/unit/ui/dialogs/voice_design_studio/test_voice_variant_row.py::TestVoiceVariantRowSelection::test_set_selected_true PASSED [ 97%]
tests/unit/ui/dialogs/voice_design_studio/test_voice_variant_row.py::TestVoiceVariantRowSelection::test_set_selected_false PASSED [ 97%]
tests/unit/ui/dialogs/voice_design_studio/test_voice_variant_row.py::TestVoiceVariantRowPlayback::test_set_playing_true PASSED [ 97%]
tests/unit/ui/dialogs/voice_design_studio/test_voice_variant_row.py::TestVoiceVariantRowPlayback::test_set_playing_false PASSED [ 97%]
tests/unit/ui/dialogs/voice_design_studio/test_voice_variant_row.py::TestVoiceVariantRowClear::test_clear_resets_to_waiting PASSED [ 97%]
tests/unit/ui/dialogs/voice_design_studio/test_voice_variant_row.py::TestVoiceVariantRowSignals::test_selection_changed_signal_exists PASSED [ 97%]
tests/unit/ui/dialogs/voice_design_studio/test_voice_variant_row.py::TestVoiceVariantRowSignals::test_play_requested_signal_exists PASSED [ 97%]
tests/unit/ui/dialogs/voice_design_studio/test_voice_variant_row.py::TestVoiceVariantRowSignals::test_stop_requested_signal_exists PASSED [ 97%]
tests/unit/ui/dialogs/voice_design_studio/test_voice_variant_row.py::TestVoiceVariantRowAccessibility::test_radio_button_has_accessible_name PASSED [ 97%]
tests/unit/ui/dialogs/voice_design_studio/test_voice_variant_row.py::TestVoiceVariantRowAccessibility::test_play_button_has_accessible_name PASSED [ 97%]
tests/unit/ui/test_service_status_indicator_preparing_voice.py::TestPreparingVoiceLabel::test_steady_state_label_is_service_name PASSED [ 97%]
tests/unit/ui/test_service_status_indicator_preparing_voice.py::TestPreparingVoiceLabel::test_message_set_changes_label_and_bolds_it PASSED [ 97%]
tests/unit/ui/test_service_status_indicator_preparing_voice.py::TestPreparingVoiceLabel::test_short_message_passes_through_untruncated PASSED [ 97%]
tests/unit/ui/test_service_status_indicator_preparing_voice.py::TestPreparingVoiceLabel::test_message_cleared_restores_service_name_and_unbold PASSED [ 97%]
tests/unit/ui/test_service_status_indicator_preparing_voice.py::TestPreparingVoiceLabel::test_tooltip_carries_full_message_even_if_label_truncated PASSED [ 97%]
tests/unit/utils/test_predownload_models.py::TestResolveModelIdsForTier::test_quality_tier_returns_three_1_7b_models PASSED [ 97%]
tests/unit/utils/test_predownload_models.py::TestResolveModelIdsForTier::test_small_tier_returns_two_0_6b_models_voicedesign_dropped PASSED [ 97%]
tests/unit/utils/test_predownload_models.py::TestResolveModelIdsForTier::test_tier_is_case_insensitive_and_strip_tolerant PASSED [ 97%]
tests/unit/utils/test_predownload_models.py::TestResolveModelIdsForTier::test_unknown_tier_raises PASSED [ 97%]
tests/unit/utils/test_predownload_models.py::TestParseArgv::test_returns_none_when_flag_absent PASSED [ 97%]
tests/unit/utils/test_predownload_models.py::TestParseArgv::test_returns_tier_when_flag_present PASSED [ 97%]
tests/unit/utils/test_predownload_models.py::TestParseArgv::test_raises_when_flag_present_but_tier_missing PASSED [ 97%]
tests/unit/utils/test_predownload_models.py::TestParseArgv::test_raises_when_tier_empty PASSED [ 97%]
tests/unit/utils/test_predownload_models.py::TestRunPredownload::test_returns_1_when_flag_missing PASSED [ 97%]
tests/unit/utils/test_predownload_models.py::TestRunPredownload::test_returns_1_when_tier_missing PASSED [ 97%]
tests/unit/utils/test_predownload_models.py::TestRunPredownload::test_returns_1_when_tier_unknown PASSED [ 97%]
tests/unit/utils/test_predownload_models.py::TestRunPredownload::test_quality_tier_downloads_three_models PASSED [ 97%]
tests/unit/utils/test_predownload_models.py::TestRunPredownload::test_small_tier_downloads_two_models PASSED [ 97%]
tests/unit/utils/test_predownload_models.py::TestRunPredownload::test_partial_failure_returns_2_and_continues_remaining PASSED [ 98%]
tests/unit/utils/test_predownload_models.py::TestRunPredownload::test_huggingface_hub_import_failure_returns_2 PASSED [ 98%]
tests/unit/utils/test_predownload_models.py::TestRunPredownload::test_progress_bars_are_disabled_before_snapshot_download PASSED [ 98%]
tests/utils/test_hardware_probe.py::TestThreshold::test_rtx_3060_12gb_returns_small PASSED [ 98%]
tests/utils/test_hardware_probe.py::TestThreshold::test_rtx_3070_8gb_returns_small PASSED [ 98%]
tests/utils/test_hardware_probe.py::TestThreshold::test_rtx_3080_10gb_returns_small PASSED [ 98%]
tests/utils/test_hardware_probe.py::TestThreshold::test_rtx_3090_24gb_returns_quality PASSED [ 98%]
tests/utils/test_hardware_probe.py::TestThreshold::test_rtx_4080_16gb_returns_quality PASSED [ 98%]
tests/utils/test_hardware_probe.py::TestThreshold::test_rtx_5090_32gb_returns_quality PASSED [ 98%]
tests/utils/test_hardware_probe.py::TestThreshold::test_just_below_threshold_returns_small PASSED [ 98%]
tests/utils/test_hardware_probe.py::TestThreshold::test_custom_threshold_overrides_default PASSED [ 98%]
tests/utils/test_hardware_probe.py::TestFailSafe::test_no_cuda_returns_quality PASSED [ 98%]
tests/utils/test_hardware_probe.py::TestFailSafe::test_cuda_query_exception_returns_quality PASSED [ 98%]
tests/utils/test_hardware_probe.py::TestFailSafe::test_cuda_is_available_exception_returns_quality PASSED [ 98%]
tests/utils/test_hardware_probe.py::TestFailSafe::test_torch_import_failure_returns_quality PASSED [ 98%]
tests/utils/test_portable_paths.py::TestGetAppRoot::test_development_mode_path_calculation PASSED [ 98%]
tests/utils/test_portable_paths.py::TestGetAppRoot::test_development_mode_not_frozen PASSED [ 98%]
tests/utils/test_portable_paths.py::TestGetAppRoot::test_frozen_mode_uses_executable_parent PASSED [ 98%]
tests/utils/test_portable_paths.py::TestGetAppRoot::test_app_root_is_absolute PASSED [ 98%]
tests/utils/test_portable_paths.py::TestGetAppRoot::test_app_root_is_resolved PASSED [ 98%]
tests/utils/test_portable_paths.py::TestGetVoiceFilesPath::test_returns_path_under_app_root PASSED [ 98%]
tests/utils/test_portable_paths.py::TestGetVoiceFilesPath::test_directory_is_created PASSED [ 98%]
tests/utils/test_portable_paths.py::TestGetVoiceFilesPath::test_directory_name_is_voice_files PASSED [ 98%]
tests/utils/test_portable_paths.py::TestGetConfigPath::test_returns_path_under_app_root PASSED [ 98%]
tests/utils/test_portable_paths.py::TestGetConfigPath::test_directory_name_is_config PASSED [ 98%]
tests/utils/test_portable_paths.py::TestIsPortableMode::test_development_is_not_portable PASSED [ 98%]
tests/utils/test_portable_paths.py::TestGetResourcePath::test_returns_path_for_relative_resource PASSED [ 98%]
tests/utils/test_session_manager.py::TestSessionManagerCreation::test_creates_session_directory_on_init PASSED [ 98%]
tests/utils/test_session_manager.py::TestSessionManagerCreation::test_session_directory_has_uuid_in_name FAILED [ 98%]
tests/utils/test_session_manager.py::TestSessionManagerCreation::test_session_directory_under_design_sessions PASSED [ 99%]
tests/utils/test_session_manager.py::TestSessionManagerCreation::test_session_id_property FAILED [ 99%]
tests/utils/test_session_manager.py::TestSessionManagerCreation::test_uses_voice_files_by_default PASSED [ 99%]
tests/utils/test_session_manager.py::TestSessionManagerCleanup::test_cleanup_removes_session_directory PASSED [ 99%]
tests/utils/test_session_manager.py::TestSessionManagerCleanup::test_cleanup_removes_all_files PASSED [ 99%]
tests/utils/test_session_manager.py::TestSessionManagerCleanup::test_cleanup_handles_nonexistent_directory PASSED [ 99%]
tests/utils/test_session_manager.py::TestSessionManagerCleanup::test_cleanup_handles_subdirectories PASSED [ 99%]
tests/utils/test_session_manager.py::TestSessionManagerCleanup::test_cleanup_leaves_parent_directory PASSED [ 99%]
tests/utils/test_session_manager.py::TestSessionManagerCleanup::test_is_cleaned_property PASSED [ 99%]
tests/utils/test_session_manager.py::TestSessionManagerMultipleSessions::test_multiple_sessions_have_unique_directories FAILED [ 99%]
tests/utils/test_session_manager.py::TestSessionManagerMultipleSessions::test_cleanup_one_session_preserves_others FAILED [ 99%]
tests/utils/test_session_manager.py::TestSessionManagerContextManager::test_works_as_context_manager PASSED [ 99%]
tests/utils/test_session_manager.py::TestSessionManagerContextManager::test_context_manager_cleans_up_on_exception PASSED [ 99%]
tests/utils/test_session_manager.py::TestSessionManagerFilePaths::test_get_variant_path PASSED [ 99%]
tests/utils/test_session_manager.py::TestSessionManagerFilePaths::test_get_variant_path_for_wav PASSED [ 99%]
tests/utils/test_session_manager.py::TestSessionManagerOrphanCleanup::test_cleanup_orphan_sessions_removes_old_sessions PASSED [ 99%]
tests/utils/test_session_manager.py::TestSessionManagerOrphanCleanup::test_cleanup_orphan_sessions_preserves_recent_sessions PASSED [ 99%]
tests/utils/test_session_manager.py::TestSessionManagerOrphanCleanup::test_cleanup_orphan_sessions_handles_mixed_ages PASSED [ 99%]
tests/utils/test_session_manager.py::TestSessionManagerOrphanCleanup::test_cleanup_orphan_sessions_handles_no_sessions_dir PASSED [ 99%]
tests/utils/test_session_manager.py::TestSessionManagerOrphanCleanup::test_cleanup_orphan_sessions_ignores_non_session_dirs PASSED [ 99%]
tests/utils/test_session_manager.py::TestSessionManagerOrphanCleanup::test_cleanup_orphan_sessions_custom_threshold PASSED [ 99%]
tests/utils/test_session_manager.py::TestSessionManagerOrphanCleanup::test_get_design_sessions_dir PASSED [ 99%]
tests/utils/test_session_manager.py::TestSessionManagerClearVariantFiles::test_clear_variant_files_deletes_variant_pt_files PASSED [ 99%]
tests/utils/test_session_manager.py::TestSessionManagerClearVariantFiles::test_clear_variant_files_deletes_variant_wav_files PASSED [ 99%]
tests/utils/test_session_manager.py::TestSessionManagerClearVariantFiles::test_clear_variant_files_preserves_session_directory PASSED [ 99%]
tests/utils/test_session_manager.py::TestSessionManagerClearVariantFiles::test_clear_variant_files_preserves_other_files PASSED [ 99%]
tests/utils/test_session_manager.py::TestSessionManagerClearVariantFiles::test_clear_variant_files_returns_count PASSED [ 99%]
tests/utils/test_session_manager.py::TestSessionManagerClearVariantFiles::test_clear_variant_files_handles_empty_directory PASSED [ 99%]
tests/utils/test_session_manager.py::TestSessionManagerClearVariantFiles::test_clear_variant_files_can_be_called_multiple_times PASSED [ 99%]
tests/utils/test_session_manager.py::TestSessionManagerClearVariantFiles::test_clear_variant_files_not_allowed_after_cleanup PASSED [100%]

=================================== ERRORS ====================================
_ ERROR at teardown of TestAudioFileManagement.test_set_audio_file_updates_duration _

>   ???

G:\MyVoicePublicInst\tests\unit\ui\dialogs\voice_design_studio\test_audio_player_widget.py:65: 
_ _ _ _ _ _ _ _ _ _ _ _ _ _ _ _ _ _ _ _ _ _ _ _ _ _ _ _ _ _ _ _ _ _ _ _ _ _ _ _

self = WindowsPath('C:/Users/AL301/AppData/Local/Temp/tmpxs4tu15p.wav')
missing_ok = False

>   ???
E   PermissionError: [WinError 32] The process cannot access the file because it is being used by another process: 'C:\\Users\\AL301\\AppData\\Local\\Temp\\tmpxs4tu15p.wav'

pathlib.py:1206: PermissionError
__ ERROR at teardown of TestAudioFileManagement.test_set_none_disables_play ___

>   ???

G:\MyVoicePublicInst\tests\unit\ui\dialogs\voice_design_studio\test_audio_player_widget.py:65: 
_ _ _ _ _ _ _ _ _ _ _ _ _ _ _ _ _ _ _ _ _ _ _ _ _ _ _ _ _ _ _ _ _ _ _ _ _ _ _ _

self = WindowsPath('C:/Users/AL301/AppData/Local/Temp/tmp0agwoxf9.wav')
missing_ok = False

>   ???
E   PermissionError: [WinError 32] The process cannot access the file because it is being used by another process: 'C:\\Users\\AL301\\AppData\\Local\\Temp\\tmp0agwoxf9.wav'

pathlib.py:1206: PermissionError
______ ERROR at teardown of TestAudioFileManagement.test_get_audio_path _______

>   ???

G:\MyVoicePublicInst\tests\unit\ui\dialogs\voice_design_studio\test_audio_player_widget.py:65: 
_ _ _ _ _ _ _ _ _ _ _ _ _ _ _ _ _ _ _ _ _ _ _ _ _ _ _ _ _ _ _ _ _ _ _ _ _ _ _ _

self = WindowsPath('C:/Users/AL301/AppData/Local/Temp/tmpgpu_j91l.wav')
missing_ok = False

>   ???
E   PermissionError: [WinError 32] The process cannot access the file because it is being used by another process: 'C:\\Users\\AL301\\AppData\\Local\\Temp\\tmpgpu_j91l.wav'

pathlib.py:1206: PermissionError
__________ ERROR at teardown of TestPlaybackState.test_get_duration ___________

>   ???

G:\MyVoicePublicInst\tests\unit\ui\dialogs\voice_design_studio\test_audio_player_widget.py:65: 
_ _ _ _ _ _ _ _ _ _ _ _ _ _ _ _ _ _ _ _ _ _ _ _ _ _ _ _ _ _ _ _ _ _ _ _ _ _ _ _

self = WindowsPath('C:/Users/AL301/AppData/Local/Temp/tmpx_tftnvk.wav')
missing_ok = False

>   ???
E   PermissionError: [WinError 32] The process cannot access the file because it is being used by another process: 'C:\\Users\\AL301\\AppData\\Local\\Temp\\tmpx_tftnvk.wav'

pathlib.py:1206: PermissionError
================================== FAILURES ===================================
_ TestEmotionPresetInstruct.test_emotion_preset_instructs_match_qwen_service __

self = <tests.integration.test_emotion_tts_integration.TestEmotionPresetInstruct object at 0x000002204F773B50>

>   ???
E   AssertionError: assert 'happy' in 'speak with bright, joyful enthusiasm and warmth, voice lifted with genuine delight, occasional light laughter in the breath, upbeat tempo with melodic rises expressing pure happiness'
E    +  where 'speak with bright, joyful enthusiasm and warmth, voice lifted with genuine delight, occasional light laughter in the breath, upbeat tempo with melodic rises expressing pure happiness' = <built-in method lower of str object at 0x0000022015BAA3D0>()
E    +    where <built-in method lower of str object at 0x0000022015BAA3D0> = 'Speak with bright, joyful enthusiasm and warmth, voice lifted with genuine delight, occasional light laughter in the breath, upbeat tempo with melodic rises expressing pure happiness'.lower
E    +      where 'Speak with bright, joyful enthusiasm and warmth, voice lifted with genuine delight, occasional light laughter in the breath, upbeat tempo with melodic rises expressing pure happiness' = <EmotionPreset.HAPPY: ('happy', '😄', 'Happy', 'F2', 'Speak with bright, joyful enthusiasm and warmth, voice lifted with genuine delight, occasional light laughter in the breath, upbeat tempo with melodic rises expressing pure happiness')>.instruct

G:\MyVoicePublicInst\tests\integration\test_emotion_tts_integration.py:126: AssertionError
_ TestQwenTTSServiceEmotionIntegration.test_qwen_service_emotions_have_instructs _

self = <tests.integration.test_emotion_tts_integration.TestQwenTTSServiceEmotionIntegration object at 0x000002204F790E50>

>   ???
E   AssertionError: assert 'happy' in 'speak happily and cheerfully'
E    +  where 'speak happily and cheerfully' = <built-in method lower of str object at 0x000002204555BA00>()
E    +    where <built-in method lower of str object at 0x000002204555BA00> = 'Speak happily and cheerfully'.lower

G:\MyVoicePublicInst\tests\integration\test_emotion_tts_integration.py:321: AssertionError
______________ TestMetadataVersioning.test_generate_v2_metadata _______________

self = <tests.integration.test_emotion_variants_workflow.TestMetadataVersioning object at 0x000002204F793CA0>
tmp_path = WindowsPath('C:/Users/AL301/AppData/Local/Temp/pytest-of-AL301/pytest-9516/test_generate_v2_metadata0')

>   ???
E   AssertionError: assert '3.0' == '2.0'
E     
E     - 2.0
E     + 3.0

G:\MyVoicePublicInst\tests\integration\test_emotion_variants_workflow.py:317: AssertionError
_____ TestAudioChunkPayloadStability.test_audio_chunk_field_set_unchanged _____

self = <tests.integration.test_session_lifecycle.TestAudioChunkPayloadStability object at 0x000002204F84B430>

    def test_audio_chunk_field_set_unchanged(self):
        """AC #7 — AudioChunk's field set must match the V2 baseline."""
        expected_fields = {
            "audio_data",
            "sample_rate",
            "chunk_index",
            "is_final",
            "text_segment",
        }
        actual_fields = {f.name for f in dataclasses.fields(AudioChunk)}
>       assert actual_fields == expected_fields, (
            f"AudioChunk field set drifted: extra={actual_fields - expected_fields}, "
            f"missing={expected_fields - actual_fields}"
        )
E       AssertionError: AudioChunk field set drifted: extra={'session_id'}, missing=set()
E       assert {'audio_data'...text_segment'} == {'audio_data'...text_segment'}
E         
E         Extra items in the left set:
E         'session_id'
E         
E         Full diff:
E           {
E               'audio_data',...
E         
E         ...Full output truncated (6 lines hidden), use '-vv' to show

tests\integration\test_session_lifecycle.py:801: AssertionError
____________ test_gui_session_reaches_device_and_is_not_published _____________

    @pytest.mark.asyncio
    async def test_gui_session_reaches_device_and_is_not_published():
        app = _make_app()
        app._audio_coordinator.start_streaming_session.return_value = {
            "monitor": "m",
            "virtual": "v",
        }
        sid = "gui-1"  # NOT registered as API-origin
        queue = app._stream_hub.subscribe(sid)
    
        await app._handle_progressive_chunk_async(
            _chunk(sid, chunk_index=0, is_final=False, size=10), epoch=None
        )
    
        # Gate not taken -> nothing published to the hub.
        assert queue.empty()
        # Device path reached.
>       app._audio_coordinator.start_streaming_session.assert_called_once()

tests\services\api_server\test_origin_gating.py:92: 
_ _ _ _ _ _ _ _ _ _ _ _ _ _ _ _ _ _ _ _ _ _ _ _ _ _ _ _ _ _ _ _ _ _ _ _ _ _ _ _

self = <AsyncMock name='mock.start_streaming_session' id='2338630514048'>

>   ???
E   AssertionError: Expected 'start_streaming_session' to have been called once. Called 0 times.

unittest\mock.py:908: AssertionError
------------------------------ Captured log call ------------------------------
WARNING  test_origin_gating:app.py:3252 Progressive playback session open raised; falling back to batch playback
Traceback (most recent call last):
  File "I:\MyVoiceV2\src\myvoice\app.py", line 3244, in _handle_progressive_chunk_async
    getattr(self, "_tts_service", None),
RuntimeError: super-class __init__() of type MyVoiceApp was never called
______________ TestVoiceTypeOptimized.test_optimized_sort_order _______________

self = <tests.services.test_optimized_voice.TestVoiceTypeOptimized object at 0x0000022050829CF0>

    def test_optimized_sort_order(self):
        """Test OPTIMIZED sort order is between DESIGNED and CLONED."""
        # Sort orders: BUNDLED=0, DESIGNED=1, OPTIMIZED=2, CLONED=3
>       assert VoiceType.OPTIMIZED.sort_order == 2
E       AssertionError: assert 3 == 2
E        +  where 3 = <VoiceType.OPTIMIZED: 'optimized'>.sort_order
E        +    where <VoiceType.OPTIMIZED: 'optimized'> = VoiceType.OPTIMIZED

tests\services\test_optimized_voice.py:55: AssertionError
_______ TestModelRegistryCheckpointLoading.test_checkpoint_path_tracked _______

self = <tests.services.test_optimized_voice.TestModelRegistryCheckpointLoading object at 0x000002205083C250>
mock_model_registry = <myvoice.services.model_registry.ModelRegistry object at 0x000002208177AD10>
tmp_path = WindowsPath('C:/Users/AL301/AppData/Local/Temp/pytest-of-AL301/pytest-9516/test_checkpoint_path_tracked0')

    @pytest.mark.asyncio
    async def test_checkpoint_path_tracked(self, mock_model_registry, tmp_path):
        """Test that current checkpoint path is tracked."""
        checkpoint_path = tmp_path / "my_checkpoint"
        checkpoint_path.mkdir()
    
        with patch.object(mock_model_registry, '_load_model', new_callable=AsyncMock) as mock_load:
            mock_load.return_value = (True, None)
    
            # Manually simulate what _load_model does
            async def fake_load(model_type, checkpoint_path=None):
                mock_model_registry._current_checkpoint_path = checkpoint_path
                mock_model_registry._current_model_type = model_type
                return (True, None)
    
            mock_load.side_effect = fake_load
    
>           await mock_model_registry.ensure_model_loaded(
                QwenModelType.CUSTOM_VOICE,
                checkpoint_path=str(checkpoint_path)
            )

tests\services\test_optimized_voice.py:280: 
_ _ _ _ _ _ _ _ _ _ _ _ _ _ _ _ _ _ _ _ _ _ _ _ _ _ _ _ _ _ _ _ _ _ _ _ _ _ _ _
src\myvoice\services\model_registry.py:368: in ensure_model_loaded
    return await self._load_model(model_type, checkpoint_path=checkpoint_path, tier_override=tier_override)
_ _ _ _ _ _ _ _ _ _ _ _ _ _ _ _ _ _ _ _ _ _ _ _ _ _ _ _ _ _ _ _ _ _ _ _ _ _ _ _

self = <AsyncMock name='_load_model' id='2338634311008'>
args = (<QwenModelType.CUSTOM_VOICE: 'Qwen/Qwen3-TTS-12Hz-1.7B-CustomVoice'>,)
kwargs = {'checkpoint_path': 'C:\\Users\\AL301\\AppData\\Local\\Temp\\pytest-of-AL301\\pytest-9516\\test_checkpoint_path_tracked0\\my_checkpoint', 'tier_override': None}
_call = call(<QwenModelType.CUSTOM_VOICE: 'Qwen/Qwen3-TTS-12Hz-1.7B-CustomVoice'>, checkpoint_path='C:\\Users\\AL301\\AppData\\Local\\Temp\\pytest-of-AL301\\pytest-9516\\test_checkpoint_path_tracked0\\my_checkpoint', tier_override=None)
effect = <function TestModelRegistryCheckpointLoading.test_checkpoint_path_tracked.<locals>.fake_load at 0x00000220814D6B00>

>   ???
E   TypeError: TestModelRegistryCheckpointLoading.test_checkpoint_path_tracked.<locals>.fake_load() got an unexpected keyword argument 'tier_override'

unittest\mock.py:2245: TypeError
_____________ TestVoiceProfileManagerInit.test_init_with_defaults _____________

self = <tests.services.test_voice_profile_manager.TestVoiceProfileManagerInit object at 0x000002205083E9E0>
temp_voice_dir = WindowsPath('C:/Users/AL301/AppData/Local/Temp/pytest-of-AL301/pytest-9516/test_init_with_defaults0/voice_files')
temp_cache_file = WindowsPath('C:/Users/AL301/AppData/Local/Temp/pytest-of-AL301/pytest-9516/test_init_with_defaults0/config/.voice_cache.json')

>   ???
E   assert 300.0 == 10.0
E    +  where 300.0 = VoiceProfileManager(name=VoiceProfileManager, status=stopped).max_duration

G:\MyVoicePublicInst\tests\services\test_voice_profile_manager.py:130: AssertionError
_______ TestAppSettingsTrayFields.test_minimize_to_tray_default_is_true _______

self = <tests.ui.test_system_tray_integration.TestAppSettingsTrayFields object at 0x0000022050C755A0>

    def test_minimize_to_tray_default_is_true(self):
        """Test minimize_to_tray defaults to True."""
        settings = AppSettings()
>       assert settings.minimize_to_tray == True
E       AssertionError: assert False == True
E        +  where False = AppSettings(selected_voice_profile='Sarira-F', voice_files_directory='voice_files', ui_theme='dark', log_level='INFO').minimize_to_tray

tests\ui\test_system_tray_integration.py:85: AssertionError
_____________ TestVoiceLibraryWidgetInit.test_clone_button_exists _____________

self = <tests.ui.test_voice_library_widget.TestVoiceLibraryWidgetInit object at 0x0000022050CE3CD0>
widget = <myvoice.ui.components.voice_library_widget.VoiceLibraryWidget object at 0x00000222A742D000>

>   ???
E   AttributeError: 'VoiceLibraryWidget' object has no attribute 'clone_button'. Did you mean: 'delete_button'?

G:\MyVoicePublicInst\tests\ui\test_voice_library_widget.py:116: AttributeError
___ TestVoiceLibraryWidgetSignals.test_clone_voice_requested_signal_exists ____

self = <tests.ui.test_voice_library_widget.TestVoiceLibraryWidgetSignals object at 0x0000022050D05840>
widget = <myvoice.ui.components.voice_library_widget.VoiceLibraryWidget object at 0x00000222A02679A0>

>   ???
E   AssertionError: assert False
E    +  where False = hasattr(<myvoice.ui.components.voice_library_widget.VoiceLibraryWidget object at 0x00000222A02679A0>, 'clone_voice_requested')

G:\MyVoicePublicInst\tests\ui\test_voice_library_widget.py:266: AssertionError
________ TestVoiceLibraryWidgetSignals.test_design_button_emits_signal ________

self = <tests.ui.test_voice_library_widget.TestVoiceLibraryWidgetSignals object at 0x0000022050D048B0>
widget = <myvoice.ui.components.voice_library_widget.VoiceLibraryWidget object at 0x00000222A02DBE20>

>   ???

G:\MyVoicePublicInst\tests\ui\test_voice_library_widget.py:279: 
_ _ _ _ _ _ _ _ _ _ _ _ _ _ _ _ _ _ _ _ _ _ _ _ _ _ _ _ _ _ _ _ _ _ _ _ _ _ _ _

self = <Mock id='2347858896512'>

>   ???
E   AssertionError: Expected 'mock' to have been called once. Called 0 times.

unittest\mock.py:908: AssertionError
________ TestVoiceLibraryWidgetSignals.test_clone_button_emits_signal _________

self = <tests.ui.test_voice_library_widget.TestVoiceLibraryWidgetSignals object at 0x0000022050D06860>
widget = <myvoice.ui.components.voice_library_widget.VoiceLibraryWidget object at 0x00000222A02DB880>

>   ???
E   AttributeError: 'VoiceLibraryWidget' object has no attribute 'clone_voice_requested'. Did you mean: 'design_voice_requested'?

G:\MyVoicePublicInst\tests\ui\test_voice_library_widget.py:284: AttributeError
______ TestTranscriptVisibility.test_transcript_visible_after_file_load _______

self = <tests.unit.ui.dialogs.voice_design_studio.test_sample_path_panel.TestTranscriptVisibility object at 0x00000220525252D0>
panel = <myvoice.ui.dialogs.voice_design_studio.sample_path_panel.SamplePathPanel object at 0x00000222AF3868C0>
tmp_path = WindowsPath('C:/Users/AL301/AppData/Local/Temp/pytest-of-AL301/pytest-9516/test_transcript_visible_after_0')

>   ???
E   assert False
E    +  where False = <built-in method isVisible of QGroupBox object at 0x00000222AF3865F0>()
E    +    where <built-in method isVisible of QGroupBox object at 0x00000222AF3865F0> = <PyQt6.QtWidgets.QGroupBox object at 0x00000222AF3865F0>.isVisible
E    +      where <PyQt6.QtWidgets.QGroupBox object at 0x00000222AF3865F0> = <myvoice.ui.dialogs.voice_design_studio.sample_path_panel.SamplePathPanel object at 0x00000222AF3868C0>.transcript_group

G:\MyVoicePublicInst\tests\unit\ui\dialogs\voice_design_studio\test_sample_path_panel.py:500: AssertionError
---------------------------- Captured Qt messages -----------------------------
QtWarningMsg: Could not open media. FFmpeg error description: Invalid data found when processing input
-------------------------- Captured stderr teardown ---------------------------
QWindowsWindow::setGeometry: Unable to set geometry 316x374+640+300 (frame: 332x413+632+269) on QWidgetWindow/"SamplePathPanelClassWindow" on "50S451". Resulting geometry: 316x462+640+300 (frame: 332x501+632+269) margins: 8, 31, 8, 8 minimum size: 316x374 MINMAXINFO(maxSize=POINT(x=0, y=0), maxpos=POINT(x=0, y=0), maxtrack=POINT(x=0, y=0), mintrack=POINT(x=332, y=413)))
---------------------------- Captured log teardown ----------------------------
ERROR    AudioPlayerWidget:audio_player_widget.py:293 Media player error: Error.FormatError - Could not open file
_________ TestTranscriptionState.test_set_transcribing_shows_progress _________

self = <tests.unit.ui.dialogs.voice_design_studio.test_sample_path_panel.TestTranscriptionState object at 0x0000022052546BC0>
panel = <myvoice.ui.dialogs.voice_design_studio.sample_path_panel.SamplePathPanel object at 0x00000222AF3848B0>
tmp_path = WindowsPath('C:/Users/AL301/AppData/Local/Temp/pytest-of-AL301/pytest-9516/test_set_transcribing_shows_pr0')

>   ???
E   assert False
E    +  where False = <built-in method isVisible of QProgressBar object at 0x00000222AF3F24D0>()
E    +    where <built-in method isVisible of QProgressBar object at 0x00000222AF3F24D0> = <PyQt6.QtWidgets.QProgressBar object at 0x00000222AF3F24D0>.isVisible
E    +      where <PyQt6.QtWidgets.QProgressBar object at 0x00000222AF3F24D0> = <myvoice.ui.dialogs.voice_design_studio.sample_path_panel.SamplePathPanel object at 0x00000222AF3848B0>.transcribe_progress

G:\MyVoicePublicInst\tests\unit\ui\dialogs\voice_design_studio\test_sample_path_panel.py:566: AssertionError
---------------------------- Captured Qt messages -----------------------------
QtWarningMsg: Could not open media. FFmpeg error description: Invalid data found when processing input
-------------------------- Captured stderr teardown ---------------------------
QWindowsWindow::setGeometry: Unable to set geometry 316x374+640+300 (frame: 332x413+632+269) on QWidgetWindow/"SamplePathPanelClassWindow" on "50S451". Resulting geometry: 316x462+640+300 (frame: 332x501+632+269) margins: 8, 31, 8, 8 minimum size: 316x374 MINMAXINFO(maxSize=POINT(x=0, y=0), maxpos=POINT(x=0, y=0), maxtrack=POINT(x=0, y=0), mintrack=POINT(x=332, y=413)))
---------------------------- Captured log teardown ----------------------------
ERROR    AudioPlayerWidget:audio_player_widget.py:293 Media player error: Error.FormatError - Could not open file
_______ TestTranscriptionError.test_set_transcription_error_shows_retry _______

self = <tests.unit.ui.dialogs.voice_design_studio.test_sample_path_panel.TestTranscriptionError object at 0x00000220525476A0>
panel = <myvoice.ui.dialogs.voice_design_studio.sample_path_panel.SamplePathPanel object at 0x00000222AF3F11B0>
tmp_path = WindowsPath('C:/Users/AL301/AppData/Local/Temp/pytest-of-AL301/pytest-9516/test_set_transcription_error_s0')

>   ???
E   assert False
E    +  where False = <built-in method isVisible of QPushButton object at 0x00000222AF3F0700>()
E    +    where <built-in method isVisible of QPushButton object at 0x00000222AF3F0700> = <PyQt6.QtWidgets.QPushButton object at 0x00000222AF3F0700>.isVisible
E    +      where <PyQt6.QtWidgets.QPushButton object at 0x00000222AF3F0700> = <myvoice.ui.dialogs.voice_design_studio.sample_path_panel.SamplePathPanel object at 0x00000222AF3F11B0>.transcribe_retry_button

G:\MyVoicePublicInst\tests\unit\ui\dialogs\voice_design_studio\test_sample_path_panel.py:638: AssertionError
---------------------------- Captured Qt messages -----------------------------
QtWarningMsg: Could not open media. FFmpeg error description: Invalid data found when processing input
------------------------------ Captured log call ------------------------------
ERROR    SamplePathPanel:sample_path_panel.py:1205 Transcription error: Connection failed
-------------------------- Captured stderr teardown ---------------------------
QWindowsWindow::setGeometry: Unable to set geometry 316x374+640+300 (frame: 332x413+632+269) on QWidgetWindow/"SamplePathPanelClassWindow" on "50S451". Resulting geometry: 316x462+640+300 (frame: 332x501+632+269) margins: 8, 31, 8, 8 minimum size: 316x374 MINMAXINFO(maxSize=POINT(x=0, y=0), maxpos=POINT(x=0, y=0), maxtrack=POINT(x=0, y=0), mintrack=POINT(x=332, y=413)))
---------------------------- Captured log teardown ----------------------------
ERROR    AudioPlayerWidget:audio_player_widget.py:293 Media player error: Error.FormatError - Could not open file
_________ TestExtractVisibility.test_extract_visible_after_file_load __________

self = <tests.unit.ui.dialogs.voice_design_studio.test_sample_path_panel.TestExtractVisibility object at 0x00000220525634C0>
panel = <myvoice.ui.dialogs.voice_design_studio.sample_path_panel.SamplePathPanel object at 0x00000222AF3F0D30>
tmp_path = WindowsPath('C:/Users/AL301/AppData/Local/Temp/pytest-of-AL301/pytest-9516/test_extract_visible_after_fil0')

>   ???
E   assert False
E    +  where False = <built-in method isVisible of QGroupBox object at 0x00000222AF226CB0>()
E    +    where <built-in method isVisible of QGroupBox object at 0x00000222AF226CB0> = <PyQt6.QtWidgets.QGroupBox object at 0x00000222AF226CB0>.isVisible
E    +      where <PyQt6.QtWidgets.QGroupBox object at 0x00000222AF226CB0> = <myvoice.ui.dialogs.voice_design_studio.sample_path_panel.SamplePathPanel object at 0x00000222AF3F0D30>.extract_group

G:\MyVoicePublicInst\tests\unit\ui\dialogs\voice_design_studio\test_sample_path_panel.py:808: AssertionError
---------------------------- Captured Qt messages -----------------------------
QtWarningMsg: Could not open media. FFmpeg error description: Invalid data found when processing input
-------------------------- Captured stderr teardown ---------------------------
QWindowsWindow::setGeometry: Unable to set geometry 316x374+640+300 (frame: 332x413+632+269) on QWidgetWindow/"SamplePathPanelClassWindow" on "50S451". Resulting geometry: 316x462+640+300 (frame: 332x501+632+269) margins: 8, 31, 8, 8 minimum size: 316x374 MINMAXINFO(maxSize=POINT(x=0, y=0), maxpos=POINT(x=0, y=0), maxtrack=POINT(x=0, y=0), mintrack=POINT(x=332, y=413)))
---------------------------- Captured log teardown ----------------------------
ERROR    AudioPlayerWidget:audio_player_widget.py:293 Media player error: Error.FormatError - Could not open file
___________ TestExtractionState.test_set_extracting_shows_progress ____________

self = <tests.unit.ui.dialogs.voice_design_studio.test_sample_path_panel.TestExtractionState object at 0x0000022052563DC0>
panel = <myvoice.ui.dialogs.voice_design_studio.sample_path_panel.SamplePathPanel object at 0x00000222AF224430>
tmp_path = WindowsPath('C:/Users/AL301/AppData/Local/Temp/pytest-of-AL301/pytest-9516/test_set_extracting_shows_prog0')

>   ???
E   assert False
E    +  where False = <built-in method isVisible of QProgressBar object at 0x00000222AF261750>()
E    +    where <built-in method isVisible of QProgressBar object at 0x00000222AF261750> = <PyQt6.QtWidgets.QProgressBar object at 0x00000222AF261750>.isVisible
E    +      where <PyQt6.QtWidgets.QProgressBar object at 0x00000222AF261750> = <myvoice.ui.dialogs.voice_design_studio.sample_path_panel.SamplePathPanel object at 0x00000222AF224430>.extract_progress

G:\MyVoicePublicInst\tests\unit\ui\dialogs\voice_design_studio\test_sample_path_panel.py:920: AssertionError
---------------------------- Captured Qt messages -----------------------------
QtWarningMsg: Could not open media. FFmpeg error description: Invalid data found when processing input
-------------------------- Captured stderr teardown ---------------------------
QWindowsWindow::setGeometry: Unable to set geometry 316x374+640+300 (frame: 332x413+632+269) on QWidgetWindow/"SamplePathPanelClassWindow" on "50S451". Resulting geometry: 316x462+640+300 (frame: 332x501+632+269) margins: 8, 31, 8, 8 minimum size: 316x374 MINMAXINFO(maxSize=POINT(x=0, y=0), maxpos=POINT(x=0, y=0), maxtrack=POINT(x=0, y=0), mintrack=POINT(x=332, y=413)))
---------------------------- Captured log teardown ----------------------------
ERROR    AudioPlayerWidget:audio_player_widget.py:293 Media player error: Error.FormatError - Could not open file
______ TestExtractionComplete.test_set_extraction_complete_shows_preview ______

self = <tests.unit.ui.dialogs.voice_design_studio.test_sample_path_panel.TestExtractionComplete object at 0x00000220525749A0>
panel = <myvoice.ui.dialogs.voice_design_studio.sample_path_panel.SamplePathPanel object at 0x00000222AF262C20>
tmp_path = WindowsPath('C:/Users/AL301/AppData/Local/Temp/pytest-of-AL301/pytest-9516/test_set_extraction_complete_s0')

>   ???
E   assert False
E    +  where False = <built-in method isVisible of QGroupBox object at 0x00000222AF226290>()
E    +    where <built-in method isVisible of QGroupBox object at 0x00000222AF226290> = <PyQt6.QtWidgets.QGroupBox object at 0x00000222AF226290>.isVisible
E    +      where <PyQt6.QtWidgets.QGroupBox object at 0x00000222AF226290> = <myvoice.ui.dialogs.voice_design_studio.sample_path_panel.SamplePathPanel object at 0x00000222AF262C20>.preview_audio_group

G:\MyVoicePublicInst\tests\unit\ui\dialogs\voice_design_studio\test_sample_path_panel.py:968: AssertionError
---------------------------- Captured Qt messages -----------------------------
QtWarningMsg: Could not open media. FFmpeg error description: Invalid data found when processing input
QtWarningMsg: Could not open media. FFmpeg error description: Invalid data found when processing input
-------------------------- Captured stderr teardown ---------------------------
QWindowsWindow::setGeometry: Unable to set geometry 316x522+640+300 (frame: 332x561+632+269) on QWidgetWindow/"SamplePathPanelClassWindow" on "50S451". Resulting geometry: 316x626+640+300 (frame: 332x665+632+269) margins: 8, 31, 8, 8 minimum size: 316x522 MINMAXINFO(maxSize=POINT(x=0, y=0), maxpos=POINT(x=0, y=0), maxtrack=POINT(x=0, y=0), mintrack=POINT(x=332, y=561)))
---------------------------- Captured log teardown ----------------------------
ERROR    AudioPlayerWidget:audio_player_widget.py:293 Media player error: Error.FormatError - Could not open file
ERROR    AudioPlayerWidget:audio_player_widget.py:293 Media player error: Error.FormatError - Could not open file
__________ TestExtractionError.test_set_extraction_error_shows_retry __________

self = <tests.unit.ui.dialogs.voice_design_studio.test_sample_path_panel.TestExtractionError object at 0x0000022052562F20>
panel = <myvoice.ui.dialogs.voice_design_studio.sample_path_panel.SamplePathPanel object at 0x00000222AF3849D0>
tmp_path = WindowsPath('C:/Users/AL301/AppData/Local/Temp/pytest-of-AL301/pytest-9516/test_set_extraction_error_show2')

>   ???
E   assert False
E    +  where False = <built-in method isVisible of QPushButton object at 0x00000222AF226DD0>()
E    +    where <built-in method isVisible of QPushButton object at 0x00000222AF226DD0> = <PyQt6.QtWidgets.QPushButton object at 0x00000222AF226DD0>.isVisible
E    +      where <PyQt6.QtWidgets.QPushButton object at 0x00000222AF226DD0> = <myvoice.ui.dialogs.voice_design_studio.sample_path_panel.SamplePathPanel object at 0x00000222AF3849D0>.extract_retry_button

G:\MyVoicePublicInst\tests\unit\ui\dialogs\voice_design_studio\test_sample_path_panel.py:1058: AssertionError
---------------------------- Captured Qt messages -----------------------------
QtWarningMsg: Could not open media. FFmpeg error description: Invalid data found when processing input
------------------------------ Captured log call ------------------------------
ERROR    SamplePathPanel:sample_path_panel.py:1394 Extraction error: Failed
-------------------------- Captured stderr teardown ---------------------------
QWindowsWindow::setGeometry: Unable to set geometry 316x374+640+300 (frame: 332x413+632+269) on QWidgetWindow/"SamplePathPanelClassWindow" on "50S451". Resulting geometry: 316x462+640+300 (frame: 332x501+632+269) margins: 8, 31, 8, 8 minimum size: 316x374 MINMAXINFO(maxSize=POINT(x=0, y=0), maxpos=POINT(x=0, y=0), maxtrack=POINT(x=0, y=0), mintrack=POINT(x=332, y=413)))
---------------------------- Captured log teardown ----------------------------
ERROR    AudioPlayerWidget:audio_player_widget.py:293 Media player error: Error.FormatError - Could not open file
_ TestTranscriptModifiedIndicator.test_modified_indicator_after_transcript_change _

self = <tests.unit.ui.dialogs.voice_design_studio.test_sample_path_panel.TestTranscriptModifiedIndicator object at 0x0000022052590670>
panel = <myvoice.ui.dialogs.voice_design_studio.sample_path_panel.SamplePathPanel object at 0x00000222AF2B9A20>
tmp_path = WindowsPath('C:/Users/AL301/AppData/Local/Temp/pytest-of-AL301/pytest-9516/test_modified_indicator_after_0')

>   ???
E   assert False
E    +  where False = <built-in method isVisible of QLabel object at 0x00000222AF2BAB90>()
E    +    where <built-in method isVisible of QLabel object at 0x00000222AF2BAB90> = <PyQt6.QtWidgets.QLabel object at 0x00000222AF2BAB90>.isVisible
E    +      where <PyQt6.QtWidgets.QLabel object at 0x00000222AF2BAB90> = <myvoice.ui.dialogs.voice_design_studio.sample_path_panel.SamplePathPanel object at 0x00000222AF2B9A20>.transcript_modified_label

G:\MyVoicePublicInst\tests\unit\ui\dialogs\voice_design_studio\test_sample_path_panel.py:1287: AssertionError
---------------------------- Captured Qt messages -----------------------------
QtWarningMsg: Could not open media. FFmpeg error description: Invalid data found when processing input
QtWarningMsg: Could not open media. FFmpeg error description: Invalid data found when processing input
-------------------------- Captured stderr teardown ---------------------------
QWindowsWindow::setGeometry: Unable to set geometry 316x560+640+300 (frame: 332x599+632+269) on QWidgetWindow/"SamplePathPanelClassWindow" on "50S451". Resulting geometry: 316x680+640+300 (frame: 332x719+632+269) margins: 8, 31, 8, 8 minimum size: 316x560 MINMAXINFO(maxSize=POINT(x=0, y=0), maxpos=POINT(x=0, y=0), maxtrack=POINT(x=0, y=0), mintrack=POINT(x=332, y=599)))
---------------------------- Captured log teardown ----------------------------
ERROR    AudioPlayerWidget:audio_player_widget.py:293 Media player error: Error.FormatError - Could not open file
ERROR    AudioPlayerWidget:audio_player_widget.py:293 Media player error: Error.FormatError - Could not open file
_ TestTranscriptModifiedIndicator.test_modified_indicator_hidden_after_re_extraction _

self = <tests.unit.ui.dialogs.voice_design_studio.test_sample_path_panel.TestTranscriptModifiedIndicator object at 0x0000022052590A30>
panel = <myvoice.ui.dialogs.voice_design_studio.sample_path_panel.SamplePathPanel object at 0x00000222AF2B9630>
tmp_path = WindowsPath('C:/Users/AL301/AppData/Local/Temp/pytest-of-AL301/pytest-9516/test_modified_indicator_hidden0')

>   ???
E   assert False
E    +  where False = <built-in method isVisible of QLabel object at 0x00000222AF2C9360>()
E    +    where <built-in method isVisible of QLabel object at 0x00000222AF2C9360> = <PyQt6.QtWidgets.QLabel object at 0x00000222AF2C9360>.isVisible
E    +      where <PyQt6.QtWidgets.QLabel object at 0x00000222AF2C9360> = <myvoice.ui.dialogs.voice_design_studio.sample_path_panel.SamplePathPanel object at 0x00000222AF2B9630>.transcript_modified_label

G:\MyVoicePublicInst\tests\unit\ui\dialogs\voice_design_studio\test_sample_path_panel.py:1304: AssertionError
---------------------------- Captured Qt messages -----------------------------
QtWarningMsg: Could not open media. FFmpeg error description: Invalid data found when processing input
QtWarningMsg: Could not open media. FFmpeg error description: Invalid data found when processing input
-------------------------- Captured stderr teardown ---------------------------
QWindowsWindow::setGeometry: Unable to set geometry 316x560+640+300 (frame: 332x599+632+269) on QWidgetWindow/"SamplePathPanelClassWindow" on "50S451". Resulting geometry: 316x680+640+300 (frame: 332x719+632+269) margins: 8, 31, 8, 8 minimum size: 316x560 MINMAXINFO(maxSize=POINT(x=0, y=0), maxpos=POINT(x=0, y=0), maxtrack=POINT(x=0, y=0), mintrack=POINT(x=332, y=599)))
---------------------------- Captured log teardown ----------------------------
ERROR    AudioPlayerWidget:audio_player_widget.py:293 Media player error: Error.FormatError - Could not open file
ERROR    AudioPlayerWidget:audio_player_widget.py:293 Media player error: Error.FormatError - Could not open file
_ TestTranscriptModifiedIndicator.test_modified_indicator_false_when_reverted _

self = <tests.unit.ui.dialogs.voice_design_studio.test_sample_path_panel.TestTranscriptModifiedIndicator object at 0x0000022052590DF0>
panel = <myvoice.ui.dialogs.voice_design_studio.sample_path_panel.SamplePathPanel object at 0x00000222AF2CA9E0>
tmp_path = WindowsPath('C:/Users/AL301/AppData/Local/Temp/pytest-of-AL301/pytest-9516/test_modified_indicator_false_0')

>   ???
E   assert False
E    +  where False = <built-in method isVisible of QLabel object at 0x00000222AF2D8280>()
E    +    where <built-in method isVisible of QLabel object at 0x00000222AF2D8280> = <PyQt6.QtWidgets.QLabel object at 0x00000222AF2D8280>.isVisible
E    +      where <PyQt6.QtWidgets.QLabel object at 0x00000222AF2D8280> = <myvoice.ui.dialogs.voice_design_studio.sample_path_panel.SamplePathPanel object at 0x00000222AF2CA9E0>.transcript_modified_label

G:\MyVoicePublicInst\tests\unit\ui\dialogs\voice_design_studio\test_sample_path_panel.py:1328: AssertionError
---------------------------- Captured Qt messages -----------------------------
QtWarningMsg: Could not open media. FFmpeg error description: Invalid data found when processing input
QtWarningMsg: Could not open media. FFmpeg error description: Invalid data found when processing input
-------------------------- Captured stderr teardown ---------------------------
QWindowsWindow::setGeometry: Unable to set geometry 316x560+640+300 (frame: 332x599+632+269) on QWidgetWindow/"SamplePathPanelClassWindow" on "50S451". Resulting geometry: 316x680+640+300 (frame: 332x719+632+269) margins: 8, 31, 8, 8 minimum size: 316x560 MINMAXINFO(maxSize=POINT(x=0, y=0), maxpos=POINT(x=0, y=0), maxtrack=POINT(x=0, y=0), mintrack=POINT(x=332, y=599)))
---------------------------- Captured log teardown ----------------------------
ERROR    AudioPlayerWidget:audio_player_widget.py:293 Media player error: Error.FormatError - Could not open file
ERROR    AudioPlayerWidget:audio_player_widget.py:293 Media player error: Error.FormatError - Could not open file
__________ TestReExtractionClear.test_clear_hides_modified_indicator __________

self = <tests.unit.ui.dialogs.voice_design_studio.test_sample_path_panel.TestReExtractionClear object at 0x0000022052591FC0>
panel = <myvoice.ui.dialogs.voice_design_studio.sample_path_panel.SamplePathPanel object at 0x00000222AF2C9120>
tmp_path = WindowsPath('C:/Users/AL301/AppData/Local/Temp/pytest-of-AL301/pytest-9516/test_clear_hides_modified_indi0')

>   ???
E   assert False
E    +  where False = <built-in method isVisible of QLabel object at 0x00000222AF2C83A0>()
E    +    where <built-in method isVisible of QLabel object at 0x00000222AF2C83A0> = <PyQt6.QtWidgets.QLabel object at 0x00000222AF2C83A0>.isVisible
E    +      where <PyQt6.QtWidgets.QLabel object at 0x00000222AF2C83A0> = <myvoice.ui.dialogs.voice_design_studio.sample_path_panel.SamplePathPanel object at 0x00000222AF2C9120>.transcript_modified_label

G:\MyVoicePublicInst\tests\unit\ui\dialogs\voice_design_studio\test_sample_path_panel.py:1520: AssertionError
---------------------------- Captured Qt messages -----------------------------
QtWarningMsg: Could not open media. FFmpeg error description: Invalid data found when processing input
QtWarningMsg: Could not open media. FFmpeg error description: Invalid data found when processing input
-------------------------- Captured stderr teardown ---------------------------
QWindowsWindow::setGeometry: Unable to set geometry 316x560+640+300 (frame: 332x599+632+269) on QWidgetWindow/"SamplePathPanelClassWindow" on "50S451". Resulting geometry: 316x680+640+300 (frame: 332x719+632+269) margins: 8, 31, 8, 8 minimum size: 316x560 MINMAXINFO(maxSize=POINT(x=0, y=0), maxpos=POINT(x=0, y=0), maxtrack=POINT(x=0, y=0), mintrack=POINT(x=332, y=599)))
---------------------------- Captured log teardown ----------------------------
ERROR    AudioPlayerWidget:audio_player_widget.py:293 Media player error: Error.FormatError - Could not open file
ERROR    AudioPlayerWidget:audio_player_widget.py:293 Media player error: Error.FormatError - Could not open file
_________________ TestVoiceDesignStudioTabs.test_has_two_tabs _________________

self = <tests.unit.ui.dialogs.voice_design_studio.test_voice_design_studio_dialog.TestVoiceDesignStudioTabs object at 0x00000220525BC160>
dialog = <myvoice.ui.dialogs.voice_design_studio.voice_design_studio_dialog.VoiceDesignStudioDialog object at 0x00000222B46AE3B0>

>   ???
E   assert 3 == 2
E    +  where 3 = <built-in method count of QTabWidget object at 0x00000222B46AE5F0>()
E    +    where <built-in method count of QTabWidget object at 0x00000222B46AE5F0> = <PyQt6.QtWidgets.QTabWidget object at 0x00000222B46AE5F0>.count
E    +      where <PyQt6.QtWidgets.QTabWidget object at 0x00000222B46AE5F0> = <myvoice.ui.dialogs.voice_design_studio.voice_design_studio_dialog.VoiceDesignStudioDialog object at 0x00000222B46AE3B0>.tab_widget

G:\MyVoicePublicInst\tests\unit\ui\dialogs\voice_design_studio\test_voice_design_studio_dialog.py:80: AssertionError
__________ TestVoiceDesignStudioTabs.test_second_tab_is_from_sample ___________

self = <tests.unit.ui.dialogs.voice_design_studio.test_voice_design_studio_dialog.TestVoiceDesignStudioTabs object at 0x00000220525BC880>
dialog = <myvoice.ui.dialogs.voice_design_studio.voice_design_studio_dialog.VoiceDesignStudioDialog object at 0x00000222B46DA320>

>   ???
E   AssertionError: assert 'Emotions' == 'From Sample'
E     
E     - From Sample
E     + Emotions

G:\MyVoicePublicInst\tests\unit\ui\dialogs\voice_design_studio\test_voice_design_studio_dialog.py:90: AssertionError
____________ TestVoiceDesignStudioButtons.test_save_button_exists _____________

self = <tests.unit.ui.dialogs.voice_design_studio.test_voice_design_studio_dialog.TestVoiceDesignStudioButtons object at 0x00000220525BCE50>
dialog = <myvoice.ui.dialogs.voice_design_studio.voice_design_studio_dialog.VoiceDesignStudioDialog object at 0x00000222AF30B7F0>

>   ???
E   AssertionError: assert False
E    +  where False = hasattr(<myvoice.ui.dialogs.voice_design_studio.voice_design_studio_dialog.VoiceDesignStudioDialog object at 0x00000222AF30B7F0>, 'save_button')

G:\MyVoicePublicInst\tests\unit\ui\dialogs\voice_design_studio\test_voice_design_studio_dialog.py:130: AssertionError
______ TestVoiceDesignStudioButtons.test_save_button_initially_disabled _______

self = <tests.unit.ui.dialogs.voice_design_studio.test_voice_design_studio_dialog.TestVoiceDesignStudioButtons object at 0x00000220525BD1E0>
dialog = <myvoice.ui.dialogs.voice_design_studio.voice_design_studio_dialog.VoiceDesignStudioDialog object at 0x00000222B4709750>

>   ???
E   AttributeError: 'VoiceDesignStudioDialog' object has no attribute 'save_button'. Did you mean: 'cancel_button'?

G:\MyVoicePublicInst\tests\unit\ui\dialogs\voice_design_studio\test_voice_design_studio_dialog.py:135: AttributeError
___ TestVoiceDesignStudioAccessibility.test_tab_widget_has_accessible_name ____

self = <tests.unit.ui.dialogs.voice_design_studio.test_voice_design_studio_dialog.TestVoiceDesignStudioAccessibility object at 0x00000220525BE4D0>
dialog = <myvoice.ui.dialogs.voice_design_studio.voice_design_studio_dialog.VoiceDesignStudioDialog object at 0x00000222B4747520>

>   ???
E   AssertionError: assert 'Voice creation workflow' == 'Voice creation method'
E     
E     - Voice creation method
E     + Voice creation workflow

G:\MyVoicePublicInst\tests\unit\ui\dialogs\voice_design_studio\test_voice_design_studio_dialog.py:172: AssertionError
___ TestVoiceDesignStudioAccessibility.test_save_button_has_accessible_name ___

self = <tests.unit.ui.dialogs.voice_design_studio.test_voice_design_studio_dialog.TestVoiceDesignStudioAccessibility object at 0x00000220525BEBF0>
dialog = <myvoice.ui.dialogs.voice_design_studio.voice_design_studio_dialog.VoiceDesignStudioDialog object at 0x00000222B46F3C70>

>   ???
E   AttributeError: 'VoiceDesignStudioDialog' object has no attribute 'save_button'. Did you mean: 'cancel_button'?

G:\MyVoicePublicInst\tests\unit\ui\dialogs\voice_design_studio\test_voice_design_studio_dialog.py:180: AttributeError
___________ TestSaveButtonState.test_save_button_initially_disabled ___________

self = <tests.unit.ui.dialogs.voice_design_studio.test_voice_design_studio_dialog.TestSaveButtonState object at 0x00000220525BE1A0>
dialog = <myvoice.ui.dialogs.voice_design_studio.voice_design_studio_dialog.VoiceDesignStudioDialog object at 0x00000222B4733130>

>   ???
E   AttributeError: 'VoiceDesignStudioDialog' object has no attribute 'save_button'. Did you mean: 'cancel_button'?

G:\MyVoicePublicInst\tests\unit\ui\dialogs\voice_design_studio\test_voice_design_studio_dialog.py:222: AttributeError
________ TestSaveButtonState.test_save_button_enabled_when_save_ready _________

self = <tests.unit.ui.dialogs.voice_design_studio.test_voice_design_studio_dialog.TestSaveButtonState object at 0x00000220525BDAE0>
dialog = <myvoice.ui.dialogs.voice_design_studio.voice_design_studio_dialog.VoiceDesignStudioDialog object at 0x00000222B468E950>

>   ???
E   AttributeError: 'VoiceDesignStudioDialog' object has no attribute 'save_button'. Did you mean: 'cancel_button'?

G:\MyVoicePublicInst\tests\unit\ui\dialogs\voice_design_studio\test_voice_design_studio_dialog.py:227: AttributeError
______ TestSaveButtonState.test_save_button_disabled_when_save_not_ready ______

self = <tests.unit.ui.dialogs.voice_design_studio.test_voice_design_studio_dialog.TestSaveButtonState object at 0x00000220525BD630>
dialog = <myvoice.ui.dialogs.voice_design_studio.voice_design_studio_dialog.VoiceDesignStudioDialog object at 0x00000222B46B3D90>

>   ???
E   AttributeError: 'VoiceDesignStudioDialog' object has no attribute 'save_button'. Did you mean: 'cancel_button'?

G:\MyVoicePublicInst\tests\unit\ui\dialogs\voice_design_studio\test_voice_design_studio_dialog.py:233: AttributeError
_______ TestSaveButtonState.test_tab_switch_disables_save_on_sample_tab _______

self = <tests.unit.ui.dialogs.voice_design_studio.test_voice_design_studio_dialog.TestSaveButtonState object at 0x00000220525BD0F0>
dialog = <myvoice.ui.dialogs.voice_design_studio.voice_design_studio_dialog.VoiceDesignStudioDialog object at 0x00000222B4702290>

>   ???
E   AttributeError: 'VoiceDesignStudioDialog' object has no attribute 'save_button'. Did you mean: 'cancel_button'?

G:\MyVoicePublicInst\tests\unit\ui\dialogs\voice_design_studio\test_voice_design_studio_dialog.py:239: AttributeError
_ TestSaveButtonState.test_tab_switch_restores_save_state_on_description_tab __

self = <tests.unit.ui.dialogs.voice_design_studio.test_voice_design_studio_dialog.TestSaveButtonState object at 0x00000220525BC9D0>
dialog = <myvoice.ui.dialogs.voice_design_studio.voice_design_studio_dialog.VoiceDesignStudioDialog object at 0x00000222B96A0AF0>
tmp_path = WindowsPath('C:/Users/AL301/AppData/Local/Temp/pytest-of-AL301/pytest-9516/test_tab_switch_restores_save_0')

>   ???
E   AttributeError: 'VoiceDesignStudioDialog' object has no attribute 'save_button'. Did you mean: 'cancel_button'?

G:\MyVoicePublicInst\tests\unit\ui\dialogs\voice_design_studio\test_voice_design_studio_dialog.py:254: AttributeError
---------------------------- Captured Qt messages -----------------------------
QtWarningMsg: Could not open media. FFmpeg error description: Invalid data found when processing input
---------------------------- Captured log teardown ----------------------------
ERROR    AudioPlayerWidget:audio_player_widget.py:293 Media player error: Error.FormatError - Could not open file
___________________ TestSampleTab.test_sample_panel_exists ____________________

self = <tests.unit.ui.dialogs.voice_design_studio.test_voice_design_studio_dialog.TestSampleTab object at 0x0000022052593FD0>
dialog = <myvoice.ui.dialogs.voice_design_studio.voice_design_studio_dialog.VoiceDesignStudioDialog object at 0x00000222B473DD80>

>   ???
E   AssertionError: assert False
E    +  where False = hasattr(<myvoice.ui.dialogs.voice_design_studio.voice_design_studio_dialog.VoiceDesignStudioDialog object at 0x00000222B473DD80>, 'sample_panel')

G:\MyVoicePublicInst\tests\unit\ui\dialogs\voice_design_studio\test_voice_design_studio_dialog.py:493: AssertionError
____________ TestSampleTab.test_sample_panel_is_sample_path_panel _____________

self = <tests.unit.ui.dialogs.voice_design_studio.test_voice_design_studio_dialog.TestSampleTab object at 0x00000220525D8880>
dialog = <myvoice.ui.dialogs.voice_design_studio.voice_design_studio_dialog.VoiceDesignStudioDialog object at 0x00000222B474D5A0>

>   ???
E   AttributeError: 'VoiceDesignStudioDialog' object has no attribute 'sample_panel'

G:\MyVoicePublicInst\tests\unit\ui\dialogs\voice_design_studio\test_voice_design_studio_dialog.py:499: AttributeError
_______________ TestSampleTab.test_sample_tab_has_browse_button _______________

self = <tests.unit.ui.dialogs.voice_design_studio.test_voice_design_studio_dialog.TestSampleTab object at 0x00000220525D8100>
dialog = <myvoice.ui.dialogs.voice_design_studio.voice_design_studio_dialog.VoiceDesignStudioDialog object at 0x00000222AF15B880>

>   ???
E   AttributeError: 'VoiceDesignStudioDialog' object has no attribute 'sample_panel'

G:\MyVoicePublicInst\tests\unit\ui\dialogs\voice_design_studio\test_voice_design_studio_dialog.py:503: AttributeError
_______ TestSampleTab.test_save_button_disabled_on_sample_tab_initially _______

self = <tests.unit.ui.dialogs.voice_design_studio.test_voice_design_studio_dialog.TestSampleTab object at 0x00000220525D9270>
dialog = <myvoice.ui.dialogs.voice_design_studio.voice_design_studio_dialog.VoiceDesignStudioDialog object at 0x00000222AF300040>

>   ???
E   AttributeError: 'VoiceDesignStudioDialog' object has no attribute 'save_button'. Did you mean: 'cancel_button'?

G:\MyVoicePublicInst\tests\unit\ui\dialogs\voice_design_studio\test_voice_design_studio_dialog.py:514: AttributeError
______ TestSampleTabSaveReady.test_save_button_enabled_when_sample_ready ______

self = <tests.unit.ui.dialogs.voice_design_studio.test_voice_design_studio_dialog.TestSampleTabSaveReady object at 0x00000220525D9810>
dialog = <myvoice.ui.dialogs.voice_design_studio.voice_design_studio_dialog.VoiceDesignStudioDialog object at 0x00000222B4694DC0>
tmp_path = WindowsPath('C:/Users/AL301/AppData/Local/Temp/pytest-of-AL301/pytest-9516/test_save_button_enabled_when_0')

>   ???
E   AttributeError: 'VoiceDesignStudioDialog' object has no attribute 'sample_panel'

G:\MyVoicePublicInst\tests\unit\ui\dialogs\voice_design_studio\test_voice_design_studio_dialog.py:535: AttributeError
_________ TestSampleTabSaveReady.test_tab_switch_updates_save_button __________

self = <tests.unit.ui.dialogs.voice_design_studio.test_voice_design_studio_dialog.TestSampleTabSaveReady object at 0x00000220525D9BD0>
dialog = <myvoice.ui.dialogs.voice_design_studio.voice_design_studio_dialog.VoiceDesignStudioDialog object at 0x00000222B4694CA0>
tmp_path = WindowsPath('C:/Users/AL301/AppData/Local/Temp/pytest-of-AL301/pytest-9516/test_tab_switch_updates_save_b0')

>   ???
E   AttributeError: 'VoiceDesignStudioDialog' object has no attribute 'sample_panel'

G:\MyVoicePublicInst\tests\unit\ui\dialogs\voice_design_studio\test_voice_design_studio_dialog.py:556: AttributeError
___________ TestSampleTabSignals.test_file_loaded_sets_unsaved_work ___________

self = <tests.unit.ui.dialogs.voice_design_studio.test_voice_design_studio_dialog.TestSampleTabSignals object at 0x00000220525DA020>
dialog = <myvoice.ui.dialogs.voice_design_studio.voice_design_studio_dialog.VoiceDesignStudioDialog object at 0x00000222B46D2290>
tmp_path = WindowsPath('C:/Users/AL301/AppData/Local/Temp/pytest-of-AL301/pytest-9516/test_file_loaded_sets_unsaved_0')

>   ???
E   AttributeError: 'VoiceDesignStudioDialog' object has no attribute 'sample_panel'

G:\MyVoicePublicInst\tests\unit\ui\dialogs\voice_design_studio\test_voice_design_studio_dialog.py:583: AttributeError
______________ TestSessionManagement.test_session_dir_is_unique _______________

self = <tests.unit.ui.dialogs.voice_design_studio.test_voice_design_studio_dialog.TestSessionManagement object at 0x00000220525BDB40>
qapp = <PyQt6.QtWidgets.QApplication object at 0x0000022081883400>

>   ???
E   AssertionError: assert WindowsPath('I:/MyVoiceV2/voice_files/design_sessions/current') != WindowsPath('I:/MyVoiceV2/voice_files/design_sessions/current')
E    +  where WindowsPath('I:/MyVoiceV2/voice_files/design_sessions/current') = <myvoice.ui.dialogs.voice_design_studio.voice_design_studio_dialog.VoiceDesignStudioDialog object at 0x00000222B474B9A0>.session_dir
E    +  and   WindowsPath('I:/MyVoiceV2/voice_files/design_sessions/current') = <myvoice.ui.dialogs.voice_design_studio.voice_design_studio_dialog.VoiceDesignStudioDialog object at 0x00000222AF22B9A0>.session_dir

G:\MyVoicePublicInst\tests\unit\ui\dialogs\voice_design_studio\test_voice_design_studio_dialog.py:613: AssertionError
_____ TestSessionManagerCreation.test_session_directory_has_uuid_in_name ______

self = <tests.utils.test_session_manager.TestSessionManagerCreation object at 0x000002205266BD60>
tmp_path = WindowsPath('C:/Users/AL301/AppData/Local/Temp/pytest-of-AL301/pytest-9516/test_session_directory_has_uui0')

>   ???
E   AssertionError: Should start with 'session_': current
E   assert False
E    +  where False = <built-in method startswith of str object at 0x0000022057F4AAB0>('session_')
E    +    where <built-in method startswith of str object at 0x0000022057F4AAB0> = 'current'.startswith

G:\MyVoicePublicInst\tests\utils\test_session_manager.py:39: AssertionError
_____________ TestSessionManagerCreation.test_session_id_property _____________

self = <tests.utils.test_session_manager.TestSessionManagerCreation object at 0x000002205266BA00>
tmp_path = WindowsPath('C:/Users/AL301/AppData/Local/Temp/pytest-of-AL301/pytest-9516/test_session_id_property0')

>   ???

G:\MyVoicePublicInst\tests\utils\test_session_manager.py:69: 
_ _ _ _ _ _ _ _ _ _ _ _ _ _ _ _ _ _ _ _ _ _ _ _ _ _ _ _ _ _ _ _ _ _ _ _ _ _ _ _

self = <[AttributeError("'UUID' object has no attribute 'int'") raised in repr()] UUID object at 0x222af34c200>
hex = 'current', bytes = None, bytes_le = None, fields = None, int = None
version = None

>   ???
E   ValueError: badly formed hexadecimal UUID string

uuid.py:177: ValueError

During handling of the above exception, another exception occurred:

self = <tests.utils.test_session_manager.TestSessionManagerCreation object at 0x000002205266BA00>
tmp_path = WindowsPath('C:/Users/AL301/AppData/Local/Temp/pytest-of-AL301/pytest-9516/test_session_id_property0')

>   ???
E   Failed: session_id should be valid UUID: current

G:\MyVoicePublicInst\tests\utils\test_session_manager.py:71: Failed
_ TestSessionManagerMultipleSessions.test_multiple_sessions_have_unique_directories _

self = <tests.utils.test_session_manager.TestSessionManagerMultipleSessions object at 0x0000022052699360>
tmp_path = WindowsPath('C:/Users/AL301/AppData/Local/Temp/pytest-of-AL301/pytest-9516/test_multiple_sessions_have_un0')

>   ???
E   AssertionError: Each session should have unique directory
E   assert WindowsPath('C:/Users/AL301/AppData/Local/Temp/pytest-of-AL301/pytest-9516/test_multiple_sessions_have_un0/design_sessions/current') != WindowsPath('C:/Users/AL301/AppData/Local/Temp/pytest-of-AL301/pytest-9516/test_multiple_sessions_have_un0/design_sessions/current')
E    +  where WindowsPath('C:/Users/AL301/AppData/Local/Temp/pytest-of-AL301/pytest-9516/test_multiple_sessions_have_un0/design_sessions/current') = SessionManager(session_id=current, cleaned=False).session_dir
E    +  and   WindowsPath('C:/Users/AL301/AppData/Local/Temp/pytest-of-AL301/pytest-9516/test_multiple_sessions_have_un0/design_sessions/current') = SessionManager(session_id=current, cleaned=False).session_dir

G:\MyVoicePublicInst\tests\utils\test_session_manager.py:195: AssertionError
_ TestSessionManagerMultipleSessions.test_cleanup_one_session_preserves_others _

self = <tests.utils.test_session_manager.TestSessionManagerMultipleSessions object at 0x0000022052699720>
tmp_path = WindowsPath('C:/Users/AL301/AppData/Local/Temp/pytest-of-AL301/pytest-9516/test_cleanup_one_session_prese0')

>   ???
E   AssertionError: Session 2 should be preserved
E   assert False
E    +  where False = exists()
E    +    where exists = WindowsPath('C:/Users/AL301/AppData/Local/Temp/pytest-of-AL301/pytest-9516/test_cleanup_one_session_prese0/design_sessions/current').exists
E    +      where WindowsPath('C:/Users/AL301/AppData/Local/Temp/pytest-of-AL301/pytest-9516/test_cleanup_one_session_prese0/design_sessions/current') = SessionManager(session_id=current, cleaned=False).session_dir

G:\MyVoicePublicInst\tests\utils\test_session_manager.py:218: AssertionError
=========================== short test summary info ===========================
FAILED tests/integration/test_emotion_tts_integration.py::TestEmotionPresetInstruct::test_emotion_preset_instructs_match_qwen_service
FAILED tests/integration/test_emotion_tts_integration.py::TestQwenTTSServiceEmotionIntegration::test_qwen_service_emotions_have_instructs
FAILED tests/integration/test_emotion_variants_workflow.py::TestMetadataVersioning::test_generate_v2_metadata
FAILED tests/integration/test_session_lifecycle.py::TestAudioChunkPayloadStability::test_audio_chunk_field_set_unchanged
FAILED tests/services/api_server/test_origin_gating.py::test_gui_session_reaches_device_and_is_not_published
FAILED tests/services/test_optimized_voice.py::TestVoiceTypeOptimized::test_optimized_sort_order
FAILED tests/services/test_optimized_voice.py::TestModelRegistryCheckpointLoading::test_checkpoint_path_tracked
FAILED tests/services/test_voice_profile_manager.py::TestVoiceProfileManagerInit::test_init_with_defaults
FAILED tests/ui/test_system_tray_integration.py::TestAppSettingsTrayFields::test_minimize_to_tray_default_is_true
FAILED tests/ui/test_voice_library_widget.py::TestVoiceLibraryWidgetInit::test_clone_button_exists
FAILED tests/ui/test_voice_library_widget.py::TestVoiceLibraryWidgetSignals::test_clone_voice_requested_signal_exists
FAILED tests/ui/test_voice_library_widget.py::TestVoiceLibraryWidgetSignals::test_design_button_emits_signal
FAILED tests/ui/test_voice_library_widget.py::TestVoiceLibraryWidgetSignals::test_clone_button_emits_signal
FAILED tests/unit/ui/dialogs/voice_design_studio/test_sample_path_panel.py::TestTranscriptVisibility::test_transcript_visible_after_file_load
FAILED tests/unit/ui/dialogs/voice_design_studio/test_sample_path_panel.py::TestTranscriptionState::test_set_transcribing_shows_progress
FAILED tests/unit/ui/dialogs/voice_design_studio/test_sample_path_panel.py::TestTranscriptionError::test_set_transcription_error_shows_retry
FAILED tests/unit/ui/dialogs/voice_design_studio/test_sample_path_panel.py::TestExtractVisibility::test_extract_visible_after_file_load
FAILED tests/unit/ui/dialogs/voice_design_studio/test_sample_path_panel.py::TestExtractionState::test_set_extracting_shows_progress
FAILED tests/unit/ui/dialogs/voice_design_studio/test_sample_path_panel.py::TestExtractionComplete::test_set_extraction_complete_shows_preview
FAILED tests/unit/ui/dialogs/voice_design_studio/test_sample_path_panel.py::TestExtractionError::test_set_extraction_error_shows_retry
FAILED tests/unit/ui/dialogs/voice_design_studio/test_sample_path_panel.py::TestTranscriptModifiedIndicator::test_modified_indicator_after_transcript_change
FAILED tests/unit/ui/dialogs/voice_design_studio/test_sample_path_panel.py::TestTranscriptModifiedIndicator::test_modified_indicator_hidden_after_re_extraction
FAILED tests/unit/ui/dialogs/voice_design_studio/test_sample_path_panel.py::TestTranscriptModifiedIndicator::test_modified_indicator_false_when_reverted
FAILED tests/unit/ui/dialogs/voice_design_studio/test_sample_path_panel.py::TestReExtractionClear::test_clear_hides_modified_indicator
FAILED tests/unit/ui/dialogs/voice_design_studio/test_voice_design_studio_dialog.py::TestVoiceDesignStudioTabs::test_has_two_tabs
FAILED tests/unit/ui/dialogs/voice_design_studio/test_voice_design_studio_dialog.py::TestVoiceDesignStudioTabs::test_second_tab_is_from_sample
FAILED tests/unit/ui/dialogs/voice_design_studio/test_voice_design_studio_dialog.py::TestVoiceDesignStudioButtons::test_save_button_exists
FAILED tests/unit/ui/dialogs/voice_design_studio/test_voice_design_studio_dialog.py::TestVoiceDesignStudioButtons::test_save_button_initially_disabled
FAILED tests/unit/ui/dialogs/voice_design_studio/test_voice_design_studio_dialog.py::TestVoiceDesignStudioAccessibility::test_tab_widget_has_accessible_name
FAILED tests/unit/ui/dialogs/voice_design_studio/test_voice_design_studio_dialog.py::TestVoiceDesignStudioAccessibility::test_save_button_has_accessible_name
FAILED tests/unit/ui/dialogs/voice_design_studio/test_voice_design_studio_dialog.py::TestSaveButtonState::test_save_button_initially_disabled
FAILED tests/unit/ui/dialogs/voice_design_studio/test_voice_design_studio_dialog.py::TestSaveButtonState::test_save_button_enabled_when_save_ready
FAILED tests/unit/ui/dialogs/voice_design_studio/test_voice_design_studio_dialog.py::TestSaveButtonState::test_save_button_disabled_when_save_not_ready
FAILED tests/unit/ui/dialogs/voice_design_studio/test_voice_design_studio_dialog.py::TestSaveButtonState::test_tab_switch_disables_save_on_sample_tab
FAILED tests/unit/ui/dialogs/voice_design_studio/test_voice_design_studio_dialog.py::TestSaveButtonState::test_tab_switch_restores_save_state_on_description_tab
FAILED tests/unit/ui/dialogs/voice_design_studio/test_voice_design_studio_dialog.py::TestSampleTab::test_sample_panel_exists
FAILED tests/unit/ui/dialogs/voice_design_studio/test_voice_design_studio_dialog.py::TestSampleTab::test_sample_panel_is_sample_path_panel
FAILED tests/unit/ui/dialogs/voice_design_studio/test_voice_design_studio_dialog.py::TestSampleTab::test_sample_tab_has_browse_button
FAILED tests/unit/ui/dialogs/voice_design_studio/test_voice_design_studio_dialog.py::TestSampleTab::test_save_button_disabled_on_sample_tab_initially
FAILED tests/unit/ui/dialogs/voice_design_studio/test_voice_design_studio_dialog.py::TestSampleTabSaveReady::test_save_button_enabled_when_sample_ready
FAILED tests/unit/ui/dialogs/voice_design_studio/test_voice_design_studio_dialog.py::TestSampleTabSaveReady::test_tab_switch_updates_save_button
FAILED tests/unit/ui/dialogs/voice_design_studio/test_voice_design_studio_dialog.py::TestSampleTabSignals::test_file_loaded_sets_unsaved_work
FAILED tests/unit/ui/dialogs/voice_design_studio/test_voice_design_studio_dialog.py::TestSessionManagement::test_session_dir_is_unique
FAILED tests/utils/test_session_manager.py::TestSessionManagerCreation::test_session_directory_has_uuid_in_name
FAILED tests/utils/test_session_manager.py::TestSessionManagerCreation::test_session_id_property
FAILED tests/utils/test_session_manager.py::TestSessionManagerMultipleSessions::test_multiple_sessions_have_unique_directories
FAILED tests/utils/test_session_manager.py::TestSessionManagerMultipleSessions::test_cleanup_one_session_preserves_others
ERROR tests/unit/ui/dialogs/voice_design_studio/test_audio_player_widget.py::TestAudioFileManagement::test_set_audio_file_updates_duration
ERROR tests/unit/ui/dialogs/voice_design_studio/test_audio_player_widget.py::TestAudioFileManagement::test_set_none_disables_play
ERROR tests/unit/ui/dialogs/voice_design_studio/test_audio_player_widget.py::TestAudioFileManagement::test_get_audio_path
ERROR tests/unit/ui/dialogs/voice_design_studio/test_audio_player_widget.py::TestPlaybackState::test_get_duration
===== 47 failed, 2896 passed, 27 deselected, 4 errors in 82.11s (0:01:22) =====
=== iteration 28 end 2026-09-14T13:18:57-06:00 rc=1 wall=86s ===
